1 1897      ok 923614587816537294754928361178259436539746128642381975287195643495863712361472859
2 4521      ok 937245681142689573856371924523418769689732145714956238468597312291863457375124896
3 1241      ok 874529613231678459965314278426895731759431826183267594598142367312786945647953182
4 456      ok 132754698864391572975268341316429785427586913589173264241637859658912437793845126
5 1535      ok 162397854853421697974685231749263518218549763635718429427136985591872346386954172
6 1261      ok 671429835923685741458713962217536498546198327389247156735961284192854673864372519
7 2268      ok 693574128584312697172869345459128763368497251721653984815936472236745819947281536
8 1116      ok 916432578873651942542789631327816495691543827458297316184975263235164789769328154
9 1152      ok 491238567325967841678154932156329784247685193839471256764592318912843675583716429
10 125      ok 164295783973648251852731946718569432346872195295413678637184529581927364429356817
11 1114      ok 154263798267981435938574126415629873893715264726348951342896517571432689689157342
12 149      ok 142568379857293461963471285271356948385942716694187523416735892529814637738629154
13 590      ok 839571642465283917271946835628397451314652798957814263543729186182465379796138524
14 979      ok 152678943863491725974532681216749358437285169589316274321857496645923817798164532
15 670      ok 831245769725689431946731528487963215193528647562417983374196852619852374258374196
16 542      ok 132485976847691532965723481213847695684359127759216348321574869498162753576938214
17 442      ok 128547639345869217679213548912486375784352196536791482891624753467935821253178964
18 354      ok 132648579857291364946753281321964758574182693689375142265419837418537926793826415
19 1379      ok 123549786964387251875261394257698413319425867486173925548936172692714538731852649
20 663      ok 125439786947586231863271945734692158512843679689715423271368594498157362356924817
21 1201      ok 536897142291465387847132956324789561659321478718654293973248615482516739165973824
22 478      ok 123457689456189273789326451241765938697832145835941762318274596572693814964518327
23 338      ok 172384965843695271956721384214538796635917428798462153321859647489176532567243819
24 383      ok 123476598857291463964358271371825649482963715596147382215684937639712854748539126
25 6925      ok 763814925428953671159672483891725364674381592235496718342169857586237149917548236
26 682      ok 841596372275384961936712548629431857357268194184975236763129485518643729492857613
27 203      ok 142536987857294631963871425315428796498167253726359148231645879589712364674983512
28 1446      ok 132758694964321587857496231623175948518943726749682315495217863276834159381569472
29 891      ok 123568749876249531954731682512673498648195273739482156281354967365917824497826315
30 5092      ok 132598674576342819894716325768925143423681957951473286317264598245839761689157432
31 1494      ok 279538164314769285685214973823491657561873492947625831732946518156382749498157326
32 780      ok 132548697865791324974362581513924768628175943749683152251436879387259416496817235
33 4240      ok 142793685857461392936582471783159264694327518521846739475938126219674853368215947
34 2348      ok 124597683835261479967348251241735968586129347793486125312854796459673812678912534
35 171      ok 132549678845762391976381254321854769587296413694137582213678945468925137759413826
36 316      ok 125386974837491562946725381254169837361874259798532146412653798579248613683917425
37 795      ok 123659784854723691976481532512846973638972145749135268261394857385267419497518326
38 1948      ok 184256397327914865956873241492631578613587429578429613761345982245198736839762154
39 161      ok 124538697875691324936274581512347968689152473743869215251486739367915842498723156
40 1259      ok 935781246867429531124653987749216358216835479358947162581362794673194825492578613
41 1578      ok 172698543543217698689345712824156379316879254795432861457983126231564987968721435
42 515      ok 123684795874529361965731482216453879398176254547298613431865927652947138789312546
43 510      ok 123684795865739421974521683216453879347198562598276314431862957652947138789315246
44 257      ok 132698574854731692967245381513472869648159723729386415271563948386914257495827136
45 3792      ok 142639785687452913935817426879126354524793861316584297468275139253941678791368542
46 3064      ok 152683794873491265964572381315764829426839157789125643231946578547218936698357412
47 258      ok 132574698874269351956381247241697835587143926693825714318752469465938172729416583
48 2817      ok 312945687946817352587362941739156428658423179124789563471538296865291734293674815
49 1071      ok 473612589628957431915834276142586397589371642367429815231745968856193724794268153
50 559      ok 132698574864752391975341268241937685693185742758264139316429857487513926529876413
51 1404      ok 126789354943561287857342961792415836618973425534628179285196743371854692469237518
52 932      ok 125478369846293571937651482261534897384769215579182634413827956692315748758946123
53 718      ok 498126753235874691617395482846539127751482369923761548174258936589613274362947815
54 708      ok 123759486874361592965284371216593847397846215458127963531478629642915738789632154
55 196      ok 124359678875264391936781542253147986489526713761893254312475869598612437647938125
56 6396      ok 152749386987356142346821957235698714614237895879514263428175639791463528563982471
57 1296      ok 123579486874632951956481237512794368638215749749863512261347895385926174497158623
58 957      ok 123584796874369521965721483216473859357298614489156237531642978692817345748935162
59 840      ok 316254978957831462248976315563197824489625731172483596631549287895712643724368159
60 1166      ok 564819237739542681182376954397281465641935872258467193423658719875194326916723548
61 127      ok 132475698867291453954368271271856349483927165596143782315684927628719534749532816
62 1526      ok 631257984527984361894163275178426539246395718953871642369518427485732196712649853
63 244      ok 123456789456789132789213546235978614874621953961534278342165897597842361618397425
64 1093      ok 124596873835724691976381542213647958648915327759832164361279485492158736587463219
65 2825      ok 789152364316479258452368917123845796674291835895736421531987642968524173247613589
66 636      ok 157463298846279351932581476574612839369758142218934567785326914691845723423197685
67 668      ok 123965487865347921947281356234516798571892634689473215312654879458729163796138542
68 739      ok 124689753835741962976235481512476839683912574749358126251864397368197245497523618
69 568      ok 132746598857291463964358271213489657645137982789625314371562849496813725528974136
70 511      ok 394712685576834219218596734185247396647953821923168547869425173751389462432671958
71 278      ok 124398567856472391937651248241583679685947132793126485312769854469815723578234916
72 404      ok 146298573852376491937451268264735189389124756571689342795812634423967815618543927
73 1707      ok 165294873738561294294837165972345618651789432483126759549672381316458927827913546
74 346      ok 125469378836571294947283651271834569583196742694752183318645927452917836769328415
75 1079      ok 124396587836527941975481326241653798653978412789214653312745869468139275597862134
76 121      ok 132947586854261937967385241413529768528673419679814352241736895385192674796458123
77 406      ok 123456789456798213789213564234675891671839425895124637348967152562341978917582346
78 172      ok 132758694847269531956341728513876942624913875789425163261537489378194256495682317
79 424      ok 132496785865721943974583621241367598596218374783945216317852469428639157659174832
80 658      ok 142638957865729341973541286251386479386497512794152638417263895528914763639875124
81 464      ok 513249867486735219729816345258364971694172583371598624842951736135687492967423158
82 401      ok 132495786846721953957386421213574698564819372798263514321657849479138265685942137
83 257      ok 142368597853479261976521384514296738639847152728135649261954873395782416487613925
84 350      ok 389764251716259483542318679864597132951832764237146895493681527128975346675423918
85 182      ok 132487695875691324964523871213958467658374912749216538321849756497165283586732149
86 821      ok 162948357937152864458763291679435182214896573385217946791524638826379415543681729
87 3775      ok 132498756854762391967531284513246978628973145749185632271354869385619427496827513
88 180      ok 132476598846359271957281463271935684394628157685714329418567932529843716763192845
89 516      ok 172954368893216745456837192627481953948573216531692874714325689269748531385169427
90 178      ok 156372498827491653943568271295817346674235189318649527469753812732184965581926734
91 3679      ok 861539724293874615457621983716248539324795168985316247649153872132987456578462391
92 928      ok 163542798852937146749186352927864531586713429314295867271359684438621975695478213
93 968      ok 961587324538249176274631958157498263389762541642315789796853412423176895815924637
94 1791      ok 796821435435976281812354796624583917389217654571649328953468172267195843148732569
95 287      ok 132497586847635921956821347213574698589163274674982135321746859468259713795318462
96 324      ok 125389467836274591947651283214563879578192346693748125359426718461837952782915634
97 1013      ok 875142396934657281216839475548916723791523648362784519459268137127395864683471952
98 1361      ok 691748235234951768578263419987432156126579384345186972869314527712895643453627891
99 779      ok 619352847458971236237684915921836574786415392543297681194528763862743159375169428
100 1681      ok 872159346493867152165234879921583467586471923347926518214798635738645291659312784
101 804      ok 123478695874596321965231784512743869649182537738965412256314978391857246487629153
102 225      ok 123649875847351296956782431512473968689215347734968152261534789378196524495827613
103 410      ok 123456789987321456456879312839162547241785693765943821572614938318597264694238175
104 280      ok 123694587875321946946875231312469758594738612768152394231546879459287163687913425
105 138      ok 152934687763821549984567321618493275375182496249756813521378964436219758897645132
106 833      ok 641279583258314976739865241382651497416792358597438612174926835925183764863547129
107 188      ok 132496785854237961976851234321549678487162593569378142293614857615783429748925316
108 346      ok 132856947875491326946327581368749215519682734427513869294178653681935472753264198
109 314      ok 123476598847259361965381472216738954359642817478915236531827649684193725792564183
110 280      ok 124387569578964132369125478946578321832491657715236984453712896697843215281659743
111 579      ok 132489576856273491974561832213756984548392617769814325321648759485927163697135248
112 7258      ok 413592876925678431867431952136254789294867315758319624389126547641785293572943168
113 478      ok 124379856836451297975682341512738469643915728789246135251863974367194582498527613
114 588      ok 124357986876291345935864271412573698658149723793628514241735869369482157587916432
115 2920      ok 972641385834572691156398724623485917518927436749136258397814562485269173261753849
116 169      ok 413658792987421356265973814136582947874169235592347168358294671749816523621735489
117 201      ok 123476589857291463964358271218564937346917825579832614431625798695783142782149356
118 1034      ok 123579486856423971947681325214837659639215847785946132361754298472198563598362714
119 598      ok 124359678837462591965781243241893756583627914796145382312574869458936127679218435
120 250      ok 581324697967851324342796518413985762879462135256137849795643281134278956628519473
121 902      ok 142365987873291456965874231216438579437519628589726314321647895698152743754983162
122 543      ok 152678943864391752973245681215763894497582136638914527321856479549127368786439215
123 421      ok 512498376498736512376512498965174283821963745743285961684329157257641839139857624
124 317      ok 123974685846531927957286431514628379639457218782319564261745893375892146498163752
125 336      ok 132598674854761293967432581513946728648275319729183465271359846396824157485617932
126 154      ok 142398765863751294975624831214836957397215648586947123421579386659183472738462519
127 352      ok 124369857835471296967528431213754968578916324649283175351642789496837512782195643
128 701      ok 481239675356781492972645318543817926769352841218964753825476139694123587137598264
129 1046      ok 147369258963285471825471396214758963579136824638924517382697145751842639496513782
130 18519      ok 915438267842976351376125984563294178721853496489617523697342815254781639138569742
131 286      ok 124356987836297451975841326213578694569124873748639512351482769492765138687913245
132 208      ok 132457689867291543945368271514723968623189754789546132251634897378915426496872315
133 589      ok 462815973971432685385697142729364851653128794814579236547281369238946517196753428
134 4342      ok 865491327974263581123758496419526873537849162286137954652914738348675219791382645
135 1373      ok 564719823723458916189362475932647158457891362816523749695184237271935684348276591
136 477      ok 146289735825374691937651482274193856618542379593768124781425963359816247462937518
137 1118      ok 413528796725946831896137245548671923172395684639284517261853479954712368387469152
138 149      ok 125369487847521936936478521214786359573294168689153742352617894491832675768945213
139 4943      ok 143792685952684317876351942735819264298463751461527893629175438584236179317948526
140 1532      ok 142387956876591432953624781231458697587169324694273518315742869428936175769815243
141 272      ok 125384967836791524947625381253149876681537249794862135312456798478913652569278413
142 327      ok 123457689456189327789362145218973456634825791975641238347518962561294873892736514
143 605      ok 152386794864579231973241856739412568528967143416853972241735689395628417687194325
144 300      ok 132649785874325961956781324513896247628417539749532816261953478385174692497268153
145 352      ok 124685793873249561965731482216473958357198246498562317531824679642917835789356124
146 803      ok 173689452952374681864251937247516893389427165516893274621738549798145326435962718
147 1657      ok 164397285932485671857261394389126547275849163641753928726514839418932756593678412
148 1834      ok 954871632862935147173426589485692713326517894791348256538264971647159328219783465
149 5102      ok 125976348369428517784351926253817694416293875897645132978532461631784259542169783
150 736      ok 124597368369428517587361924293815746416273895875946132958632471631784259742159683
151 385      ok 142397658873561294965248371321786549684935712759124836216453987438679125597812463
152 1100      ok 152734896974685231863921547345817629729563184618249375537198462281476953496352718
153 2080      ok 921736584354189627687425193132654879579318462846972351468293715793561248215847936
154 8196      ok 129576348376428519584391627293815764417263895865749132958632471731984256642157983
155 290      ok 124639785837251694956784321512463978643978152789125463261547839395816247478392516
156 499      ok 152376984863429751974581623215693478438712596796845132321954867547268319689137245
157 496      ok 152436897863971524974285361246318975381597246597642138415723689629854713738169452
158 692      ok 143658792872391654956742381514926837628473915739185426261834579395267148487519263
159 418      ok 123469587865732491974581623216357849357894216498126735531278964642915378789643152
160 291      ok 132769458875421693964358721396245187528137946417896532743512869651983274289674315
161 2034      ok 142397586863425971957861234314278695598613742726549318231754869475986123689132457
162 210      ok 123456789456798132789213546275849613691537428834162957318975264567324891942681375
163 238      ok 613957428742138569958246317376891254489562173521473986894715632235689741167324895
164 660      ok 168432975925781643473956182831529764249867351756314298614278539592643817387195426
165 434      ok 142398567863751294975642381514926738638175429729483615251834976387569142496217853
166 1877      ok 132749685854361792967582341513476829648925137729138564271693458385214976496857213
167 339      ok 123469587864572931975381426512793648638245719749816352251637894386924175497158263
168 1407      ok 142593678865741293937268451513472986624985137798136524256317849389624715471859362
169 728      ok 152743869987126543463598217579814326231967458648235791726481935814359672395672184
170 970      ok 142973586679158324538624971321765849765489132894231765256317498913842657487596213
171 1031      ok 172689453953421687864735921316847592297516348548392176435178269689253714721964835
172 2322      ok 978126453613594827254387196495861732827943561361752984536478219782619345149235678
173 12246      ok 962314857134587269578296413847962531651873942329145786285639174793451628416728395
174 1954      ok 167243598832659471954781263671498325543162987289537614496815732715326849328974156
175 403      ok 142398756853276941967541283618739425324815697579624318496157832285963174731482569
176 714      ok 142379586863451927975628431216584379437192658589736214321947865654813792798265143
177 754      ok 124985367875346291936271854342518679517629438689437512251764983468193725793852146
178 3643      ok 937281465145936287826547931318625794579413628264798513651879342782364159493152876
179 712      ok 832571694947368251165492378276839415481756923359124867594213786613987542728645139
180 783      ok 153762948647891235892354761486175392975423816321689574738246159514938627269517483
181 2118      ok 927158436453926781168374529736849215245713968819562374584231697692487153371695842
182 732      ok 132468597846579321957231684514382976698745132723196458261853749379624815485917263
183 374      ok 132479685857631942964285731213956874548317269679824153321568497485792316796143528
184 136      ok 123478596865291374974536281512763948638945712749182653256817439391654827487329165
185 527      ok 681473295573296814294185376718534962342869157956712438827951643469327581135648729
186 372      ok 123479658847561392965382471214657839396824517578913264431295786659748123782136945
187 1015      ok 124569783865371492973284651216753849397648125458192376531427968649815237782936514
188 302      ok 123476598847259361965381274251638947378942156496715832514863729632197485789524613
189 1306      ok 178462935924531768365897412239718654857643291416259387791325846683174529542986173
190 334      ok 132456897845927361967381425413862759529174638678539142251648973384795216796213584
191 237      ok 123659478865374291947281563271938645384765129596142837412593786638417952759826314
192 2030      ok 124695387876231495935748621512369748643827519789154236251486973367912854498573162
193 292      ok 134692857592178634687543921945237186368419275271865349426781593819354762753926418
194 554      ok 123468975857391624964275381216753849348619257579824136431586792682947513795132468
195 503      ok 142593786857624931963781245215376498378419562496852173524938617631247859789165324
196 1227      ok 124698573837251694965743281213574869476982315589136427341827956652319748798465132
197 971      ok 927351684431687295856492731178524963245963817369718542792136458514879326683245179
198 430      ok 154268739863579421972341685316425978427896153598137264231654897649783512785912346
199 1379      ok 914286753762539841835147296658971324179423685243658917321864579596712438487395162
200 2138      ok 153986427847321695926457831692173548375894162481265973769512384214638759538749216
201 2708      ok 381467925549213687762895413458639172916728354273541869634152798895376241127984536
202 229      ok 132487596857961234964235871413578629589642317726319458241756983375894162698123745
203 233      ok 285314769619278354374569281792651438451893627836427915127935846543786192968142573
204 560      ok 143758692867291534952346781518432967629175348734689215271863459385924176496517823
205 405      ok 132476589947258361865391472359684217416725893278913645794562138621837954583149726
206 526      ok 137498652954263718268517439426359187813672594579184326742835961685941273391726845
207 4712      ok 139648752758132964246795318461573289893426175527981436982357641674819523315264897
208 1384      ok 817935246359642718264187359723594861981276534645318927178423695436859172592761483
209 5414      ok 713429658489615327625783941197856234842937516356241789561374892274598163938162475
210 171      ok 142897356835261497967345821683152749274689513591734682419573268726418935358926174
211 4850      ok 135849672269357841748261359896524137412736598357198264574612983681973425923485716
212 183      ok 124379568837651294965482371216837945348925716579146823451293687693718452782564139
213 241      ok 125483976837596241946721583261379854583142769794865132312657498459238617678914325
214 537      ok 142653798867291345953478261314786529629145837785932416231567984476829153598314672
215 602      ok 135748629729635148684291537971582463356914782248376951413859276567123894892467315
216 1533      ok 184536729935287461627914835298745613473691258561823974746158392819372546352469187
217 487      ok 135689472827541963946237581318795246274863159569412837492356718651978324783124695
218 3763      ok 185427639936185274274639581497312856562874913318596427759261348623748195841953762
219 585      ok 153694872927185634486237951314569287768423519592718463245376198639841725871952346
220 11045      ok 976184532581326479423795861192578643865943127734261985349812756657439218218657394
221 365      ok 491763258265981743837524961354197682978236415126845379583472196712659834649318527
222 762      ok 143568297857291436962374851214637985578419623639825714321786549486953172795142368
223 270      ok 147683592826459371935271468361924857584367219279815643458792136712536984693148725
224 1693      ok 815264379293175486764398215586943127921587634437612958652839741379451862148726593
225 1027      ok 523648917976152348148793265285417639364985721791236854612874593839521476457369182
226 10602      ok 891473526763259841254816397537642918149385672682791453325164789418937265976528134
227 768      ok 943721865856394721172685394639412578284567139715839642467958213591273486328146957
228 701      ok 897215463324678951615493287241837695589162734736549812972381546168754329453926178
229 28451      ok 912857364856324179374691528287419635593276841461538792139782456625143987748965213
230 1785      ok 159723468786419235342586917238195746574638129961274583895341672423967851617852394
231 231      ok 124395687835476921976821354351748296482569713697132548213654879568917432749283165
232 155      ok 152368749864279351973451682215946837386127594497835126521684973638792415749513268
233 2074      ok 934126587258374916167589234716832459495761328382495671623918745849257163571643892
234 416      ok 142569387873421956956738421264385179381697245795142638417256893528913764639874512
235 588      ok 152634987863795421974821356216348795347952168589167234421583679635479812798216543
236 984      ok 152398647973641285864572931598714362247936158316285794725463819431829576689157423
237 2879      ok 169534278248197536753286914472368195391475862685921743817653429526749381934812657
238 6048      ok 164583279375219684892647153587164932926358741413792865649831527251476398738925416
239 260      ok 125468397836791524947523681213649758684157239759832146361284975472915863598376412
240 276      ok 123648795854791362967532481512376948648129573739485126271854639385967214496213857
241 192      ok 123589764864721395975643281216374958358192647497865123532416879681957432749238516
242 15074      ok 328176594495238761176459238682743159549621873713985642931562487864317925257894316
243 1187      ok 132596847867324591954781236241865379683179425795432168316257984429618753578943612
244 192      ok 152394786873526941964781532246837195397145268581962473415673829628419357739258614
245 360      ok 139768542546921783872354691251687439798243165463195278625879314387412956914536827
246 729      ok 473819625652473819891562374164287953935641287287395461328154796549726138716938542
247 179      ok 152347986864259371973681245315472698429816753786593124238764519597138462641925837
248 294      ok 132489675846375291957621843513942768624718539789536124261893457375164982498257316
249 500      ok 289715463531964872764832159312479586697358214458621937926187345143596728875243691
250 243      ok 123759684847261953965483721514372869638915247792648135251837496386194572479526318
251 2453      ok 847931526163425987952687341679812435518346279234759618321568794786294153495173862
252 165      ok 123457689456189327789326451291538764375694218864712935542961873617843592938275146
253 449      ok 738416925169725843452938671915842736324657189687193254241579368893264517576381492
254 1420      ok 713425698546879231892361574258793146967142385134658927689214753475936812321587469
255 592      ok 172539684863241795945786321417928536539167248286354917354612879691873452728495163
256 150      ok 123574698856291473947368251218756349579143826634829517362417985481935762795682134
257 346      ok 237941586489756231156382497793524618864179325521638749315497862642815973978263154
258 379      ok 471285936562379148398641275249537861687124593135896427813462759954713682726958314
259 451      ok 123569784865247391974381265217695843359428617486173529532814976691732458748956132
260 4409      ok 973261584145987236862345971589473612324618795617529348258794163496132857731856429
261 879      ok 681293547254867193973541286148732965539186472762459318395618724817324659426975831
262 339      ok 219865734456713892738924615864372159527149386391658427685491273943287561172536948
263 158      ok 123456987857391642946278531214635798638917425795824316361542879482769153579183264
264 539      ok 142638579863759241957421386314567892689142753725893164236975418471286935598314627
265 6693      ok 159874236237156948486329517791438625648295173325761489862917354514683792973542861
266 371      ok 134256897852749631967381542215837469349615278678924153421573986593168724786492315
267 575      ok 124359768865472391937681245351247689479863512682195473216738954543916827798524136
268 1812      ok 165289347278436519943715682586172934392564871417893256621357498839641725754928163
269 159      ok 132479658847561392956283471271934865368752149594816723413625987685197234729348516
270 381      ok 124356987836749521957281634512693478643872159789415263261937845398524716475168392
271 514      ok 162435897834796521957821634641258973385179462729364185578643219296517348413982756
272 704      ok 153679482862431975974285361219367548345918627786524193421756839597843216638192754
273 1654      ok 132569478846371592957284361214653987365897214789142635421736859573928146698415723
274 3124      ok 147658293923471568856392471471923685539864127682517349318249756295736814764185932
275 10784      ok 918735624435162987276984135321648579847359216569271348783526491154893762692417853
276 189      ok 152349687863572941974681235318725469625914378749863152231457896487196523596238714
277 300      ok 124569378836271594975483261241695783357824916689137452412756839563948127798312645
278 817      ok 178645239459372618632198574825739146746281395391456827283967451517824963964513782
279 503      ok 152493687964587321873621945286174593547239168391856274625348719439712856718965432
280 741      ok 367418259491352876258769143726591384819243765534687921143876592985124637672935418
281 251      ok 124579683865423791973681542216397458437856219589142376341768925652914837798235164
282 258      ok 123594687865721394974638521216479835489153762537862419341285976658917243792346158
283 430      ok 123748596854691372976235481512963748638574129749182653261459837395817264487326915
284 604      ok 145729386827653491936481527713965248584372619692148753478296135369514872251837964
285 1043      ok 178493625596728341243651987359142876821367459467589213614235798935874162782916534
286 2875      ok 319624857562871943478395162721439586985762314643158729254983671197546238836217495
287 242      ok 384512679259376481716948523928654317135789264647123958491865732863297145572431896
288 1898      ok 172465839984123765653798241749816352236957418518234697425681973861379524397542186
289 2169      ok 749582316365719428281643597196375842853294761472861953534127689918436275627958134
290 760      ok 157648392364219857829573641536194728792836415418725936985462173641357289273981564
291 591      ok 716839542358247169942651783491365278687912435523784916269178354874593621135426897
292 1332      ok 941856372386721594752943168893572641527164983614398725178239456265417839439685217
293 1365      ok 915872634276943581834615729521437968349586217687291345193728456768354192452169873
294 537      ok 182639475735214869694785312948563127527148693316927584469371258273856941851492736
295 184      ok 125439678836571492947628531213946785574812369698753124351287946462395817789164253
296 1150      ok 152743698873269451964581273241395867396874512785126934417652389528937146639418725
297 1045      ok 142569387857431926963728451215387649379642518486195732521973864698254173734816295
298 2363      ok 528147396193682754746593182231876549659431827487925613964718235872354961315269478
299 5915      ok 528769431461823795397415268236174589175986324849352617682597143953241876714638952
300 319      ok 123457689456189273789263451231678594675942138948531762312796845597814326864325917
301 357      ok 162457839943861275587329461615983742439172658728546193256738914371294586894615327
302 813      ok 136489275847521963952376481693214857285967134714835629321748596479652318568193742
303 1463      ok 163584792824739561975621483597346128236158974418297635652473819381965247749812356
304 332      ok 123689475845731962967425381519346728682957143734218659256173894378594216491862537
305 201      ok 123649785875321496964785231512463879638972154749158362251836947397514628486297513
306 551      ok 697538124235164789148792653524876391976315248381249576753481962419627835862953417
307 8110      ok 129478653536912478874365912983754126617283549452691387368147295245839761791526834
308 2654      ok 137645982864329571925781436619473825543892167782516349298137654451268793376954218
309 1451      ok 865742391143698572972351684718923465639485217524176839257869143481537926396214758
310 465      ok 137965428985243176462178539728539641619487253354612897546791382871324965293856714
311 1266      ok 924751683165389274873462591397124865456893127218675349732918456549236718681547932
312 16194      ok 912653847835174629764289135158367492276941358493528761689732514327415986541896273
313 698      ok 142396857863527491957841326321685974486719235579432168215964783634278519798153642
314 458      ok 785931624693425178241687953438152796579863241162749385814296537326578419957314862
315 961      ok 132479865847365291956281743513942678629738154784516932265193487378624519491857326
316 222      ok 142658379857293461963471285214389756378564192596127843425716938639842517781935624
317 2328      ok 349258176256719483817436259928561347135947862764382915592174638671823594483695721
318 371      ok 142379568867251394953684271231495687578163429694728153325817946486932715719546832
319 301      ok 123456789456789132789213645264375891875941326931862574317694258542138967698527413
320 1277      ok 925781364147639582836542791518394276693275418274168935362417859759826143481953627
321 1279      ok 781924653962583147354761892846219375135476289279835461698152734523647918417398526
322 967      ok 123684795875329641964571382216758439437196258598243176341865927652937814789412563
323 321      ok 132465897854729631976381245513846972628917453749532168265174389391658724487293516
324 367      ok 132568497846729531975341826251634978387195642469287153513476289628953714794812365
325 1941      ok 132458697857691342964723581513946278628175934749382156271534869396817425485269713
326 1177      ok 153648792926735481874291356732564918618972543549183267381457629467829135295316874
327 279      ok 124386795835497621976521843217835469358964172469172358542613987681759234793248516
328 381      ok 142678395857392461963451278271534689384169752596827134415783926639215847728946513
329 878      ok 514623789392785146876149352258374961931568427647912538463891275185237694729456813
330 490      ok 124379685873564291965281473216493857389657124457128369532716948648935712791842536
331 641      ok 123475689856391472947268351261534897389627145574189236412753968695842713738916524
332 528      ok 137926485964587231825341967241895673673412598589673142758164329396258714412739856
333 394      ok 132768495847591362965342871314259786528673914679814523251487639483926157796135248
334 602      ok 152764389873291546964358271216845793348972165597136428421589637639417852785623914
335 360      ok 124635987837249561965781324512496873643872159789513642251364798376928415498157236
336 163      ok 124579683857643921936281547213754896685932714749816352361495278498327165572168439
337 224      ok 125694387976381425843725961264857193759136248381249756437968512518472639692513874
338 859      ok 164358927825794631973261584587419362346582719219673458652847193798136245431925876
339 10281      ok 531247689246918735789563124697824513418635297325179846863792451154386972972451368
340 1407      ok 712645983439812756658739241397526814824173569165498372286951437573264198941387625
341 177      ok 132465987864927531957381246216543798349678125578192463421736859685219374793854612
342 703      ok 814569273657312849293487156349658712125734968786291435578123694961845327432976581
343 4748      ok 834756291162398574957241368328175649416932857579864132683427915791583426245619783
344 163      ok 132659478864271395957384261246713589391825647578946123419567832623198754785432916
345 619      ok 528416937713598426649237518471869352296345871835721649967153284154982763382674195
346 5081      ok 986425713514873962372196485153982674647351829298647351835719246429568137761234598
347 1038      ok 154963782632187954897254613721395468568471239943826175219738546485612397376549821
348 812      ok 132469587847521936956378421321694758468735192579812643213946875684257319795183264
349 7810      ok 895631274261487395437925168648312957723569481519748623984156732156273849372894516
350 506      ok 137462598456981732892357164543196287289743615671528943918274356765839421324615879
351 911      ok 167394582842651379953278461374819256296435718581726934718542693625983147439167825
352 3271      ok 178325694263497851945186723536241987812759346497638512329574168684913275751862439
353 694      ok 132586974845791362967423581271345896583962147694178253316854729459217638728639415
354 568      ok 175369284924581367863274591417653928259148736386792415692415873531827649748936152
355 1629      ok 173426985926851374845397621759632418684179532312548796298764153567213849431985267
356 218      ok 176584932394612758258973146921465873835127469647839215569748321413296587782351694
357 238      ok 132497856854326791967581324243159678591768243786234915315672489428913567679845132
358 948      ok 125674398837291564964358271241935687378126945596487123412763859653849712789512436
359 1308      ok 817425693926837514453916827695742138238651479741398256189263745372584961564179382
360 1666      ok 132745986975681432846329571613592847728436159594817263361958724489273615257164398
361 2085      ok 538416972294753168167289453625198347783524619419637285872961534356842791941375826
362 1441      ok 142573986853649271976281435514392867629718543738465129261857394397124658485936712
363 1621      ok 961487532834625197752391846216749358589163724473258961695874213148532679327916485
364 5390      ok 917523684582496173463718592854679321629351847371284956145962738296837415738145269
365 3616      ok 147528639935674812682139457316785294598462371274913586869341725753296148421857963
366 1982      ok 928451736567293148431867592384572619759136824216948375895714263672389451143625987
367 648      ok 142387596873695421956421873214873659635219748798546312321758964467932185589164237
368 777      ok 841765293265389471793421568632948715587216934419573826376852149128694357954137682
369 1969      ok 453281796291657843867439521625398417389174265174562938518943672936725184742816359
370 2834      ok 695283147174695238283741659961854723352917486847362915726438591418579362539126874
371 361      ok 123479586874562391965381724217635948489127635536948217341256879698713452752894163
372 634      ok 132785694846291573957463281328174965461529837795638412213846759584917326679352148
373 3885      ok 451978263732651984968423571583712496627894135149365827315287649876149352294536718
374 1311      ok 142573698865291473937468251216845739384927516579136824421659387693782145758314962
375 209      ok 132597486864321975975864231321749658458632197796158342213475869549286713687913524
376 846      ok 132758694847629351956341287513476928689132475724895136261583749375914862498267513
377 881      ok 132547698847369251956281473421678539583924167769153824214735986395816742678492315
378 1698      ok 856291473947358261132647598615824739794135682283769145421986357579413826368572914
379 1118      ok 954381267873652941162479583596724138218563794347918652689147325725836419431295876
380 1838      ok 964581732853724691127369845378612954245937168619845273591273486436198527782456319
381 1797      ok 186547239275839164943612587421986375637125948598473621359768412764291853812354796
382 397      ok 123479568847652391965381274214738956379516482586924713431895627652147839798263145
383 180      ok 123679485865324791974581362216743859439856127587192634341265978658917243792438516
384 222      ok 236814597817935624945267138658479213372681945194352786529748361461523879783196452
385 749      ok 142738596857469231936251847421597683385126479679843125794685312263914758518372964
386 1084      ok 812497365467853912593126874629341587758962143134578629376289451985714236241635798
387 2255      ok 269314785548769231731852649126437958895621473374985126457193862983246517612578394
388 1536      ok 145397826876421593923685471734256918651849732298713654412978365389562147567134289
389 4153      ok 124597863937648215856231749513786492482913657769425138698374521341852976275169384
390 585      ok 153427896867395241942861357619738425234156789578942163721589634485613972396274518
391 14210      ok 681243597573896412429715638264937185318562974957481326796124853832659741145378269
392 130      ok 125764983847239651936581427213657849659843172784912365361425798472198536598376214
393 641      ok 125789346964532781837641925742915863513468279689273154356897412498126537271354698
394 1847      ok 126375498837469251954281376261538749398647125475912683512793864689124537743856912
395 3532      ok 162857493534129678789643521475312986913586742628794135356478219241935867897261354
396 220      ok 123456789649837251857291634274518963398672415561943827416725398985364172732189546
397 577      ok 142658793853792641976341285514923867628475319739186452261534978395867124487219536
398 1561      ok 123479568847652391956381274261547983394128756578963412412796835689235147735814629
399 309      ok 137859264465721389892463715541632897723985641986174523654297138279318456318546972
400 1673      ok 971482653682593417354617982593826741246179835718354269839745126167238594425961378
401 2920      ok 361475982497281563852693417785914236629358741134762859273846195918537624546129378
402 5048      ok 361457982497218563852693417785941236629385741134726859273864195918532674546179328
403 2063      ok 914675382652438179837921456289356741371842695546197238498263517165784923723519864
404 1307      ok 935271486827654391146389752678543129594162873213798645389426517762815934451937268
405 2609      ok 635741892479852613128963574284376159597184326361295487943517268752638941816429735
406 387      ok 125378694349625781687194325472936158518247936936851247863512479791483562254769813
407 1082      ok 918532764427816953653974812895361427276498531341257689782643195534189276169725348
408 3049      ok 162785943853496721974321685387259164546137892291864357728643519439518276615972438
409 567      ok 952184367634297185781356492475832619869571234213649578196428753328765941547913826
410 10429      ok 198342657465187293327695814642751389539428761871963542953216478216874935784539126
411 170      ok 127486593843759621956321874239815467715264938684937152371598246498672315562143789
412 1463      ok 142379586856421937973658421231584679684792315795136248317265894468913752529847163
413 1166      ok 567218943293746518148359726384675192916482357752193864631927485475861239829534671
414 284      ok 126749385845631792937582641214365978693178254758294136361457829479826513582913467
415 562      ok 152749386864532971973681245316254897427968153598317462235496718641873529789125634
416 2608      ok 967581342842397561135624987674159823513268794289473156756832419498716235321945678
417 1841      ok 936541278824397651157268394513689742279134586468725913385476129742913865691852437
418 611      ok 694125837532768419781394625378956142125847963469231578246583791813479256957612384
419 929      ok 897416532635872491421395867259164378174583629368729145516237984783941256942658713
420 1346      ok 142386597853791246976524831215837964639245178784169352327458619468913725591672483
421 356      ok 123785496856491273974362581215673849638249157749158362367514928481926735592837614
422 373      ok 237516489814297563695348271379125846158964327426783915543672198781459632962831754
423 1428      ok 913285764426379815785146923532968471871432659649751238258693147364817592197524386
424 1579      ok 947265381852391674136487592619842753524673918378159426485926137763518249291734865
425 265      ok 123578496865439271974261385216793548439815762587642139341926857652387914798154623
426 1985      ok 142786953857391642963425781231567498584239176796148325315874269429653817678912534
427 1394      ok 947351286825967431163284975271648359539712648486539712614823597758496123392175864
428 3040      ok 693425871715896432428317659246938517531674298987251346854769123172583964369142785
429 171      ok 132748695856392471974561283513684927628973514749125836261439758387256149495817362
430 11106      ok 931572846825614379746938125563729418478163952192485637684357291259841763317296584
431 421      ok 132486597874591326965723841241367958586914732793258614317645289459872163628139475
432 266      ok 123645987847931526965287431214576398379418265586392174431769852658123749792854613
433 577      ok 124378596937265481856491327482739615763152849519846732295683174648917253371524968
434 451      ok 137284695842596371965371284251437968386915427479628153513762849694853712728149536
435 1793      ok 132647598865291473974358261213475689596182734748936125321569847457823916689714352
436 425      ok 391482567286175943754639812167524389928713654435968721573841296619257438842396175
437 1392      ok 132649578864751293975382461316574829428963157759128346241896735593217684687435912
438 33006      ok 518926734964357281273148659852471396697235148341869527486512973729683415135794862
439 4005      ok 621487593534192678978356241857269134492531867163874925389725416245613789716948352
440 901      ok 715496382286753149439218675354971826897625413621384597943867251562149738178532964
441 875      ok 217653849849721365635894712921568473568347291473219586396475128154982637782136954
442 345      ok 345961872618472953972853614836197245594236781721584369487319526153628497269745138
443 1690      ok 164379582975248631823651479537182946649537128218964357751893264496725813382416795
444 304      ok 123487956845691327967325481231568794584973612679214835312749568456832179798156243
445 473      ok 134695782865327941972481563213874659658219374749536128321758496487963215596142837
446 813      ok 231576498576984213489123567892715346164832759357469821613247985725698134948351672
447 8546      ok 647321598895467312213589476536712984978634125421958763164893257382175649759246831
448 1603      ok 532718694948653127716249583123984765685372419479561832364827951891435276257196348
449 281      ok 123684597865379241974521386216748935497253168538196724341965872652837419789412653
450 1262      ok 741238596856974231392651784487516923619823457235497618123745869578369142964182375
451 1024      ok 152396784863547921974821635215478396348659172796132548421763859587914263639285417
452 774      ok 172345896489276153635198247921763485543812769768954312317589624256431978894627531
453 691      ok 154897623867423951239651478471389562598264137326175894685712349942538716713946285
454 1895      ok 489352671376918542215746839193587264748621953562493187621874395857139426934265718
455 267      ok 316297845452168793978345126285936471137452968694781352763829514821574639549613287
456 2271      ok 387164925952738641146259783261873459439512867578946312624391578713485296895627134
457 1861      ok 194867253862354179375921486456713892731289564289546731923175648548632917617498325
458 663      ok 134562987862791435975348621213854796487916253596273148321487569649135872758629314
459 300      ok 568713492491258736273946851135479628624385179789621543952864317316597284847132965
460 2240      ok 146275398872391564953468271214856739369742185785139426421683957538917642697524813
461 3449      ok 865721934134986257972345681689517423721834596543269178457698312296173845318452769
462 797      ok 164592738892473156735861492653217984971684325248359617427938561386145279519726843
463 1261      ok 174986325835724691962531847589347216613259784427618953741893562358462179296175438
464 1177      ok 751984236639152487842637159193265748268471593475398621516849372924713865387526914
465 676      ok 481793562269415738357628419845372691196854327732961854513247986678139245924586173
466 1523      ok 192486753587392146364157892679825431815943627243671589751238964938764215426519378
467 792      ok 156394287843271965972856431389125746624739158715468392491587623537642819268913574
468 1792      ok 867431592923785461154629783612573948549168327738942156395216874271854639486397215
469 141      ok 132586947864791235975423681241675398659318724783249156316852479428967513597134862
470 119      ok 123598674854763291967241358312456987596187423748329516231675849479832165685914732
471 2255      ok 853721496974685231126934857739248615685319724412576983267853149348197562591462378
472 3826      ok 814326795952174386367985241173492658425863917698517432731648529586239174249751863
473 1967      ok 615934728983712645742685193239471586451368972867259314374896251198523467526147839
474 470      ok 156392487873641295942758631718426359529183746634975128495267813261839574387514962
475 917      ok 132485976857396241964721385213864759645937128789512463321648597476159832598273614
476 51950      ok 819437652436285179527169843643891725182753964795642381958326417261974538374518296
477 5197      ok 486123597139578462725694318263817945891456723574239681347981256612745839958362174
478 2507      ok 142378695876591342953426781514762938628943517739185264261837459395214876487659123
479 436      ok 123947685847356921965281347214739568398465712576812439431578296652193874789624153
480 385      ok 385147296794526813126893457537981642412365978968274135671438529859712364243659781
481 41229      ok 819567243245139786673824159396481527524376891187952364968213475751648932432795618
482 1203      ok 152738946864291375973645281216357498348912567597486123421863759639574812785129634
483 470      ok 319427586852963147674158932947836215265741893138592674726319458593684721481275369
484 1731      ok 768419325195327864432658971327864519541792638986135247274983156659241783813576492
485 978      ok 751429638483167592692385417376248159815976324924531786567893241239714865148652973
486 513      ok 134568792862791543975342681513924876628175934749683215251837469386459127497216358
487 6882      ok 142895763358672941769134285614587392837429516925361478473218659291756834586943127
488 210      ok 123485796865729341974631582296147835418356927537298614349562178681974253752813469
489 1007      ok 142369578863751492975428361314692785528147936796835124231576849459283617687914253
490 323      ok 321945867657218394948736215839672541275184639164593782493857126586421973712369458
491 553      ok 315427968842695137679381425537214689281976543496538271764153892128769354953842716
492 1701      ok 219384675435796182678251349357642918946518237821937456162873594583429761794165823
493 1509      ok 153268497947351826862749531485127369796534218321896745214975683539682174678413952
494 250      ok 123584796865739241974621583216473859397258164548196327431862975652917438789345612
495 226      ok 319847526576392814248615379954738261867921453123564987481273695795486132632159748
496 791      ok 152639487873541926964728351215873649396154278487962513521386794648297135739415862
497 579      ok 351894672749621583862375941286953714917486325435217896598132467623749158174568239
498 190      ok 136825947857491326942367581513274698289516734674983215768139452325748169491652873
499 401      ok 142658397875392461963741285514976832629183754738425916251834679396217548487569123
500 394      ok 134597682865324971972681543243875196651439827789216435316748259497152368528963714
501 480      ok 167394285829675143435182679543726891716839524982451736658947312391268457274513968
502 824      ok 324791865968524731751368429685172943479653218132489657243817596597236184816945372
503 747      ok 314596782762384159985217364128479536643158927597623841851742693239861475476935218
504 219      ok 384957216925186437716342958163729584258461793479538621847215369591673842632894175
505 295      ok 159236478342789156786415923274593861913862745568174392825941637691357284437628519
506 827      ok 143258796862791453957463281514976832639182547728345619271534968385629174496817325
507 1041      ok 124573698865291374937468251241735869379826145586914723412357986698142537753689412
508 795      ok 125749836873562491964381752396425178418937265257816349649178523531294687782653914
509 4610      ok 267158934594637218381924765625491873879263541413875692156742389938516427742389156
510 2575      ok 872451396143692785965378421489125637217836954536749218328564179691287543754913862
511 1072      ok 895176234172834569463925817716243985384519672529687341657391428948762153231458796
512 789      ok 286147935374985621591632748759213864162498573843756219425369187917824356638571492
513 71490      ok 219385476487961253563427819358614792174259368692873145945132687736548921821796534
514 1378      ok 897213654463579182152684397518426973974358216326791845631945728249867531785132469
515 4589      ok 689251347172436895534987621416792583823564179795318264968173452251649738347825916
516 1145      ok 862791435943256781157348692538672149619485327724139568286514973475923816391867254
517 583      ok 829316754761245389435798621256971843173482965948653172382164597694537218517829436
518 1037      ok 976325148385417692241968375493681527712534986568279413157846239624793851839152764
519 3704      ok 962815734137496285845273691783651429496328517521947863619584372258739146374162958
520 178      ok 263187945475369182189452763892734516517628439346591278931845627654273891728916354
521 1056      ok 894216357723549681165738942451623798379854216682971534917465823238197465546382179
522 585      ok 964281375175369284823547691387125946256498713419673528742856139691734852538912467
523 2210      ok 649382571528917634317465289483176925192534867756829143965748312834251796271693458
524 1011      ok 973281645865974231124356987642539718759148362381627594217463859438795126596812473
525 614      ok 237981654598642317164735982859314726723856491416279835672193548385427169941568273
526 1148      ok 723584169491376582856912437279658341348291675165743298514869723937425816682137954
527 7368      ok 871329465254168937936574182685743219429651378713982546547216893192837654368495721
528 1614      ok 397815624561724398824396751612958437475632189983471265756249813138567942249183576
529 1384      ok 821469537465137892397825614953786241182943756746512983238651479519274368674398125
530 2390      ok 692157438184632795573894612729386154468571923315429876857963241946215387231748569
531 2458      ok 925681437837549261146732985489276513752318694613495728298154376364827159571963842
532 188      ok 723541896658972341914638725249385167371269458586714239467893512835126974192457683
533 2000      ok 283741596615239748974865321397126854861453972452978613528394167736512489149687235
534 7910      ok 678524319431689527925731864867412953392856741514397286189243675753168492246975138
535 437      ok 354682179962471538781359642547218396298536714136947285479165823613824957825793461
536 1778      ok 752864913134795628869321475678432159423519867915678234587146392391287546246953781
537 3855      ok 271659843648273951359418762764891235915324678832765419596142387187936524423587196
538 894      ok 627853149185294637349617825862549713534761982791382564216475398953128476478936251
539 3591      ok 379152468216348957548976312485719236162583794793624581621495873857231649934867125
540 2201      ok 935427681172856934864391725597238146348169572216745398681972453459683217723514869
541 1629      ok 962548371154367298837291456489123567516479823723685149278934615341756982695812734
542 197      ok 672481593315972648849356721253867914791534862468219375187623459936145287524798136
543 220      ok 258376194396184572471295836814762359923541687765938421182659743647823915539417268
544 376      ok 742938516951642873386175249235817964678594132419263758597386421164729385823451697
545 2581      ok 859273641427618395163594728386957412215436879794821563578149236641382957932765184
546 820      ok 872531946154689372963274581486312795729465138315897624247153869598746213631928457
547 341      ok 923581764856497231147326985365742198214859673798613542671238459532974816489165327
548 523      ok 824731695165249387973586421459123876317658249286497153798314562632875914541962738
549 1187      ok 725849136964132785183765294316428579849657321257913468591276843478391652632584917
550 1361      ok 467239851198654723253817946349725618782196534615483297526371489834962175971548362
551 1495      ok 852476391947381562136259478674823915293715846518964237485637129361592784729148653
552 4627      ok 712483569598267431634159728476812953289534617351976284963721845145698372827345196
553 1579      ok 942571386837469251156382479283154697619738542574296813428913765761825934395647128
554 39314      ok 271895364569431782348276915795364821624187593813529476486952137957613248132748659
555 1861      ok 952381647873426951164759382728913465439265178516847239385692714691574823247138596
556 505      ok 628593417593174286147628359369217845781435692254869173835746921972381564416952738
557 591      ok 123684957876925431954731286215463798439178562768592143341256879587319624692847315
558 276      ok 125693784864751392937248561213974658476582139589136247341825976698317425752469813
559 232      ok 123497685854621973967583241235164798649378512781259436312745869496812357578936124
560 1321      ok 218364975347859126956172483562718349731946852489235761673581294125497638894623517
561 505      ok 427593186315862479968174325659328714731649852284751963593287641842916537176435298
562 1372      ok 294183576817256349563974128748315962136429785925867431359648217672531894481792653
563 308      ok 142379586853621947967458321215783469436592718789164235328915674571246893694837152
564 218      ok 142783695856294371973561482231847956467925813589136724315478269628319547794652138
565 175      ok 172496358394857612865321749613785294728914536459263187541678923987132465236549871
566 2031      ok 891756423624318597357429816139682754562174389748935162485263971213897645976541238
567 921      ok 764359812893712645125684793942861357378295164651473928216537489439128576587946231
568 2000      ok 925371486163498725874562391542689137618753942739124658487915263351246879296837514
569 738      ok 152694783863721954974385621215436897639817245748259316321568479496172538587943162
570 284      ok 125379684843265971967481523512736849684912735739548162256893417371654298498127356
571 710      ok 124368795835791624976425381512836479649257813783149562251673948368914257497582136
572 864      ok 924351687875269431163784295398527164256143879417896523732418956549672318681935742
573 198      ok 123456789456789123789123564215694837397815246864237915548961372631572498972348651
574 2894      ok 927315864384276591615498372798631425143952687562847913856124739431789256279563148
575 2826      ok 927315864384276519615498372798631425143952687562847931856124793431789256279563148
576 1947      ok 872361549934578621156429387463952178719683452528714963681295734247136895395847216
577 430      ok 924361758156478293837592641613247985749185326582936174498623517371859462265714839
578 281      ok 162497583875321694943568721287143965536972418419856372658239147391784256724615839
579 173      ok 142635987857921346963487521271368459396254718584179632415792863629843175738516294
580 741      ok 263985417541673298789421365915246783638597142427318659176839524392154876854762931
581 318      ok 123549687865731492974682351216354978498276513537198264341865729689427135752913846
582 387      ok 123759486874261593965384721216543978357896142498127365532478619641932857789615234
583 963      ok 512963748863754912749821536671249385954638271328517694135472869486395127297186453
584 336      ok 124397568857641293936258471312589647645723189789164352261875934473916825598432716
585 406      ok 124685397936271485875394261689142573457963128312758946543827619761439852298516734
586 380      ok 243176598986325714157849632874653921591782346362914875615497283738261459429538167
587 1227      ok 649123587813597462275684193132875649598246371764931258951368724426719835387452916
588 674      ok 756921348149378625832564791361289457927435186485716932693857214278143569514692873
589 5453      ok 263819745495763218178524963941658327782341596536972481614235879329187654857496132
590 2164      ok 142386975853749261976521384415263897628917453739854126261478539384695712597132648
591 6750      ok 273681495891754263546392178169537824485269731327148956734916582958423617612875349
592 2236      ok 852349167734156892961728354298571436375684921146293785589412673617835249423967518
593 1255      ok 825674391937281654146359287214598736578163429693742815459837162361425978782916543
594 410      ok 127643985538192764649758321873214596914536278265987413791365842382471659456829137
595 277      ok 123589764864732591975641283296154837417398625538276419341825976652917348789463152
596 262      ok 142397568956248371837651294783964125624175839519832746298413657365789412471526983
597 419      ok 124573698865291473937468251246735819381629745579814326412356987658947132793182564
598 364      ok 123759684874361295965284731216847359389526417457193826531472968642918573798635142
599 2211      ok 972358146415976832863241975387415269159623487624789513798564321546132798231897654
600 255      ok 823759461165384792974261385417826539356197248298543617631975824589432176742618953
601 569      ok 162598374943271658857364291279846513634159827518723946486912735395487162721635489
602 1040      ok 972354681853761249164298375485932167619587432237146958528413796391675824746829513
603 22394      ok 923418675184567932576392814715924368269183547348756129832679451691245783457831296
604 2292      ok 865734921174925386932681457241859763697243518583176294456312879318597642729468135
605 1628      ok 863521974952784361174693582297468153386915247415372896739256418528147639641839725
606 1591      ok 927546381836271495145398726752839164619452873483167952294715638561983247378624519
607 4454      ok 261547389389612475547938126824359761793186254156274893915723648432865917678491532
608 10626      ok 691527483234186795785943162349761528852439617167852934576318249413295876928674351
609 4294      ok 871692543236845971459731286793426815182953764564178392348217659615389427927564138
610 737      ok 512674398637895412498132756946521873271483965853967124164758239725349681389216547
611 734      ok 752146398639782541148593726516429837327658914894371265285914673473265189961837452
612 1061      ok 924673581873521496165489237286357914437192658519846723748935162692718345351264879
613 655      ok 872436159196752438534981267985143672263875914741629385417398526658214793329567841
614 266      ok 124657389875391462936248571213476958468925137759183246341762895597814623682539714
615 385      ok 981546327724318596536792184142839765859167432673254819368425971215973648497681253
616 2122      ok 921578643845396271763214958132467589458921736697835412576189324214653897389742165
617 945      ok 872194635346527891159683724795238416421976583683415972538761249914852367267349158
618 1571      ok 927451368164389572853672491571924683439867125682513947748136259216795834395248716
619 415      ok 239847561614592738785613924396475812871329456542168379427951683163784295958236147
620 380      ok 132749865847561293956382741514236978693478152728915436265194387389627514471853629
621 409      ok 243167958689253147517849632951678324764392815328415796835926471192784563476531289
622 630      ok 128479653953126874467358912891265347635714298274893165789531426546982731312647589
623 181      ok 123456789456789123789123465237514698641938572895672314364297851572841936918365247
624 853      ok 132479658857361294964582371213647589476958123589213746321794865648125937795836412
625 359      ok 792386451518947236364512789476298513985173624231654897127435968643829175859761342
626 113      ok 124678593865392471937451268241537689376829145589164327412783956698215734753946812
627 283      ok 123485697875269431964731285216357849359824716487196523531642978648973152792518364
628 361      ok 132487596865931247947625831271394685384516729596278314413752968659843172728169453
629 162      ok 162345897845697231937821456258974163679183524314256978583462719796518342421739685
630 555      ok 392476518685291734714538926458327169931865472276914385569183247823749651147652893
631 447      ok 129476385634825179785931462592748613318562794467319258976284531253197846841653927
632 193      ok 124567398835291476976348251312685947547129683689734512251473869468912735793856124
633 228      ok 152348796864791523973256481316874259427569318589123674231485967645917832798632145
634 191      ok 124397685837526941965841237216435798358719462479682513541263879692178354783954126
635 22612      ok 248175693573694128196238754419867532865312479732459861357981246621743985984526317
636 1535      ok 123685497847291365965374281214756839356829174789143526431962758598437612672518943
637 1182      ok 124685793853729461967431582512948637639172854748563129271356948395814276486297315
638 23873      ok 245786931981354726637912854159427368423168597768539412316845279892673145574291683
639 157      ok 132479658847563291956281347413725869528196473769348125271854936394617582685932714
640 6717      ok 598723641374816952612549837237961485186354729459278316745682193863195274921437568
641 1365      ok 623894517487531926519627834396485172752163498841972365174259683938746251265318749
642 2051      ok 216479583975318642384526791649837125832195467157642839528961374491783256763254918
643 2096      ok 123497685864523971975681234216834597358976142497215368531749826642358719789162453
644 143      ok 123549786647832519859167243582374691974621835316985427291456378435718962768293154
645 1603      ok 126953478735284196498617523263478915917536842854192637342861759581729364679345281
646 1099      ok 219346875854127396673598142596273418387461259421985763945732681138654927762819534
647 910      ok 862734195714859362395162847451697238983215476627348519579481623246573981138926754
648 1655      ok 254719863796384125381652794132547689675938412948126537419873256867295341523461978
649 351      ok 123694875854721693967385241231547968645839127789162534312456789476918352598273416
650 107      ok 152364987864729351973581624216475893349618275587932146421853769635297418798146532
651 462      ok 124387695875496321936521847213865479458179263769234158341752986592618734687943512
652 931      ok 962741385834592761175368294719625843523184976648973152356819427481257639297436518
653 508      ok 254736819791458236638912475847195623925367184163824957379241568416583792582679341
654 2217      ok 291658437486397152357241869645739281712864395839125746123586974968472513574913628
655 1347      ok 237594816695187234184623957952416378843972165761358429479261583516839742328745691
656 170      ok 132578496867493251954261378216847539348925617579136824421389765685712943793654182
657 299      ok 152487963974326581863591274739815426241769358586243197415672839628934715397158642
658 175      ok 132568794874391652956742381513684927628973415749125836261439578387256149495817263
659 220      ok 123457689456189273789362451241576398378941526695238714517693842832714965964825137
660 219      ok 123457689456189273789362451241576398378941526695238714517693842832714965964825137
661 192      ok 123457689456189273789362451241576398378941526695238714517693842832714965964825137
662 286      ok 158234976746198352923765418837519264461372589592486137389621745215847693674953821
663 360      ok 132487956856921437947635281261543798374198625589762143413256879625879314798314562
664 1727      ok 672581439945632817183497526597264381461873295238915674716348952829156743354729168
665 1119      ok 249865173531974268867132495423786519986251347715349826692518734354627981178493652
666 989      ok 123745986854691723967328541512473698638519472749862135271936854395184267486257319
667 121      ok 132498657864572391975361248413926875628157439759843126241785963397614582586239714
668 292      ok 132458697875396241964721385518642739623975814749183526251864973387519462496237158
669 49495      ok 274819653593642871618753942731298465986534127452167398865421739327986514149375286
670 1679      ok 132495876854267391967831524416758239589342617723619458241576983375984162698123745
671 604      ok 124597683837621945965483721241865379693174258758239164312748596479356812586912437
672 532      ok 562489371417563298938721645154937826896245713723816954241678539385192467679354182
673 1284      ok 872491365154623987963785241487936152316572498295148673738269514529814736641357829
674 1556      ok 938642571127589463465173928359824716281967354674351289846795132793216845512438697
675 1362      ok 864321975173589426952467381397812564416753298528694137789245613235176849641938752
676 1016      ok 832679415914253687765814329689537241423981576571462938346198752258746193197325864
677 287      ok 268574913735129648194836725549612387623748159871395462952463871487951236316287594
678 140      ok 123586974874391562965427381231675498648219735759834216312748659486953127597162843
679 1222      ok 632459718781362495459187326864725139927831564315946287548293671276518943193674852
680 1079      ok 125379684837654291946281375214593768573168942698742513359416827462837159781925436
681 5572      ok 417295638698134725235678914581723496726459183943861572174386259352947861869512347
682 907      ok 962351487145798236873642591738425169514976823629183745386217954297534618451869372
683 1023      ok 825469371136572498947381652268957143513248769479613285394725816782196534651834927
684 1440      ok 125389746936741582847526931468972153213465879579813264782694315651237498394158627
685 267      ok 624871539589346721173295864468517392215639478397482615732154986946728153851963247
686 356      ok 124685793873249561965731482216473859357198246498562137531826974642957318789314625
687 239      ok 125639487836741592947582631214365978693278154758194326361857249472913865589426713
688 6619      ok 189326547342875916756941382617589234495632871238714695523197468974268153861453729
689 2024      ok 527698341184753629693124587952471836476385912831269754718546293369812475245937168
690 242      ok 162483957834597261975621483241875396653219748789346125316952874427168539598734612
691 1206      ok 682519374459732861713648295921867543374951682568324719297483156835196427146275938
692 792      ok 876329451952461783143578269628153947314897526795246138261935874439782615587614392
693 2960      ok 925748631137569284864321579582693147619475328743182956471256893296837415358914762
694 293      ok 132479658847562391965381274214835967573916482689724513321657849458193726796248135
695 500      ok 124635987856297431937841526241359678368472195579186342412763859685924713793518264
696 209      ok 123784596875269341964351782216843957359127864487596213531478629642935178798612435
697 301      ok 132495687847261395965738421513826749684579132729143856251387964376954218498612573
698 1012      ok 814259763652738491379614852425967138183542679967183524736821945291475386548396217
699 289      ok 123569487865247391974381265216475839357698142489123576538716924641932758792854613
700 301      ok 142358697863791452975642381514926873638175249729483165251867934396514728487239516
701 80385      ok 127954638536728491498163527961547382384291756275836914742315869813679245659482173
702 760      ok 125346897837921645946587321251468739378192456469735182512873964684219573793654218
703 1130      ok 273584619594612837681739524412968753956347182837251946749125368325876491168493275
704 999      ok 275816349391472856846359217712594683984263571653187924127638495538941762469725138
705 251      ok 137258469952476381846391275279683514381945627465712893798564132624137958513829746
706 1116      ok 245389716391672458687415392452837169163294875978156234539728641726941583814563927
707 4699      ok 729146385638725149514389762187562493352491678946873521273954816461238957895617234
708 535      ok 125398674864572391937461258298714563671935482543826719456183927389257146712649835
709 1468      ok 942365817716489253358127694897243165624591738135678429569714382273856941481932576
710 1636      ok 613849257975132864428675319741268935356794128289513476162487593594326781837951642
711 132      ok 123456789475983162968712534312547698849261375657398421731824956296135847584679213
712 2085      ok 912753486675482139843961725268379541437518962159246378394825617721694853586137294
713 212      ok 614258379387941265925763184298137456431685927756429813142376598573892641869514732
714 537      ok 462975831713428569859631742541297683326584917987163425295816374674352198138749256
715 447      ok 643217985715984623829365471596421837178539246432678519267853194951742368384196752
716 177      ok 124658793863279541975431682216594378389762154457813269531946827642187935798325416
717 345      ok 123659487864731295957482361512843679648975132739126854271398546395264718486517923
718 1998      ok 924531786165789342873624591596478213247153968318296457439867125651342879782915634
719 244      ok 134672985865349271972581643513796428649823517728415369251967834386154792497238156
720 501      ok 427158693583269741961473852142837965795614328836592417318945276259786134674321589
721 438      ok 214675398935482671678139452786541239149263587523897146497316825862754913351928764
722 7290      ok 361729485945381276782564319138976542654132798279458163897245631426813957513697824
723 1663      ok 872645931965321784134987256396758142721439568548162397213896475487513629659274813
724 981      ok 126478593837592461945361278412937856569184732783256914251649387374815629698723145
725 3546      ok 125639784837541692946782351214365978693178425758294136361827549472956813589413267
726 360      ok 123589647865347291974261385287695134316428759459173862632754918591832476748916523
727 2327      ok 381275694647398512952614783573961248429583167816427359238159476194736825765842931
728 171      ok 123457689456189273789263514234516798675938142918742365341695827562874931897321456
729 792      ok 124756398836291475957348261261935784473182659598674132312569847645817923789423516
730 512      ok 123568974874392561965471283216837459489256137537914826341625798658749312792183645
731 1787      ok 964281573175349682832675941749816325513792864628453719397128456286534197451967238
732 161      ok 132687954864925731975341286321468597459732168786159342213894675598276413647513829
733 647      ok 142698537863752491975341286518423769639175824724986315251864973387519642496237158
734 596      ok 132496587875321964964587321213875496549613872687249153321758649456932718798164235
735 231      ok 142356987865749231973281546514673829629815473738492615251934768386527194497168352
736 1291      ok 126435987837291546954867321241658739579342618683719254312974865498526173765183492
737 4627      ok 298653471173248596564197832736481925942735168851962743415329687389576214627814359
738 820      ok 126437958895621473374985126457193862983246517612578394269314785548769231731852649
739 191      ok 124385796836729541975461823512937468643218957798546132251674389389152674467893215
740 645      ok 173426985854397621962851734417635298639248517528179346286713459391564872745982163
741 821      ok 126739845847625391935481762213864579654973218798512436361248957489157623572396184
742 2374      ok 942738156685419327137265849819624573724351968356897214268543791493172685571986432
743 362      ok 124397856835641297967825341241538769583769412679412538312974685498256173756183924
744 343      ok 726814395951736284483592176897463521514287963632159847248375619379621458165948732
745 17357      ok 923168475167435982485792136318529647694873251572641893249317568756284319831956724
746 797      ok 924761385856394271173285694468953127517628439239147856342576918781439562695812743
747 190      ok 123689475856741923974352681648235719712896354539417862467523198281974536395168247
748 891      ok 326479185857321469149568273482936517591784326673215948218653794734892651965147832
749 302      ok 264185739159673842738492615987236154345817296621954387873569421496321578512748963
750 1151      ok 514728936697134825328956417269375184845619273731842569156297348472583691983461752
751 583      ok 132784659468915732975236481789642315214853967653179248341597826596428173827361594
752 196      ok 123658479847291365956374281261483597378965124594127836412736958635819742789542613
753 233      ok 123456789695187234784239561531764928942518376867392145219643857356871492478925613
754 2404      ok 745236981938174526162859473653781294427593618891642357384915762219367845576428139
755 410      ok 142368597863795421957241683518472369624139875739586142271654938386917254495823716
756 521      ok 247639185316528794895417623169784532583296417724153869952871346678342951431965278
757 154      ok 132678495857294361964351278246713589391825647578946123419567832623189754785432916
758 2797      ok 914836572236157849758294316163749258872561934549328167685973421397412685421685793
759 430      ok 132687945856394721974521683213465897695718432748932156321846579467259318589173264
760 322      ok 123497685864325971975681324216938547359274816487156293531842769692713458748569132
761 415      ok 123456897854937261967281435216745389378192654549368172431679528695824713782513946
762 6563      ok 246537918785941326931862574624158739857693241193724865579316482468279153312485697
763 1355      ok 824361597963574281175289634289753146356142879417698325698425713732916458541837962
764 254      ok 142579683853461972967382541514793826638245719729816435271654398385927164496138257
765 1822      ok 894265173671938542325147986263589714718624395459371628146752839932816457587493261
766 267      ok 261754389798362451543981276839476512127538964456129738974815623685243197312697845
767 514      ok 261754983798362451543981276839476512127598364456123798374815629685249137912637845
768 164      ok 123469587845731926967528341371852469486973152592146738214387695639215874758694213
769 1286      ok 824316597397584621165279834958162473641735289732948165519827346483691752276453918
770 2072      ok 543276189178934625962185347327451896819623754654798213296847531431562978785319462
771 641      ok 265437198379681524184925763852763419937154286641298375513876942798542631426319857
772 192      ok 123456789456789123789132546231675894675948312948321675312597468597864231864213957
773 185      ok 132467598857291346946358271215634789368179452479825163521786934693542817784913625
774 486      ok 152394786863527941974861325215738694346259178798146532421673859587912463639485217
775 286      ok 132567498845291376976348251217435869358679124469182537524716983681923745793854612
776 1369      ok 412653897673819425859724631924175386381962754765438219237596148546381972198247563
777 167      ok 152349687863751924974682351216435798347918265598276143421563879635897412789124536
778 901      ok 924631587153478926867295341738549162649812735512763498281354679475926813396187254
779 5354      ok 259164738174398625386725914623957481791482563845613297918576342467231859532849176
780 1345      ok 173529684964381752825764391298456137517293846346178529739645218452817963681932475
781 157      ok 132456987845927361967381425421569738578132649693874152214695873356718294789243516
782 397      ok 124365897837941526965287431412679358573824619689513742241736985356198274798452163
783 312      ok 823691574156472398947358261539247186281965437674813952315726849468139725792584613
784 110      ok 152469378874253691963781542321597864598642713647138925215376489486915237739824156
785 557      ok 123469785865371294974582631216753948389124576457896312531247869642938157798615423
786 9614      ok 276953814435812769981764235614279583729385146853146972162538497548697321397421658
787 568      ok 124683597857291364963475281236148759485729136791536428312864975578912643649357812
788 2971      ok 246798153591236784738541926687413592415962378329857641953684217174329865862175439
789 204      ok 123645987856297341947831526231574698584963172679182435312458769465729813798316254
790 948      ok 278639145159247368346581972465398721731462859892175634914756283623814597587923416
791 635      ok 278639145156247398349581627495368712731492856862175934914756283623814579587923461
792 228      ok 123769584864521397975384261216458973357196842489273615538617429641932758792845136
793 3883      ok 268739145437158296591264783645327819812945367379816452783591624154672938926483571
794 1335      ok 924751368876243591153689274481527936732196485569834712317462859295318647648975123
795 1921      ok 659412378238679451741385296865723149427891635913546782396157824574268913182934567
796 5562      ok 269753481187249563534168972873491625642875139951632847415326798396587214728914356
797 4193      ok 923571486847269531156384792639748215715692843284153679491825367578936124362417958
798 1953      ok 127835946956247381843691257374182695215976438689453172591328764468719523732564819
799 1956      ok 924385671136792584875461392587139246241576938369824715493258167658917423712643859
800 1412      ok 952168734468397251713452986396814572541279863827635149275943618184726395639581427
801 150      ok 152748396864593271973261458319652784427189635685437912241375869796814523538926147
802 347      ok 275683419398142567641795832139576284584219376726834951852467193463951728917328645
803 2736      ok 238594617576321489419678325754839162361257894982146573893715246145962738627483951
804 171      ok 152394678864751392973268541216435789347189265589672413425816937631927854798543126
805 291      ok 273598416468321759915764328124679835759843261836215947391486572647952183582137694
806 408      ok 237541698145689732986732145453927861628415973791368524862193457374856219519274386
807 405      ok 821935674495726183736148925382674519169852347574319268618597432943281756257463891
808 219      ok 127384695863591724954726831549178362731269458286435917418653279675942183392817546
809 2444      ok 692573481185264937743189562837945126521637849469821753918356274276498315354712698
810 2384      ok 582791364936458721417326859795213486168945237243687915324569178671834592859172643
811 4695      ok 521869374498713625367542198749385216836124957152976483674251839283697541915438762
812 215      ok 123459786874362591965781324217694853398125647456873219531246978682917435749538162
813 1944      ok 396821754874539261125467839648152973213976485759348126462795318987613542531284697
814 760      ok 621348975879562341354197286216483597598671432743259168185734629467925813932816754
815 135      ok 123479658847561293956382471234617985579824136681935742312748569465193827798256314
816 170      ok 623915748789624315145387629296538174871496532534172896918253467367849251452761983
817 274      ok 152389476874261953963745281315497628427638195689512734231874569546923817798156342
818 723      ok 189253746265487391734691285612348579493175862857962134921736458576824913348519627
819 986      ok 831294756952736148467158923386527491795341682124869537518972364243615879679483215
820 1069      ok 152984736873261495964537821317456289549812367628379514231645978486793152795128643
821 3761      ok 265741389193682457487953261974215638358469712612378594526894173739126845841537926
822 489      ok 123475698845369271967281453214653789578914362639827145351748926482196537796532814
823 1027      ok 129867435734512698856943127483126759691375284572489316368791542917254863245638971
824 369      ok 246518379718936524359742618837164952194257863625893741981625437462379185573481296
825 1949      ok 953124768461789325728365914392471856176958243845632197639517482584293671217846539
826 95      ok 142685973863791452957324681234568197695172348781439265316847529428953716579216834
827 645      ok 142697538953184627876523419419268375685371294327459186764932851538716942291845763
828 188      ok 152734986863259471974681532315946728486527193729318654231475869598162347647893215
829 735      ok 142785693863491572975326841231864759654179328789532164316247985498653217527918436
830 1670      ok 628571934945236718731489256819364572374125869562798143493817625287653491156942387
831 1147      ok 126784395834295671975361482249173856387456219561829743412537968653948127798612534
832 1509      ok 623794815149285736857631429496812573378549261512376984984123657261957348735468192
833 467      ok 412375896536982714798614352961843527285769143374251689647598231829136475153427968
834 160      ok 136275489847391265952468371321586947465729138789143652213657894594832716678914523
835 453      ok 372469581841325697956187234215978463697534812483216975724891356568743129139652748
836 307      ok 417295638865143927293678451549761283381952746726834195138427569972586314654319872
837 1634      ok 257814693348629175619753248761498532493562817582137469976245381135986724824371956
838 1144      ok 746385921923714865815269347172498536359627184468153792284531679597846213631972458
839 1112      ok 397524681815963274426187395238715469954836127671249538782351946569472813143698752
840 2524      ok 724385169693124758518769432435297681162458397987631524846572913251943876379816245
841 1162      ok 721658349583497126694123578452981763368745291179362854915236487847519632236874915
842 864      ok 281634795673598241459271683347965812816427539592183467164352978928716354735849126
843 855      ok 258341769146927358793856142479235816865179234321468975684712593937584621512693487
844 422      ok 123486597874295361956371284312659478469837125587142936231568749695724813748913652
845 6767      ok 246915783189473652735682419924358176617249538358167294861594327593726841472831965
846 480      ok 142398576853761492967245381518432769624579813739186245271654938385917624496823157
847 4921      ok 527849316148736925963512478859163742736254189214987653485691237392475861671328594
848 283      ok 328746951694518372571932684936127845857463129412859763269375418185694237743281596
849 7336      ok 924673185751948632368512947836257491197436528542891763219365874485729316673184259
850 165      ok 152638974864795231973241586215476398436829157798513462321967845547382619689154723
851 828      ok 472593186691487532385612947853721469216934875749856321168379254934265718527148693
852 1227      ok 162378495875496321943251687724183569539762814618945273296514738357829146481637952
853 1763      ok 673219458492685137518473692956324781134897526287561349849156273321748965765932814
854 4416      ok 923841765184657932576329148768493251459712386231568497612984573897235614345176829
855 580      ok 264318759153974268879562134496857312531249687782631945625783491347195826918426573
856 1337      ok 913762485852413769764859132496385271187246953325971648248137596579628314631594827
857 6514      ok 298456137156793248347812659564328971839571426721649583972134865485967312613285794
858 204      ok 132549786854672931976381254513726849628493517749815362261938475397154628485267193
859 303      ok 123659478865374291947281563231465987574198326698723154352816749489537612716942835
860 219      ok 123947865847256391965381427214639578376825149598174632431592786682713954759468213
861 961      ok 239784615178365492654921873465139287793248561812657349321496758547812936986573124
862 837      ok 428631759176529483935487261549173628712846935683295147254918376897362514361754892
863 364      ok 123794586864325971975681432231467859648259317759813624312546798487932165596178243
864 8036      ok 973125648528364917614987352836592471145738269297416835752843196381679524469251783
865 1088      ok 285936147943751826716842395521489763379615284864327519692578431137294658458163972
866 348      ok 132746985864359721957281364513492678629875413748613259271534896385967142496128537
867 330      ok 362814579879635142415297368187542936294376851536189427951763284743928615628451793
868 2196      ok 132865974864397251975421386421638795659742138783159462216573849348916527597284613
869 173      ok 132475698867291453954368271241639587573842916689157342315724869428916735796583124
870 206      ok 123469587865731492974285631216397854357824916489156723531648279692573148748912365
871 238      ok 123548976857396421946271385214753698695812734738964512361427859479185263582639147
872 359      ok 123586974876249531945731286512378469639412857784695312251864793368927145497153628
873 243      ok 125678493836492571947351268213865749574913682698247135351784926462139857789526314
874 309      ok 139547268748632519562981473385764192691253847274819356923475681857126934416398725
875 9077      ok 963428175451739862872615934597183426326974518148562397615347289784291653239856741
876 166      ok 124369587863754291975281463216543879357896124489127635531672948648935712792418356
877 1248      ok 395172486872649135614583792451826379926734851738915624289361547147258963563497218
878 645      ok 125384697846279531937651482213598746594763218678142953351426879469817325782935164
879 165      ok 123465897865397241947821536231756489589142763674938125312589674456273918798614352
880 224      ok 132498576865731924974526381513679248628345197749812653256184739381957462497263815
881 236      ok 125384796837659241946271385213748659594163827678592413351426978469817532782935164
882 1394      ok 127564983396871245584392761479618352863259417251743896718926534942135678635487129
883 1423      ok 265748319189235764734619258653124897841397625927586431596873142318452976472961583
884 1825      ok 942517683863294571157863942491782365528136497736459218375948126214675839689321754
885 1874      ok 253416789681957423794283561419875632326149857875362194562794318948531276137628945
886 1036      ok 523687491846519372719342568697438125134275986285961743451896237378124659962753814
887 1541      ok 725891463498635721361247958849156372516723894273489615682914537954372186137568249
888 301      ok 368275914975146328214389675783491562641528739592763481436912857827654193159837246
889 253      ok 324971568571486293869235174657198432498523716213647859135862947742359681986714325
890 1471      ok 426583971859716432317942658972361584163458297548279316691834725734125869285697143
891 1739      ok 426587391835419672719632458597368124163274985284951763641895237378126549952743816
892 1053      ok 241986753576431298938275614485613972793528461162794835329857146617342589854169327
893 354      ok 142387695863591274957264381321478569485936712796125438218643957534719826679852143
894 1548      ok 823591674947368251165472983534619728716284395289735416451923867698147532372856149
895 9106      ok 267548931459361872318792456985124367623957148174683295792416583846235719531879624
896 1538      ok 672489531851763924349512768127398456983654172465271893518936247296147385734825619
897 745      ok 352796418147283695968541273513678924274359186896124357735412869629835741481967532
898 1339      ok 652789314748123956913465278189237645275694831436518729824356197591872463367941582
899 542      ok 123685794874239561965741382216478953357192846498563217531824679642957138789316425
900 378      ok 329146785187952364465783129571368492698421573243597816834279651752614938916835247
901 1160      ok 162389574973542681854671932396718245518264397247953168431895726689127453725436819
902 204      ok 382795416471263895695814327254681973738952641169347582546129738823476159917538264
903 2473      ok 529638147831742695746159382698215734453967218172483569284376951317594826965821473
904 362      ok 123659478856743291974281365231465987485397612769128543312974856547836129698512734
905 9012      ok 267538914319462875458791326985123467624957183173684259792316548836245791541879632
906 1123      ok 826341759935672481147598263582967134319425678674183925258714396761839542493256817
907 393      ok 185627439234189567769453128397845612821396754456271983673918245512734896948562371
908 1270      ok 873621495142795683956348721287153946319264857465879132591437268724586319638912574
909 1897      ok 264791538758432961139865274825613497496257183317948652942376815583129746671584329
910 1062      ok 123694587846725931957381426261578349384169275579432168412856793635947812798213654
911 352      ok 124369785865274391973581642216457839357698124489123567531842976692735418748916253
912 149      ok 132486975867395241954721683213867459685914327749532168321658794498273516576149832
913 908      ok 468235917139746825725189436956813742347952168812674359684591273573428691291367584
914 603      ok 172398456843651297965742381714926835639185742528473169491537628387269514256814973
915 334      ok 132498657846572391975361248214957836653184729798236415327615984461829573589743162
916 765      ok 152489763864731952973652481217396548539814627648527139321945876486173295795268314
917 1033      ok 153429786874653291926781534718946352632875419549132678481567923395214867267398145
918 372      ok 132459768845671392976238451514823976629715843783946125251394687398567214467182539
919 264      ok 123584796865729341974631285216458937398176452547293618431862579659317824782945163
920 890      ok 812493576593761428674258913268134759351987264749625831987312645436579182125846397
921 1351      ok 275341986139768245486259317764592138312874569598613472923487651647125893851936724
922 2814      ok 827563914615947382934281756361459278752618493498732165576394821149825637283176549
923 4940      ok 475823196936174258821695743389561427654237819712489635297316584568942371143758962
924 346      ok 235194687716823594948756321651249873489367152372581946164978235823415769597632418
925 1156      ok 132749685854361792967582341513478269628935417749126853271654938396817524485293176
926 5042      ok 729845613538761924164293758215986347847312596693457182486539271971628435352174869
927 389      ok 124895367836271954975346281351427698487639512692518743213954876548762139769183425
928 1760      ok 132795684964381275857264391513942867479658132628137459285476913346519728791823546
929 474      ok 437281596562394718198576324816932475324715689975648132689153247753429861241867953
930 5379      ok 842359167196278534537164829479812653381546792265937481618423975924785316753691248
931 213      ok 123569784865347291974281563216493857357128946489675312532814679691752438748936125
932 1823      ok 824761593963458271175392648218945367457683912639127485342879156791536824586214739
933 894      ok 124369785863547291975281463216478359387195624459623178532816947691754832748932516
934 1307      ok 123569478845271396967483251271934865386725149594816723412658937639147582758392614
935 17561      ok 271693548395482761684715923149327856753846192826159437537961284968274315412538679
936 458      ok 142368597853791426976425381214639758369857142785142639421586973597213864638974215
937 210      ok 132475698864291357957368241413952786528736419679184532245619873381527964796843125
938 1122      ok 239587461185496723674321589417968235893152674562743198928614357346875912751239846
939 464      ok 234519786689723154157468932468135279923847561715296843842371695591684327376952418
940 128      ok 124638597836759421975241836241593768689127345753864219312975684497386152568412973
941 154      ok 162385974943726581857491632719263458534178296286549317428937165691852743375614829
942 288      ok 124389765936745821875621394512436978749812536683597142268953417497168253351274689
943 4395      ok 651279384982534671374618952129743568548962713736851249295486137863127495417395826
944 151      ok 267398514514627839389415276653842197478139652192756483731284965845963721926571348
945 814      ok 827456391164389275953271468375842916681937542249615783492163857718524639536798124
946 1131      ok 473561829168239745925478613692845371341927568587613294216354987759186432834792156
947 1168      ok 735698142692415738481723659813952467957864321264371895146589273578236914329147586
948 442      ok 341658297952741638687392415265879341473516982198423576816935724534287169729164853
949 3003      ok 954283671126795384873461592648539127719624835235178946597846213481352769362917458
950 745      ok 768243915452196873319758426824531697695487132137629584243815769986374251571962348
951 5395      ok 928743165165298734437156928842679351651324879793581642589467213374812596216935487
952 849      ok 837651492965284371142379568591427683274863159683915724358196247426738915719542836
953 1157      ok 143592678857361492962748351319625847684973215725184936231456789476819523598237164
954 169      ok 253614789918375426647982153821437965379526841564891237132768594486159372795243618
955 1064      ok 392145876871693542564728913218436759943587261657912438189374625426851397735269184
956 1976      ok 953721486827645931146389725715936248684217359392854167461572893239168574578493612
957 712      ok 964731582152498376873265941526314798497586123318927465685149237739652814241873659
958 1204      ok 893214576416975238527836491764381925382759614159462387241697853978543162635128749
959 471      ok 682739514751648293943125867867593421239814756415267389176382945324956178598471632
960 327      ok 536874219928561347714329685653497821492618573871253964167985432245736198389142756
961 2670      ok 397462815218539764564817392653271489729684531841395627132746958976158243485923176
962 3355      ok 349128567851647293762953148684312975593786421127594836435869712916275384278431659
963 555      ok 318659724692874153754132896129765348486913275573428619947286531265341987831597462
964 1247      ok 489352167627418395513967248948521736751643982236789451895174623372896514164235879
965 715      ok 873569142461237598952184637519326874738415269246978315127893456395642781684751923
966 1149      ok 382594167479861523615273849231946785857312694964758231123487956546129378798635412
967 2118      ok 875431926624897513319256874961543287783129465452768391597312648146985732238674159
968 385      ok 948276315673519428251843769439128576865397142712465893594681237186732954327954681
969 528      ok 437215896812697534596483172624738951789521463351964287943872615278156349165349728
970 4793      ok 835462917694817523172593468258971346469328751317654289583746192741289635926135874
971 3195      ok 853791246164238975972465381598316427317924568246587193485172639629853714731649852
972 455      ok 493618275562743198718952364934826751175394682286571943851269437349187526627435819
973 1021      ok 958276314743519628261843579639128745875394162412765893594681237187432956326957481
974 3050      ok 845719623193246578726538914237891465684357192951462387568124739412973856379685241
975 2490      ok 975348261832761495164592387618974523723185649549623178456819732281437956397256814
976 1102      ok 385146972417923865269587431734815629521639784698274153973462518142758396856391247
977 516      ok 934561782875342691162798435623975148719684523548123976257436819481259367396817254
978 340      ok 475392186826417935319586247547823619698145372231679458753964821982731564164258793
979 635      ok 375214869428695371916837542567421983849563217132978456683759124251346798794182635
980 1182      ok 479352186826417395513986247947823651638541972251679438795164823362798514184235769
981 465      ok 935271468874365291126498375751982634682143957493756182368514729249837516517629843
982 831      ok 597286341483971256216345897738562914951438672642719538825197463379624185164853729
983 1705      ok 962745381873261945154398672715683294496527138238914567627859413349172856581436729
984 419      ok 742593816916847532835621497487169253169235748523478169654382971291756384378914625
985 47179      ok 687342519392156874541879326763928145925614783418537962256791438879463251134285697
986 5445      ok 243657819761894532985321746129748653458936127637215984596483271312579468874162395
987 2203      ok 954368217271954683863127954396581472718492536425673891542719368637845129189236745
988 1520      ok 837521946142986357956437281419358762678142593325769418283695174794813625561274839
989 229      ok 628354791397186524154279836236845179475961382981732645563497218819623457742518963
990 3596      ok 873261594125749386964385271217856943456193827389427615632914758748532169591678432
991 884      ok 324875691891236745576914382769352814153648927248197563617483259432569178985721436
992 1001      ok 132794586856321947947865231214653798395278614768419325421536879579182463683947152
993 186      ok 679358214134962857258741936897435621423196785561287493342579168985614372716823549
994 4482      ok 328416579179532864564789213712945386495863127836271945957628431241397658683154792
995 12697      ok 382716945974385162615942378793564821541298736826137459438629517259471683167853294
996 124      ok 132468597856379241947251836314526978698147325725893164261735489489612753573984612
997 580      ok 135698472876243591942751368217934856359862147468175239591326784623487915784519623
998 10827      ok 846397251572641839193285476438159627219763584765428913921874365384516792657932148
999 229      ok 132549786847621935965783421513492678689375142724816359251934867376158294498267513
1000 247      ok 132749685857361924964285371216457839348692157579813246421536798683974512795128463
1001 2427      ok 139752846542386971687194235216473598793518624458269317321645789864927153975831462
1002 987      ok 328671459175943826469582713741365298582719634693428175916234587237856941854197362
1003 647      ok 321698457876154239549273816138765924694812573752439168285346791467921385913587642
1004 759      ok 132748569845639217967251843716584932384927156259316478493875621621493785578162394
1005 472      ok 713425698495816723862793145986547312127639584354182976249351867578964231631278459
1006 1326      ok 853742961964381527172659384316598742745213698289476153697834215528167439431925876
1007 1139      ok 321659847759841326684273159948735261576912438132468795215386974897524613463197582
1008 29687      ok 945632718713498265826751394158374629497826153362519847589267431271943586634185972
1009 5510      ok 681937542792485316534216897367124958819563724245879163423751689178692435956348271
1010 1419      ok 932741658864593271157268493529174836473685912618329547796432185285917364341856729
1011 1457      ok 953821674874536921162497385718652493295348716346719852427965138681273549539184267
1012 244      ok 136574982954268137827139564642915378319786245785342691473651829261897453598423716
1013 12666      ok 834756291612984735795312846567139482329548167481267359158623974946871523273495618
1014 558      ok 143597682856423971972681354234176598685349217791258463317962845429815736568734129
1015 719      ok 132485967864397251975621384213546879648739125759812643326154798487963512591278436
1016 392      ok 372184956461295738859637124785341269624759813913862547196573482248916375537428691
1017 2761      ok 153298674874365291962741358539687412218459736647132985496813527321576849785924163
1018 216      ok 314926785526187349798453126482571963671398452935642817867234591249715638153869274
1019 1755      ok 832617495954328176176549328613285749795461832428973651281754963549836217367192584
1020 920      ok 132769845864325791957481632513846279628917453749532168271653984386194527495278316
1021 493      ok 143692578952478361867351294281539647396847125475126983728915436614283759539764812
1022 976      ok 385126749912734685467958132278549316134672598659381274521897463846213957793465821
1023 2874      ok 835691274924378561167254398279415836543826719618739425791583642386942157452167983
1024 295      ok 431782569629541783578396124152839647786425931394167258245973816817654392963218475
1025 125      ok 132478956857629431946531287315847692428196573769352148271984365584263719693715824
1026 331      ok 153248976864791352972635481315472698426819735798356124231567849549183267687924513
1027 674      ok 153762984874359621962481375517624893389517246246938157791846532638275419425193768
1028 224      ok 315829467294167835687534129541698273926713584873245916769482351452371698138956742
1029 605      ok 176532984893416752425897136742689315631745298958321467369254871584173629217968543
1030 4123      ok 937614852658327941241589736593248167812765394764931285425193678189476523376852419
1031 729      ok 529746381634189752718532964387415629492673518156928473961254837243867195875391246
1032 1369      ok 952748316367129584148536279691283457734615928825974163519367842473852691286491735
1033 172      ok 123469857846571392975382461512748639689235174734916528251694783368127945497853216
1034 902      ok 653847219478192563912356487294568371561734892387921645835479126746213958129685734
1035 1255      ok 679354812832716549541892376485279631217683954396541728168435297923167485754928163
1036 544      ok 345712896261948753789536421672194538518623974934875612497381265126459387853267149
1037 314      ok 374159286195286734682374915738412659956837142241965873819523467463791528527648391
1038 1716      ok 367451928891263754245789631654192873183576249972348516716935482528614397439827165
1039 1238      ok 835279461964381572127456398219764835578923614643815927452637189381592746796148253
1040 7441      ok 734296158526187493918543672182475936357961284649832517475329861293618745861754329
1041 4186      ok 293817465745296138816435297568942371137568924429173586354789612972651843681324759
1042 2853      ok 863794152719265384524183697186439725347528916952671843235817469478956231691342578
1043 381      ok 134782596967541382852369741643978215518426937729135468295614873471853629386297154
1044 740      ok 734612895268395714159487362371928456682541973945763128897254631423176589516839247
1045 815      ok 865293741143678295972451368389524617751869423624137589596382174438716952217945836
1046 4249      ok 952368741873421956164795382716539428485217693239846175321984567548673219697152834
1047 594      ok 132597864847621395956384271213859746578416923694273518321745689485962137769138452
1048 1433      ok 796312548823564719451789263972148356634295871518673924287436195345921687169857432
1049 1071      ok 673928415294531687815647392162793854457816923389254176738162549941375268526489731
1050 2031      ok 963427518521638947487195623296314875315872496874569132649253781138746259752981364
1051 426      ok 157896234293145687684723159439268715725314896861579423518637942972451368346982571
1052 244      ok 123456789456798132789231546245387961318629475697514823574163298861942357932875614
1053 4835      ok 635249187821573694974618523267395841518764239493821765742136958159482376386957412
1054 1829      ok 937482561826351479154679283573964128641238957298517634719825346465793812382146795
1055 1167      ok 345691728812574693679832514281765349534918276967423851128359467793246185456187932
1056 683      ok 378154296914326578265879341132548967657291483489637125526983714843712659791465832
1057 178      ok 152394786863751942974628351216437598389516427547289613421963875695872134738145269
1058 524      ok 329741568765928431184653972972186345438579216516234897253417689891365724647892153
1059 7868      ok 345671298987253146621984573264795831573816429198432657836529714712348965459167382
1060 6101      ok 345671289987253641126894573214735968873916425659482137568329714792148356431567892
1061 458      ok 123456789456789132789231546238695471594317268617842953362974815875123694941568327
1062 1282      ok 317456928896213754245789136654192873183574269972368541761935482528641397439827615
1063 1782      ok 173489562864325791925671483416852379237196854589743216751934628398267145642518937
1064 580      ok 126589734945371286837462951589726143273814569614935872751693428462158397398247615
1065 651      ok 593846721471239568862715349627594813148673952935128476214987635759362184386451297
1066 297      ok 132694785854721936976385241213867459685419327749532168321956874468173592597248613
1067 182      ok 123456789456789132789231546294568317361947825578123964617894253845372691932615478
1068 181      ok 123456789456789132789231546294568317361947825578123964617894253845372691932615478
1069 2213      ok 935486721714253968862917354576349182498162537123578496387691245659724813241835679
1070 888      ok 853269417429178365716435892541326789987514236632897154294681573378952641165743928
1071 257      ok 153247689746918325289365471327186594865492713914753862478521936531679248692834157
1072 1950      ok 935476281847291365162358479594823617371965842286147953618739524459612738723584196
1073 2652      ok 837269451956481273124375698479538126215647389368912745593726814682194537741853962
1074 403      ok 132578496865493271947261358271356984394182567586749132418635729623917845759824613
1075 23544      ok 321497685794658213568132974152746398976813452843925167415289736689374521237561849
1076 893      ok 536274918497831562128695473642518739351947826789326145964152387213789654875463291
1077 207      ok 126593487975284361843671295412865973587139624639742158764918532358426719291357846
1078 2081      ok 934152867256873914187496523763289145549631278812547396698324751371965482425718639
1079 242      ok 126739485835641792947582631512468973693275814784193256258914367361827549479356128
1080 235      ok 132746859574893621698251734943127586265384197817965342481639275729518463356472918
1081 479      ok 132498675864753291975261348217345869386972514549186723421537986693824157758619432
1082 252      ok 136728495845691327927354681483562719712849536569173842694287153358916274271435968
1083 172      ok 132746985865239741974581632513692478628473519749815326251364897386927154497158263
1084 551      ok 316459827784213659295678134459182763173564298862397541641835972527941386938726415
1085 385      ok 513849267286751493497326518961472835725138946834965721678293154349517682152684379
1086 2377      ok 376491852598732614421865379137524986265189437849673521613248795954317268782956143
1087 2699      ok 937428561846531297125679438279186354683254179514397682468715923391862745752943816
1088 3282      ok 384592176792136548156847329918675432563924817247381695821763954675419283439258761
1089 1043      ok 813694725947251836562387194289435617671928453435716289798562341156843972324179568
1090 986      ok 358192674149367528726458193462971385981536742573284916897643251235819467614725839
1091 5450      ok 375198246612347958498652371589721634736485129241936785863214597124579863957863412
1092 1541      ok 346582197279613485158794236621458973934267851587931624895176342413825769762349518
1093 1413      ok 437659128296184375158327964819536247362748591574912683945861732681273459723495816
1094 229      ok 713869452824135679596427318659374281482651793371982564238716945965248137147593826
1095 3686      ok 967385241853421967142697583281576394539814726674239158725148639318962475496753812
1096 728      ok 873542691162398574945761382638279415524186937719435268256813749387924156491657823
1097 2045      ok 867213495543896721129475683351627849982534167476981352634159278215748936798362514
1098 2464      ok 963581472825746391174239685297453168418627953356198247642815739789362514531974826
1099 409      ok 173958462926417835584623179895174326741362598362895714419786253658231947237549681
1100 461      ok 136245897842967531957381426214736985368159742579428613425693178691872354783514269
1101 1889      ok 639185247417362985852749136125978463986431752374526819241693578568217394793854621
1102 193      ok 127389546835642791946751382582964137793128654614573829369215478278436915451897263
1103 348      ok 132594687864731925975826341328149756649257138751368492213475869486912573597683214
1104 161      ok 268713945493586271175924386984275613752631498631498527547162839329857164816349752
1105 1994      ok 863951472721364895459827361597183624614275983238496517942738156185642739376519248
1106 300      ok 132546987847291365956837421271485693593672148684913572318764259429158736765329814
1107 2778      ok 914378526658912734327564981289137465463295178571846392846753219792481653135629847
1108 1295      ok 834295176527136984169784352793842561452619738681573429275461893918327645346958217
1109 479      ok 351684279482973516967152483196325847234718965875496321718239654629541738543867192
1110 755      ok 193562748657348912842719563925481637768253194431976285374195826516824379289637451
1111 1429      ok 357684219482139675196752483871925346264318597539476821718263954923541768645897132
1112 702      ok 837521496126497853945683271253169748681745329794832165462358917578914632319276584
1113 874      ok 357689241984251673621374895148725936573916428269438157836592714712843569495167382
1114 1671      ok 432561987186749523759238164961374852573892416824156379345687291618923745297415638
1115 481      ok 351672948879541623462983715147325896985716234623498157216834579738259461594167382
1116 437      ok 748135269935624187216987345321796854859341672674258913162579438583462791497813526
1117 471      ok 863251479142679583957483261594862137678315924231947856789126345415738692326594718
1118 1132      ok 357128946692745381148936527789514263465293178231687495923871654574369812816452739
1119 192      ok 167249358593178642824365791918632574642517839735894126459781263371926485286453917
1120 1022      ok 681745329527983146349612875196258734834197562275436981963821457718564293452379618
1121 3838      ok 976435182231897564845621379763258941582914736419376825697143258154782693328569417
1122 748      ok 173529486854761923962384751316297548425816397798453162537642819289135674641978235
1123 567      ok 219683457468759312753142986695418723321976845874235169932864571547321698186597234
1124 445      ok 143658792872391564965742381514973628629485137738126945251839476387564219496217853
1125 1133      ok 963721584152486937874935621325148796618597243749263158586379412431652879297814365
1126 203      ok 123649587974581632865732491497358126518276349236194758649813275782465913351927864
1127 423      ok 123579684845361279967482351239615847571824936684937125312746598456298713798153462
1128 217      ok 312946857486157293759283614295361748641875329837492561924638175568714932173529486
1129 311      ok 176342598832759461954681372691825743287436915543197286369578124715264839428913657
1130 805      ok 382654179175923468946187325419736852253498716867512943621379584794865231538241697
1131 1090      ok 132578694865493271947261358271356849386947125594812736413625987629784513758139462
1132 1229      ok 953478261867251394142396578374182956296745183581963742735614829418529637629837415
1133 678      ok 436179825872563941159248637361985472795421386284637519928316754517894263643752198
1134 2065      ok 367192854158643297249587361614278935725369418893415672432756189971834526586921743
1135 1099      ok 347865129658291374129743658812974563764358912935612487281436795593187246476529831
1136 1192      ok 923581764156749283874632951518476329739215846642893517395168472481927635267354198
1137 227      ok 152397684863421795974658321215869473349175268786234159421586937537912846698743512
1138 4569      ok 974526381635841279218397564423958617159673842867214953346789125591462738782135496
1139 281      ok 143792685852641793976358241718423956524976138639185472267839514395214867481567329
1140 1560      ok 185923764234687519697514382471398256968275431523461978316742895749856123852139647
1141 1642      ok 936752481845391627172468395719846253524173869683925174358619742491287536267534918
1142 265      ok 123597684857624931964381752231865479645739128789142365312456897496278513578913246
1143 1259      ok 873614952642935817591827643457289361239146785186753429364571298925368174718492536
1144 758      ok 136249587925781634847635291712598346694173852583462179351927468478316925269854713
1145 290      ok 145378692836295471927461358319524867578619243264837519481752936753986124692143785
1146 1760      ok 837562491954381762162749583749126358618435279523978146496253817385617924271894635
1147 504      ok 725413698316895742489726153573269814294178536861354927942587361637941285158632479
1148 1061      ok 157382694834769251962541387529438716613975842748126935391257468285694173476813529
1149 2193      ok 368542917924176853175983462619735248837264195452819376743698521281457639596321784
1150 938      ok 936451827142987365857326491369172548275864139481539672514793286728645913693218754
1151 910      ok 738641925192758634645293781821365479379412856564987312286574193413829567957136248
1152 971      ok 853679421974281536162354987317492865286735194549816273791523648635948712428167359
1153 477      ok 136452897875369241942781563524918736613574928789623154358247619467195382291836475
1154 2064      ok 483729651157436928692185743714653289539872416268941375825364197371298564946517832
1155 208      ok 137268549894153627256794183762541938549386712381972465913627854425819376678435291
1156 588      ok 152743698864591273973268451215389764649175382738426519321857946497612835586934127
1157 963      ok 439758261265431879781962453697183524312574986548629137824317695176895342953246718
1158 1844      ok 836792541147568923925431687584973162713246895692815374259387416368124759471659238
1159 1826      ok 125369784873451692964287531216893475359174826487625913531748269648912357792536148
1160 6385      ok 253678419647931582918524736861459273439782165725163894592317648184296357376845921
1161 467      ok 735816429892453617416972853684197532157234968923685174541329786379568241268741395
1162 469      ok 124387956875961234936245781312574698458629317697138542241753869569812473783496125
1163 814      ok 319264875825179643467538291138627954974385126256941387592413768743896512681752439
1164 3617      ok 413926587726458931895173624134689275958732146267514893379261458541897362682345719
1165 232      ok 739182564618547239254693817462739185573218946891456372126375498945861723387924651
1166 481      ok 132486795854791623976325841215639478643817259789542136321964587497158362568273914
1167 1005      ok 349867125621549783758213469965372814487951632132684597573126948214798356896435271
1168 288      ok 132576984857349621946281573513428769624795318789613452261937845378154296495862137
1169 2167      ok 427396581168752493359841276641987352932415768785263149514629837276538914893174625
1170 340      ok 123645987856937421947281356269753148385124679471869235512376894634598712798412563
1171 909      ok 293645871675813294814279563158437629427196358936582417742968135361754982589321746
1172 1033      ok 371869425492537168856124793218693547769451832543782916985216374124375689637948251
1173 720      ok 152439786864752931973681425216375894347968152598214367421593678635847219789126543
1174 1006      ok 173648592946752381852391467529173846738426159614985273487239615391564728265817934
1175 1821      ok 435689712798125364612347859249513687186472935573968241861794523327851496954236178
1176 2138      ok 392687541418593267567214938726348195154972386839165472283759614971426853645831729
1177 2278      ok 356871294972643851841952736213465987794318625685297413128736549569184372437529168
1178 2189      ok 813425679569817342742936815621354987987162534435789261294673158176598423358241796
1179 268      ok 138425697579683124264791358795846213426317985381952746612534879953278461847169532
1180 229      ok 124365798876491352935278641253984167461537289798126534312649875547813926689752413
1181 322      ok 153468927872391654964275381246713598395824176718659243421537869537986412689142735
1182 182      ok 123485796865729341974631582216347859357198624498256173531972468682514937749863215
1183 2376      ok 639724815421385769857196342592431678386957124714268953263519487175843296948672531
1184 941      ok 943752681865341297172698435718426953524973168639185742251869374486237519397514826
1185 823      ok 293576841578314296461829753324658179759241638816793425647985312185432967932167584
1186 551      ok 124379568975628341863451792248935176759146283316287954492763815681592437537814629
1187 519      ok 931648275847295631526713894375964182194852367682137459769481523458329716213576948
1188 209      ok 127365489853491276964278351231756894548932617679184523312547968485619732796823145
1189 462      ok 152349768863571492974682351231496587645827913789135246316254879427918635598763124
1190 2059      ok 537612894126894735489573612653427189714958326892361457268145973345789261971236548
1191 590      ok 138654927524987316976312854317248695892536741465179283753821469249765138681493572
1192 160      ok 132768495874591263965342781513624879648975132729183546256437918387219654491856327
1193 725      ok 832697541164325897975481362219546738653278419748139625391854276486712953527963184
1194 469      ok 125493786846725931937681524253169847691874253784532169312948675469257318578316492
1195 235      ok 132479658847365291965281473396154827278936145514827369729618534651743982483592716
1196 1651      ok 875423961934681257162597384397154826481236579256879143718962435543718692629345718
1197 1472      ok 123645987864279531975381426316724895497518263582936174231497658649853712758162349
1198 762      ok 316842597897315426425679831738964152149523678652187943284791365571436289963258714
1199 146      ok 123685497847921356965437821214569783539718642678243915351874269492356178786192534
1200 255      ok 134987652568214379279356814891675423642831795357429168983162547726548931415793286
1201 3608      ok 824935671567412893193768542251693487938274156746851329472386915619547238385129764
1202 7300      ok 952367841718542936463918752231759468594186273876234519625493187349871625187625394
1203 1379      ok 375149628629835714841267953497582361216973485583614297164798532932451876758326149
1204 288      ok 523861974819247536746359128392784615687125493154936782478613259935472861261598347
1205 1657      ok 846932175927451863513687429351768294268194537794523618685319742179245386432876951
1206 493      ok 345791628128346759697852341832469175569137482471528936784615293956273814213984567
1207 735      ok 317564928428193567965782314872435196659817243143629785794256831286371459531948672
1208 635      ok 317584926526193847984762315672435198153829764849617253798246531265371489431958672
1209 1017      ok 531876294497325168268491735876512943145938672923764851614257389789143526352689417
1210 2741      ok 368725419542391768971684523623857941495163287187942356219578634734216895856439172
1211 4251      ok 863427951147695382925381467659178234234569718781234596398746125572813649416952873
1212 966      ok 813927654459816327276435819687593241394281576521764983965172438732648195148359762
1213 2839      ok 936574281827391465154268379782146593569732148413985726695423817271859634348617952
1214 1689      ok 958347612471926538623185479746532891589471263132698754867219345395864127214753986
1215 862      ok 317849265245736891869512473456398712732164958981257634174925386693481527528673149
1216 1142      ok 835621794927485631146379582683192457512748369794536218368214975271953846459867123
1217 9038      ok 829736514674159382513842697481627935795483261362915478137594826256378149948261753
1218 550      ok 981374256327659481465812397274183965516297843893465172649531728152748639738926514
1219 419      ok 132786954856491723974325681213547869645819372789632145327158496498263517561974238
1220 349      ok 437256819581397642692148357375624198824719536916835724749561283258973461163482975
1221 642      ok 964813725183752496752496318395124867871365942246978531437681259629537184518249673
1222 150      ok 375496218248571369196238547419685723582347691763129485857962134924713856631854972
1223 846      ok 123759486856341927974286351512473698649812573738695142265937814381524769497168235
1224 600      ok 132594687875621943946783521251836479369247158784159362417362895593478216628915734
1225 1188      ok 923576481641389752758142693486725139237491865195863274812957346564238917379614528
1226 2613      ok 375642918284591673916783524763825149429316785851479236647258391132964857598137462
1227 383      ok 378691425914572863652384197843925716596718234721463589485236971237149658169857342
1228 192      ok 143576892867429531952381764514792683639845127728613945271938456385164279496257318
1229 625      ok 379641258215789643864523197486295371927318465153476829538962714792134586641857932
1230 876      ok 123759486847263951956481372214635897639872514785914623361528749478196235592347168
1231 265      ok 123479568867351294954682371271946853396518427485723619512837946648195732739264185
1232 196      ok 371649825869521437425783169186935274794216583532478916258364791647192358913857642
1233 451      ok 375694128689152473124783659917835264463219785852476931798321546241568397536947812
1234 937      ok 372681954189543267465729183738965421624318795951472836516294378247836519893157642
1235 279      ok 123479685864523791975681234216347958389256147457198362531764829648912573792835416
1236 291      ok 123659748847321695965478321534162987682795134719843562398217456451986273276534819
1237 460      ok 124375896837629541956481723512743968643918257789562134261854379375196482498237615
1238 323      ok 123456789456789132789213645247195863318627594695834217571348926864972351932561478
1239 1917      ok 152693784863724951974581263231457896486932175597168342315849627628375419749216538
1240 4425      ok 824935176961874352537621984483592617712468539659713428145286793296357841378149265
1241 318      ok 124586793873249651965731482216453879397628145458197326531872964682914537749365218
1242 4193      ok 945721386837694521126538497652143879489257163713869254278316945364985712591472638
1243 472      ok 134576892862439751975281463513642978628795134749318526251867349386954217497123685
1244 2901      ok 835472169497163528216859374978346251351298746642715983189524637564937812723681495
1245 566      ok 123456789657398421489172653561239874948517236372684915216845397895763142734921568
1246 1874      ok 937541682164382597852769431713925846548136729629478153371894265285613974496257318
1247 291      ok 142368579875429361963751482314895726526137894789246135231674958457982613698513247
1248 1117      ok 826534719593712468471689235358946127612873954947125683184367592239451876765298341
1249 573      ok 125493678837561294964278351596714823378652149241839567419326785653987412782145936
1250 2347      ok 937428516421365879865917342319842657648753921752691438174589263296134785583276194
1251 1081      ok 846321975937645281152789346789532164623417859514896723268153497395274618471968532
1252 3107      ok 369841275854273619172659438521734986748962351936185724295316847483597162617428593
1253 377      ok 342758169598164723176932584763419852485276391219583647951647238634821975827395416
1254 576      ok 389257164764391285152648793415832976678419532923765418841923657297586341536174829
1255 927      ok 397625814518437269642891357769148532425369178183752946851276493236914785974583621
1256 1028      ok 937451682162798435854326791528143967613972548749685123491237856386514279275869314
1257 321      ok 567934182431825796892761345273486519185297634946153278718542963659318427324679851
1258 1054      ok 957134682421869357863275941392416578786952134145783296219548763678391425534627819
1259 278      ok 638795241219643785574281396156928473793514628842376519425139867967852134381467952
1260 469      ok 576923184298174365341586297837261459469357812152849673915438726723615948684792531
1261 788      ok 173689254964257381825341697319426875487593126256178439791862543538714962642935718
1262 422      ok 463981275291753684875642931532419867187536492946827153654278319718394526329165748
1263 2678      ok 927643581835291674164758293513982746286174359479536128751469832342815967698327415
1264 838      ok 163798542972645381854231976418923765795486123236517498627154839341869257589372614
1265 1364      ok 146735892853629471927481635765812349214963758389574216498356127572148963631297584
1266 2666      ok 674823519825169374139745628516982437783456291492317865248671953357294186961538742
1267 311      ok 124539786873462591965781423216357948358194267497826135531248679682975314749613852
1268 1395      ok 731569824296841573458327169315792648679418352824653917583276491962184735147935286
1269 1389      ok 132786594847529361965341872513672948624938157798415623251864739386297415479153286
1270 2060      ok 736285941815497632924316857683742519251963784497158263169874325348529176572631498
1271 772      ok 295368417347195826816472539674951283981243765523687194169724358738519642452836971
1272 3676      ok 172938654438625719956714832397582461281346975564197328619453287843271596725869143
1273 781      ok 256491378843257691719386524928514736375862149164973285592138467487625913631749852
1274 229      ok 436852179718369245925174863169527438284613957357948621843796512691235784572481396
1275 477      ok 386517429215649837947328516728463195631952784459781263572836941193274658864195372
1276 531      ok 134698257865273491972541368286937514517486923349125876458719632793862145621354789
1277 178      ok 123589647965247381874361592357428169419673258286195473648712935732956814591834726
1278 510      ok 381695472924317568765482193617829354453761829892534617149253786236178945578946231
1279 430      ok 439871265271536849865429317928643571314752986657198432582317694146985723793264158
1280 2455      ok 162389754953467281874521963319758426285634197746912538598176342421893675637245819
1281 1352      ok 263987415194532786758461932819346257425719863376825194932678541541293678687154329
1282 176      ok 123487596864529371975361284216748953489253167537196842341875629652914738798632415
1283 3240      ok 538976241642531798971248536286317954395482167417695823154823679769154382823769415
1284 256      ok 382671495974258316516394728641825973835719264729436851498562137267143589153987642
1285 160      ok 381672945974351826562894173643925718895716234127483659216538497738249561459167382
1286 2777      ok 381694725476152938529873416812735649694218573735469281948326157257981364163547892
1287 754      ok 159374286847692153623158974786213549514987362392546718278431695961825437435769821
1288 510      ok 385621497179584326426739518762395841534812769891476253917253684243168975658947132
1289 2089      ok 387621459129543876546879123891735264473216985652498731215384697764952318938167542
1290 198      ok 124386975836795421957421683213548796648917352795632148362874519489153267571269834
1291 783      ok 693824715421579386758163942982635174164798253375241698247986531816357429539412867
1292 4385      ok 354186927298743615167952483481527369932614578576398241729865134845231796613479852
1293 1161      ok 673598241419263875258417963536849127821756439947321658194675382365182794782934516
1294 2226      ok 593846712468217539172593486817324695349165827625978341986732154751489263234651978
1295 2086      ok 254963187917845632638127549482756391579318264361492875825679413196534728743281956
1296 1296      ok 719426583438579126625183974954238617263751849871964352346817295192345768587692431
1297 376      ok 932748651854361792176592384523184967618975423749623815465817239281439576397256148
1298 2257      ok 923751486874369251165482793298173645357624819416895327589236174642517938731948562
1299 218      ok 132486975847591362956327481213765894564819237789234516321648759495173628678952143
1300 535      ok 123486957874591263965723481231859746658347129749162538312674895486915372597238614
1301 911      ok 123596874846721395975384261251863947367942158498175623512439786684217539739658412
1302 878      ok 163524987974381625852976341781459236649213758235867194418632579396745812527198463
1303 3831      ok 296487351358912764417635298974128536685394127132756489749563812863271945521849673
1304 667      ok 135489672876532491942671853513794268629813547784265139251347986398156724467928315
1305 543      ok 465732981128496735739581462683127549574968213912354876257813694891645327346279158
1306 2252      ok 395672184184539672726481539568394721473128956219765843852913467937846215641257398
1307 884      ok 173682945946351782825479631732948156518736429694215378267894513381567294459123867
1308 441      ok 536498721849127635217536984793281546152964873684753192961842357475319268328675419
1309 827      ok 718435692963278541254961378547612839192387456386549127675893214421756983839124765
1310 190      ok 124356987835927641967481325213745869549268713678193452351674298482539176796812534
1311 1588      ok 813974625796125834425836719567481392139762548284359176978643251642517983351298467
1312 838      ok 164325897823971654975486321689142735541637289732859416456213978297568143318794562
1313 970      ok 531496827247318569986275314873962451162854793459137286614583972728649135395721648
1314 1699      ok 428735691937164825561982734372516948859473162614829573745398216293651487186247359
1315 247      ok 125738946874695231963421785387964152519872463246513879752389614498156327631247598
1316 1648      ok 863279541954681372172345986437962158218453697695718423589137264741526839326894715
1317 900      ok 126385974975624381834791562613879425258416793749253618497132856562948137381567249
1318 2020      ok 823475691156289374947361258368942715471658923592137486714596832685723149239814567
1319 386      ok 143297685956381274827465391518672943739854126462139758285716439694523817371948562
1320 2139      ok 398572146267148359451396287842719563715634928639285714976821435523467891184953672
1321 185      ok 295136847871945623436827519347682195528419376619753284962378451754261938183594762
1322 2410      ok 398654271572189643641732859183975426264813597957426318715268934829341765436597182
1323 278      ok 527396184436185792891724653768952431153467928942831567284579316679213845315648279
1324 332      ok 162587943893624157547319286984763521731258694256491378425836719379142865618975432
1325 224      ok 123475896845639271976281354512763948698542137734918625251894763369157482487326519
1326 213      ok 391678254826154937547923816132795468479816523658432791285341679714269385963587142
1327 1212      ok 395672418286541379147389526461935287523718694879426153918263745732854961654197832
1328 567      ok 392641875817532946564798123679285314428913567153476289285364791736129458941857632
1329 1081      ok 452836179916472385873519462547281936638945721129367854291753648785694213364128597
1330 178      ok 123479568867351492954682371371245986482916753596837214215763849638594127749128635
1331 1248      ok 154692378239857614786413952318569247567324189942781563821976435673245891495138726
1332 3622      ok 856391472143287695972465381681952734495173268327648519269834157734519826518726943
1333 3111      ok 639784125571263489482951637967315248853429716124876953716532894398147562245698371
1334 306      ok 132594876846327591957681342271458639583269417694173258318742965425916783769835124
1335 26776      ok 465389271827451396193267458278594613631872945954613782549136827786925134312748569
1336 551      ok 123685497847921356956734821361259748482173965579846213214367589635498172798512634
1337 328      ok 317594628428673519695812743864237951231956487579481236786145392942368175153729864
1338 1004      ok 835791264126584397947623851369457182574812936218369475651948723483275619792136548
1339 311      ok 152439786863725941974681523215964378436578192789312465321847659548196237697253814
1340 230      ok 132569487865741932947382561514293678623875149789416325251637894378954216496128753
1341 420      ok 217395648584276931693148752132869475478531296965724183859412367326987514741653829
1342 206      ok 124378596867591324935264781412836957583749612679125843246953178351487269798612435
1343 285      ok 123694587864375921975821346351246798482759613796138254217583469548967132639412875
1344 623      ok 132495876856327491974681253243568917681279345795134628317842569469753182528916734
1345 4439      ok 347689215581324967926715348718436592453192786269578134895241673172863459634957821
1346 528      ok 173245698962781354854369271789152463426837519315496782598624137231578946647913825
1347 2750      ok 381425697472639581965781324659347218823196745714852963236518479598274136147963852
1348 4408      ok 412837659978546132536129784324698517659471328781253946165782493843965271297314865
1349 865      ok 841927536736451298925683174657814923298536417314279865569742381182365749473198652
1350 345      ok 142385976863791245975624381214537869659812437738469512321946758497158623586273194
1351 668      ok 345982167792651348186734592627345981431879256958216473563198724819427635274563819
1352 564      ok 634871925798526143215934768563419287847352691921768354476283519382195476159647832
1353 4741      ok 947361258853472691126589374378925146564813729291647835635798412419236587782154963
1354 1089      ok 926843751518279463473165289149387625265491837837526914654712398791638542382954176
1355 333      ok 347516289258349176619872543591437628823961754476285931735198462182654397964723815
1356 1185      ok 943612578187549263652387419365491827721856394498723156574168932839275641216934785
1357 221      ok 276315849419287563385964721931472658624538197758196234192753486847629315563841972
1358 5072      ok 297543681435681927816927543129875436653419872748236195374158269562394718981762354
1359 185      ok 284136975769245318153897264891654732432978156675321489916782543528413697347569821
1360 2931      ok 975468321163295784842371596387159462219647853456832179721984635698513247534726918
1361 336      ok 637429815429581673851763249375916482246837951918254736184392567762145398593678124
1362 958      ok 753648912914725386862913457238576194197432568645891273581364729376259841429187635
1363 779      ok 269743581154268937378915426421596873986372145537184692842657319693821754715439268
1364 3109      ok 872365941164279385953481726346512897517894263289637154431958672728146539695723418
1365 4540      ok 498175263736294815521863749954628137182347956367951482243716598875439621619582374
1366 811      ok 964781352123549786875236491257394618496158273318627549732915864581462937649873125
1367 1206      ok 849316275572498361361275489285147693617983524493652817938724156756831942124569738
1368 1334      ok 278945361154836729396271548647192853521368974983457216819724635462583197735619482
1369 1195      ok 842691537975342681163758294639485172528173946714926358496237815257819463381564729
1370 1396      ok 847635291153927846926481357274519683538762419619843725362194578781256934495378162
1371 1674      ok 943276815526418793817359264269835471138764529475192386694527138382941657751683942
1372 2398      ok 384697125169254783572831496841965237257413968693728541736542819418379652925186374
1373 12948      ok 491862375387195264265374891159236487632487519748951632923748156816529743574613928
1374 3019      ok 928576413674319528351824679249158736836497152715263894592681347183742965467935281
1375 2466      ok 536294781218765439749813562895432617321657948467189325982376154654921873173548296
1376 838      ok 973241586854637921162985374316729845795468132248153697621394758489576213537812469
1377 477      ok 478312965963548712512796384635487129897251643124963578746839251381625497259174836
1378 857      ok 847251396953768241162394578684173952315629784729845613578432169436917825291586437
1379 1426      ok 825379461764251893193846752386794125942185376517623948231467589458912637679538214
1380 4776      ok 958762413764319528321854679549128736873496152612537894295681347187243965436975281
1381 4364      ok 625489713914237865378651249851974326492563187736128954287346591569712438143895672
1382 1317      ok 973641582152798364846253791718469253534182679629375418261937845387514926495826137
1383 1316      ok 265389471874251693193647852327894165946125387518763249631578924452916738789432516
1384 1498      ok 964381752853279461172645398389162547546738219217954683425893176791426835638517924
1385 645      ok 374129685256843791819765423527491836648537219193286547781952364435618972962374158
1386 514      ok 253789461867514239491623785512876943634192857978345612385967124746231598129458376
1387 1408      ok 742913856861457293359286147235761984187394625694528371478132569523649718916875432
1388 1189      ok 925674381846351792137289456514768239278593614693142875482917563759436128361825947
1389 1172      ok 963754281874261593125389467456823719319547826287196345632415978541978632798632154
1390 707      ok 427315986869427351153869742234958617615274893978631524386192475541783269792546138
1391 1061      ok 734125869986734215512968734425371698693482571178596342259613487347859126861247953
1392 2905      ok 827639415954218637361754928248167359793485162516923784689571243175342896432896571
1393 2213      ok 827569413964318527351724968248157639793486152615932784589271346172643895436895271
1394 4220      ok 827659413964318257351724698248167935793485162615932784589271346176543829432896571
1395 2543      ok 857692413964318527321754698548127369736489152219563784683271945172945836495836271
1396 4252      ok 857962413924318567361754298548127936793486152216539784689271345175643829432895671
1397 1078      ok 857629413924318657361754928248167539793485162516932784689271345172543896435896271
1398 651      ok 351284769467319582829675431632857914145923678978146253714598326583462197296731845
1399 2399      ok 865741392924536781173289654216493578357628149489157263641972835798315426532864917
1400 402      ok 746289315185736249932415678453162897817953426629874531391528764278641953564397182
1401 3051      ok 974521683852673491163498725436257918289164537517839246698345172345712869721986354
1402 728      ok 432178569951624378786395214173952846549786132628413795814267953267539481395841627
1403 9521      ok 421789536975632841386145297748513629219867354563924178852476913194358762637291485
1404 492      ok 674819235531672489829453176283195764147286953956734821418567392795321648362948517
1405 1785      ok 745162938312895746896347521578234169629718453431659872983576214267481395154923687
1406 4229      ok 914872356852361497367459821289713564146295783573648912628534179731986245495127638
1407 1168      ok 142379658857461293963582471231645987579823146684917532315298764428756319796134825
1408 481      ok 142369587853721946967458231321597468486132759795846312214673895578914623639285174
1409 2513      ok 538219746962874531174356298283497615741568329695123874329645187857931462416782953
1410 513      ok 936148572472935816815762439267859341358614297194273685789326154523491768641587923
1411 1598      ok 714983625239456718568712493187364259645129387923578146352847961471695832896231574
1412 462      ok 467239518153486927892157346675942831328571694914863752239718465581694273746325189
1413 309      ok 137486925945721683826593471719845362653912748284637159398264517472159836561378294
1414 1390      ok 421859736563217894897634251184365972732941685956728143349186527218573469675492318
1415 1155      ok 697315842581742396324869751132486975475193268968257413753921684819634527246578139
1416 797      ok 462813759983754162157962483294675318675381294318429675829136547731548926546297831
1417 3535      ok 417539268836472591529861374942187653671345829385926417798654132254713986163298745
1418 513      ok 843296175621785934597134826416327589275849613389561247134658792762913458958472361
1419 401      ok 139487526675129843284563791862354917941672385357891264528746139716938452493215678
1420 1556      ok 651437829738952614924168375597246183486713952312895467273689541169524738845371296
1421 699      ok 425179386367285941198346527849713265653492178712568439236851794971624853584937612
1422 115      ok 154297386872631495963548721347826159615479832289153647496312578738965214521784963
1423 1446      ok 452783916937461852861952734584176293279534168613829547325618479198347625746295381
1424 231      ok 543129687697384152182657934724863519369571248851492763478916325236745891915238476
1425 131      ok 143268795857493621962571384215749863386152479479836152521387946638924517794615238
1426 445      ok 543267918871359246269841753628135497417692385395784621132478569754916832986523174
1427 203      ok 147869253582371964693254871479132586218546739365798142756923418824615397931487625
1428 213      ok 154673289296854713837921456713568924689412537425397168371246895548139672962785341
1429 3480      ok 872639541164285973953741286749562138286413795315978462597826314438157629621394857
1430 382      ok 142568937856739421973241586215386749367495218489127653521673894638954172794812365
1431 454      ok 142736985853249761967581324514673298638492157729815643271954836395168472486327519
1432 1352      ok 936458271142397586857261349523149768784536192619872435298713654471685923365924817
1433 742      ok 394715862526938174178426539962341785837652941451879623649583217715264398283197456
1434 156      ok 153674298827359461964281375341725689578946123296813547419568732632197854785432916
1435 199      ok 146529378293871645857463192614938527932754816578612439369245781781396254425187963
1436 109      ok 451732869379648512628159743163274958297586431845391276786423195934815627512967384
1437 1171      ok 567294381234781965819653247625178493348569172971342658483925716792816534156437829
1438 1523      ok 954381276172469385863725941417693528329518467685274139746152893538947612291836754
1439 611      ok 578463912639217548241589367492758631716392854385641729157934286964825173823176495
1440 2219      ok 896743152451298673237615948519836724328479516674152389743921865185364297962587431
1441 7743      ok 164398572852471369937652481485269713376184295291735648749823156628517934513946827
1442 1421      ok 854937216362158479791264358918746532576312984243589761685423197129675843437891625
1443 14939      ok 463957812927681345851324967386512794249736581715498236632845179594173628178269453
1444 12640      ok 463957812927681345851324967386512794249736581175498236632845179594173628718269453
1445 14977      ok 463957812927681345851324769386512974249736581715498236632845197594173628178269453
1446 14245      ok 463957812927681345851324769386512974249736581175498236632845197594173628718269453
1447 7442      ok 413865972628791345957324861396572184241638597785419236532946718874153629169287453
1448 7323      ok 413865972628791345957324168396572814241638597785419236532946781874153629169287453
1449 12856      ok 643987215791526843258143796836712954425639178917458632564271389372895461189364527
1450 1170      ok 641938527892751346735246819328619754956427183417385962574892631163574298289163475
1451 189      ok 627149583531827946948563721782614359315982674496735812153276498869451237274398165
1452 3207      ok 439658721576142839281397465715986342693421587842735916158274693367819254924563178
1453 6530      ok 463598721928716453751243968376189542145372896289654317832465179597821634614937285
1454 6441      ok 463598721928761453751234968376189542145327896289645317832456179597812634614973285
1455 1999      ok 674392158153847296298651734469518327821736945735924861382475619947163582516289473
1456 248      ok 142379658936582741857461293315627984724893516689154372463915827298746135571238469
1457 154      ok 814793562673542981952186743145639827786214395329875614297458136568321479431967258
1458 754      ok 142635987853971426967284531321548679684729315795316248216457893479863152538192764
1459 521      ok 694537182537812946182964735319275864768493251245681379956728413823146597471359628
1460 10530      ok 841769325659283174327514689215647893934128567768395241583972416192436758476851932
1461 1224      ok 947365281132897546865241937576483192319752468284619753453128679791536824628974315
1462 16770      ok 468931527751624839392578461134756298289413675675289314846192753513867942927345186
1463 1945      ok 761289354324165897985743621578391246693472518142856739859624173417538962236917485
1464 495      ok 124689573835741962976352481512478639643915728789236154251864397368197245497523816
1465 336      ok 142569378853271496967483251231647985476958123598312647314725869685194732729836514
1466 511      ok 124367985875921346936584271412658793689732514753149628261473859347895162598216437
1467 1421      ok 145378692396425178287916453734652819562891734918743265659184327821537946473269581
1468 1603      ok 764359812358124769921876543845791236192563487637482951479638125216945378583217694
1469 12708      ok 475691328961832745823754196259143687347586219618927534534269871796318452182475963
1470 1549      ok 453768912726195348198234657869341275345872169271956834582617493634589721917423586
1471 2524      ok 495712638631598274728346951574289316169453782382671495816934527947125863253867149
1472 1675      ok 142395687873624951956781423214573869635819742798462135321946578489257316567138294
1473 426      ok 152689473863742591974351268321467859549823716687195342215934687496278135738516924
1474 295      ok 143278695957463821826591437684917352219835764735624918471359286368142579592786143
1475 401      ok 124673985857291364936458721213547698649812537785936412361724859492385176578169243
1476 1052      ok 472318965351679284869245317643827159527196843918453672796582431234761598185934726
1477 1149      ok 418735962532946871796182354689521743147863295325497618251379486873654129964218537
1478 180      ok 146327985973685421852491736689714352715236894234859617421973568368542179597168243
1479 690      ok 843269751957381426126475893514738269792546138638912547381654972469127385275893614
1480 3039      ok 731289564264153897958746231826975143315864972497312685579631428643528719182497356
1481 244      ok 142387956863591274975624381251876493387249165496153827514962738639718542728435619
1482 1104      ok 867459321421783659593126748935648217612975834748312965279531486354867192186294573
1483 856      ok 789521643512346897346879125673294581195738264824165739967452318458613972231987456
1484 475      ok 862541397953278461147693258385462179716839542294157683529714836471386925638925714
1485 1892      ok 824561793137294658956378241461723589278945136593186427789652314612439875345817962
1486 6212      ok 836451729152879634749623581567984312481235967923716458215347896678592143394168275
1487 452      ok 837946521142587936956321487329678154784153692615492378598764213471235869263819745
1488 271      ok 149562837685347921723198465851439672362785149974621583216853794437916258598274316
1489 496      ok 416985273879312546235476198568291734391748625742653981187539462654827319923164857
1490 876      ok 941573826568142379273986154197458263685321947432697581314865792826739415759214638
1491 1667      ok 783461952694257381521839674352714869168593427479682135845976213216345798937128546
1492 625      ok 234587691751296348968341752627139485189654237345872916873965124516423879492718563
1493 1893      ok 973485621814627539256931478347592186195876243628143795769314852582769314431258967
1494 1575      ok 749162538315874692286359174457916823123748956698523417861297345974635281532481769
1495 509      ok 824539761956741238137268594649175382582493176713682945491326857365817429278954613
1496 2561      ok 469187532813542679275639841354926187786351924921874365532418796648795213197263458
1497 219      ok 458276931623891475197534286371452698269783154845169327712948563986315742534627819
1498 1632      ok 243675189761984253958123476617359842829746315534218697382591764175462938496837521
1499 903      ok 371496852456128937982357146824965713195273684637814295713582469568749321249631578
1500 3689      ok 842657319619328745573491682427583196135946278968712534791865423386274951254139867
1501 1602      ok 287419536654832917139675824842561793573298461961743258495386172726154389318927645
1502 209      ok 152479386874365921963281574415793268629854137738612459246137895397548612581926743
1503 293      ok 123456789549387621768912534815624973394871265672593418951268347237145896486739152
1504 2793      ok 879624513634715892215938647382591764451276938967843125548162379193487256726359481
1505 932      ok 748256913596143278231897564157932486683475129924618357479581632812369745365724891
1506 694      ok 137249856942586731856371492723865149514793628698412573265137984479628315381954267
1507 873      ok 842359167573186942619274538127865394435791286968423715781942653354617829296538471
1508 1238      ok 842153967531976842679284531127865394485739216963421785718342659354697128296518473
1509 5437      ok 842351967573986142691274538127865394435719286968423715789142653354697821216538479
1510 623      ok 456913287273468915918725643591376428324851769867249531732584196185692374649137852
1511 1471      ok 937261458826495371154378296581943762279856143463127985642519837798632514315784629
1512 130      ok 145628397872539461963741285514297638628153749739864152251386974397415826486972513
1513 228      ok 178596423235874916694312857762189534849235671513467289956721348481653792327948165
1514 776      ok 945632781172589364863471925638795412529814637714263859496128573257346198381957246
1515 10245      ok 864531297327496851519278643251743986943862715678915324195627438782354169436189572
1516 1333      ok 312468597678593412594217863237685149841729356956341278485972631169834725723156984
1517 609      ok 143576982865291734972348561514739628639825417728614395251463879387952146496187253
1518 1507      ok 684325179152769483973841256817653942296417538435298761541986327728134695369572814
1519 1459      ok 142536987867921435953487621231674598574892163698315742315249876426758319789163254
1520 1708      ok 473659128581432976269871543795348612328167459614295387136724895852913764947586231
1521 2396      ok 943651278127498563856372491269834715374516982518729346685247139492183657731965824
1522 372      ok 417369528839125746652748319925437861781956432346812957294683175573291684168574293
1523 391      ok 417369528839125746652748319925837461741956832386412957294683175573291684168574293
1524 622      ok 143587962852496731976321584214675398635819427789243615321764859468952173597138246
1525 692      ok 134598276596724138287631594845319762361472985972856341613945827728163459459287613
1526 1569      ok 471853629923476851685129437792534168364781295158692374836917542547268913219345786
1527 397      ok 415687239637259814982143576274918365196325487358476192861594723749832651523761948
1528 561      ok 123457689456189273789263451265398714318742965974615832597834126642571398831926547
1529 561      ok 123457689456189273789263451265398714318742965974615832597834126642571398831926547
1530 356      ok 126473598857291463943658271261735849379814625584962137412387956635129784798546312
1531 341      ok 574389162982615734613247958796421385321758649845936217237564891468192573159873426
1532 1214      ok 973584261125639487864721593546178932317296845298453176482365719651947328739812654
1533 147      ok 123478695864591723975236481216843957489725136537169842341682579698357214752914368
1534 1609      ok 924361587837452691156798324583129746719546832462873159348917265291685473675234918
1535 2073      ok 832475691945361278167298453471659832256813947389742165793126584518934726624587319
1536 672      ok 857431629216975843943628751679254318324186597581397462162843975435719286798562134
1537 2317      ok 194683257265947318738512496982165743543879621671324985357298164419756832826431579
1538 1662      ok 946572381317684952852913764124356897738149625695827143269735418471298536583461279
1539 2495      ok 962348571157692384834751269375264918216985437489137625741526893698413752523879146
1540 1470      ok 893457162256813947417692853142938576768245319935761428324179685581326794679584231
1541 295      ok 134698725826547391975321486719834562542169873683275914267483159358912647491756238
1542 1314      ok 146287395538946271927315468752463189314879652869152743495631827281794536673528914
1543 24326      ok 463851729912736584758429631125347968846195372397268415579612843284573196631984257
1544 3460      ok 463259817581467293297831645359186724124793568678542139835614972746925381912378456
1545 216      ok 425618379317925468698347251973861524842753916156492837581274693739586142264139785
1546 1273      ok 598743216132586794764129385617938542285614937943275861371862459856497123429351678
1547 3626      ok 954671382827349651136285947512936478789412536643758129361824795275193864498567213
1548 241      ok 254198637739246518861573942516487329948362751327951486693824175172635894485719263
1549 2291      ok 874691235963258741152743986396817452725364198418529367589132674247986513631475829
1550 609      ok 847631925953472681162589374538214769719865243624793518486357192371928456295146837
1551 472      ok 124693587837425961965781423241567839683149752759832146312954678476218395598376214
1552 3285      ok 927543681856721934134698725569234178472816593318957462641389257293175846785462319
1553 623      ok 719463258568297134342851679837514962495632781621789543286945317953178426174326895
1554 213      ok 125784693863529741974631285396148572417256938258397416649815327782463159531972864
1555 605      ok 742196853356782194819534627283965471971243586564817932437658219125479368698321745
1556 174      ok 123679584846352971957481263512748639634915827798263145261534798375896412489127356
1557 178      ok 158436297372591846946872153463718925591264378287953461634125789725389614819647532
1558 594      ok 459637812273189654186245397794851263635972481821364975518426739347598126962713548
1559 258      ok 142568793857392641963471258215643987376829415489157326521734869634985172798216534
1560 3910      ok 482957361193486527576231489627345918915628734348179256259814673761593842834762195
1561 790      ok 947325681126489735835671492614532978783196254592748316259863147461957823378214569
1562 580      ok 123469758846571293957283641312758469468392175579146832234615987681937524795824316
1563 931      ok 749638152653241987182795634895472316371569428426813579538924761917386245264157893
1564 7130      ok 931467285756328914248159637497215368185693472623784159319572846874936521562841793
1565 1909      ok 346285971827196534591347268283974615754612893169538427935421786472863159618759342
1566 442      ok 423658719561972384798341625817465932256139478934287561689724153342516897175893246
1567 297      ok 157463982926781435843529671614375829798642153532918746285194367461237598379856214
1568 2952      ok 357814629896725413241369785965271348728643591134598267513486972482937156679152834
1569 257      ok 132458697854796321967321485513672948628945713749183256271534869385269174496817532
1570 1751      ok 146783592853294671972561483217635948364829715589147236421376859695418327738952164
1571 194      ok 425187963687943152139265874841596237396872415752314698974638521563421789218759346
1572 3282      ok 843752691952641387176398524724983156619475238538126479481239765297564813365817942
1573 299      ok 132486957865793421974521386213967845546218793789354612321649578457832169698175234
1574 806      ok 132487695864295371957361284316548729428739156579126438241853967683974512795612843
1575 1275      ok 724581396953762814186394752569423178341879265278156943612948537835617429497235681
1576 294      ok 124685973873249651956731482512398764638417529749526138261854397395172846487963215
1577 195      ok 132476598856291473947358261214735689398642157675819324421587936583964712769123845
1578 1470      ok 153472698864591372927368451215643789389127546476859123531284967692715834748936215
1579 6784      ok 496573128381924675275861943153789462962435781847216539714352896529648317638197254
1580 616      ok 345791286817265493269384751586479132123856947794123865938612574451937628672548319
1581 175      ok 426715893397628451518943726964872135281356974735194682653489217872561349149237568
1582 1889      ok 134782695957361284862549371543128967629475813718936542281657439395814726476293158
1583 681      ok 465723198197684532238159746352961874976842315841375629729536481513498267684217953
1584 1131      ok 947326581852491673136587942284735169693812457715649238579168324328954716461273895
1585 2447      ok 846271395923658471157493268465319782371862549298547136682735914714926853539184627
1586 365      ok 316478295927351846485692713854267139239514687671983524743825961162739458598146372
1587 1442      ok 147285396853496271962371584216754938378619452495823617521947863689132745734568129
1588 301      ok 249587631716243958853169742561974823378652194492318567624891375987435216135726489
1589 587      ok 496157328315298764872634519231865947564729183789413652158372496623941875947586231
1590 2574      ok 564781239329645718817329645948236571653197482172854396436518927285973164791462853
1591 366      ok 248569173369721584715438269582376491137294658496185732874613925653942817921857346
1592 338      ok 142795386965381724873624951457263198391857462286149573729436815538912647614578239
1593 143      ok 123456987847931265956287431261378549374529618598614372412765893685193724739842156
1594 466      ok 147239568398657421652814973421368759839572146765491832984723615513946287276185394
1595 1689      ok 283497516617825349459361782395142678126578934748639125834756291572914863961283457
1596 20538      ok 482731659963852417175964238621579843358426791794318526217643985539287164846195372
1597 10862      ok 842715963573962841196834257768591432235487196419623578687249315354178629921356784
1598 205      ok 947628351863751492125349678734895126589162734612473985478236519256917843391584267
1599 794      ok 942376581867251394153498267518943672739162458624785913295837146471629835386514729
1600 485      ok 421356798376819245958724316519268437642537189837941652185472963294683571763195824
1601 711      ok 934271658875463291162598347428357916317629584596184723249836175651742839783915462
1602 3772      ok 143586792862794351975321846214837965658912473739465128321649587487253619596178234
1603 312      ok 149572638753846192826931475567284319984153726231697854695318247412765983378429561
1604 910      ok 149625837732841695568937124813476259957182463624593718275318946486259371391764582
1605 1239      ok 965438721842571396173692584437829615519764832286153947351286479694317258728945163
1606 565      ok 947582361863471952152639784624813579738295416519764823285946137396157248471328695
1607 1283      ok 962478351147563298835291476289754163376812549514936827693145782758329614421687935
1608 1027      ok 132479568867352491954681273246715839379826145581943627413298756625137984798564312
1609 539      ok 132594786846723951957681234213965478579348162684172593321857649465239817798416325
1610 533      ok 214738659678591342935642178362154897851379426749826513487965231596213784123487965
1611 492      ok 823645791175289463964731285498562317357198642216473859749356128682917534531824976
1612 1439      ok 125683974874591362963724581216457893487932156539816427348265719651379248792148635
1613 1099      ok 431785296795623814628194537963451728817269345542837961276948153389516472154372689
1614 1899      ok 481567923739842165256931487518794236923615748674283519395428671147356892862179354
1615 1316      ok 854972136293618745167453928512846379978231564436597281681725493329184657745369812
1616 1508      ok 934286157687513294152479386361954728425867913798132645243698571579341862816725439
1617 741      ok 624985137519763482837421695158376924972814563346259871281647359795138246463592718
1618 241      ok 123695847845721396976483521231547968658139274794862135317254689462918753589376412
1619 3470      ok 964381275853274961172659384785423196349816752216597438427968513598132647631745829
1620 529      ok 124569378835271496967483251216735849348916725579824163451392687682157934793648512
1621 1412      ok 498761532576823194321954867617435928283197645945682371832546719154379286769218453
1622 3217      ok 498751263163429785725836491319267548576384912842915637687543129934172856251698374
1623 3374      ok 976458321134297586825361794789145632643829157512736948251974863468513279397682415
1624 954      ok 173498652685372419492165387934517268516829734827634195358741926769283541241956873
1625 214      ok 142658793863791254975342681514923867638475912729186435251864379387219546496537128
1626 1479      ok 971526348265834179438791526527913684816245793394687215152468937643179852789352461
1627 1291      ok 634851972789642351215793864461378529527469183398125746153286497842937615976514238
1628 2941      ok 487312695593684271126597384735849162914265837268731549851476923379128456642953718
1629 318      ok 152498367864273591973651248316724985487935126529186473231847659648519732795362814
1630 815      ok 495861273762953814183724596928347165631589742547612938879236451216475389354198627
1631 449      ok 428375916361948725957261348176423589249857163583196274635714892812639457794582631
1632 491      ok 269154783478936251315728469156289347827341695943567812534612978782495136691873524
1633 193      ok 124583796873496521965721843216845379347962158598137264431259687659378412782614935
1634 434      ok 142683795873591462956472381385149627419267538627358914234716859568924173791835246
1635 633      ok 486315927319274856725869413174698532958132764263547189541923678692781345837456291
1636 490      ok 953827461864591237127436985648972513571384692239615748782149356415263879396758124
1637 372      ok 417369825839125746652748319925437168781956432346812957294683571573291684168574293
1638 357      ok 417369825638125947952748316825437169791856432346912758284693571573281694169574283
1639 1674      ok 497852613185673942263194758614538297329746581578219436852461379731925864946387125
1640 258      ok 123485796874396521965721834231674958648259317759813462312547689486932175597168243
1641 2068      ok 948357162627184935531926748896712354273645819415839276762591483359478621184263597
1642 1023      ok 957632481863451297124789653749825316618943725532176948285364179371298564496517832
1643 488      ok 152498673874631925963572481216345897398217546547986132421759368635824719789163254
1644 223      ok 124385796836497251957621843213569478689714532745832169371246985462958317598173624
1645 2251      ok 348697152597218634612534789156429873473865291829371465785942316934186527261753948
1646 283      ok 142358796863791542975642381514926837638475219729183654251864973387219465496537128
1647 1139      ok 439286571715934268286175439967512384548367912321498657694751823873629145152843796
1648 308      ok 143582967852679431967431285514793628638214759729865314271348596386957142495126873
1649 416      ok 124758693865394271937261548312587964478629315659143782241936857586472139793815426
1650 280      ok 142386795867591324953427861236754918791268543584913672479135286318672459625849137
1651 1030      ok 463897125517246938829513476251389647936754812748162359394625781682471593175938264
1652 2579      ok 491586732873912564625437918958324671732168459164795823386279145517843296249651387
1653 403      ok 132487965856921347947536281271364598584192673693875412315648729428759136769213854
1654 469      ok 325941876861735924974286153587692431213874569496513782659128347738469215142357698
1655 702      ok 124658793835791624976432581512863947643179852789524316251386479397245168468917235
1656 2429      ok 134592786976348521825671493519237864742869315683154279397426158251983647468715932
1657 958      ok 967342581154789236832561497513478962628935714749126358291857643486293175375614829
1658 227      ok 142368597867259341953741826214673958386592714795184632428936175531827469679415283
1659 2469      ok 743215986815946327269837415158624739376591248492378561531782694624159873987463152
1660 229      ok 142395786853726941967481352231547698584269173796138524315872469429653817678914235
1661 1884      ok 524367189379182465186945732257894613648213597931756248492678351863521974715439826
1662 819      ok 142385796875496321963721845231968457594273618786514932317642589429857163658139274
1663 227      ok 415768239378429651962531487736152894549876123281394576124983765697215348853647912
1664 872      ok 826349175153678942749521638538914726214736589967285413492857361375162894681493257
1665 278      ok 248167935136985247975423168823694751714852693659731482387249516461578329592316874
1666 2603      ok 864293571175468293923751648346172985589346712712589436498635127631927854257814369
1667 721      ok 374952186128736594695184237937548612861297453542613978713429865489365721256871349
1668 538      ok 146387925973251684825946371752639418619478532384512796291764853567823149438195267
1669 2226      ok 498716235516234978732958641153842769829367154674591823281475396965123487347689512
1670 1766      ok 814976352592384176376152948428795613631248597957613284743569821285431769169827435
1671 371      ok 685743912714926358923185746157462893398571624462839175241698537576314289839257461
1672 621      ok 495286371768351294312794685831675429926413857547928136253167948189542763674839512
1673 813      ok 468923157291785364537164289752846931846391572913572648625418793174639825389257416
1674 424      ok 549317628368254791721698435287136954196485273453729186934862517615973842872541369
1675 1318      ok 547619823231587964968342157796134582185726439423958716854273691319465278672891345
1676 1703      ok 518374269946281375327956481261749853789135624435862197854693712173528946692417538
1677 662      ok 174593286968427513325186479732849651491675832586231794643718925217954368859362147
1678 327      ok 123456897845927631967381425431862759589174362672539148214698573396715284758243916
1679 544      ok 347962815198753246562184379874239561956841723213576984435627198621398457789415632
1680 480      ok 146783925895426713372159486961238547287564139534917268723891654418675392659342871
1681 6042      ok 863249571741853962259671843132596784684127359975438126427315698516984237398762415
1682 458      ok 824739651175286493963541287296354718457128369318697542781463925549872136632915874
1683 2715      ok 429761583136859472758324691395246718284517369617938254943685127572193846861472935
1684 674      ok 784139265236854791591276843127643958469528317358917624942785136673491582815362479
1685 803      ok 437892651915674823286531497748256139351789246692143578173428965564917382829365714
1686 144      ok 132487956867935421954621387241573698578196234693842175315268749426759813789314562
1687 1366      ok 493685271517324986826791354684279513935816742271453869768942135142537698359168427
1688 1171      ok 492867153385412679176953842841679235953284716627135984239748561714596328568321497
1689 789      ok 429568137853791264761243985136472859245189376978635421394856712617324598582917643
1690 1473      ok 854321976162597384973684521548216793617953842239478615395842167726139458481765239
1691 2334      ok 623495178847163952519728364798612435154837296362549817971286543236954781485371629
1692 746      ok 173645982862391547954728631218476395635912478497583126789154263341267859526839714
1693 975      ok 124589673863724591975631482216458739398176245547293168431862957659317824782945316
1694 326      ok 214698375579234186863715249645381927391572864782469531957826413426153798138947652
1695 557      ok 641327598829561734753489126586274319132958467974613852318792645495836271267145983
1696 369      ok 152468973863791542974325681216534798497682135538917426325149867641873259789256314
1697 165      ok 142398576857246931963571284314625798579814623628739415231457869496182357785963142
1698 3536      ok 756283149392164875481579632579612483614835297238497561843751926127946358965328714
1699 2052      ok 872459631154683972963721485216834759549217368738596124481362597627945813395178246
1700 2206      ok 964251378172683495853749261631924587745836912298175643319567824486312759527498136
1701 1081      ok 561749832829315647347286591284651973736924185195837426972568314618473259453192768
1702 570      ok 469571382837629451251438697983714265542863719176952843618297534794385126325146978
1703 224      ok 541793682738625149962481375854379216617542893329168457186937524475216938293854761
1704 773      ok 657148239829735614314926578476812395583469721291573486932684157745291863168357942
1705 5177      ok 958347126371926845264518379796853412143279658582461793427685931619732584835194267
1706 2677      ok 975286413684913725213754869547132698821469537396578142739645281458321976162897354
1707 475      ok 359712846147586392826934571518463729273198654964275138795821463431659287682347915
1708 495      ok 576928134214376895938415762785642319143789256692531487457893621861254973329167548
1709 1235      ok 936482571852761493147593682615827934478139265329645817261974358784356129593218746
1710 414      ok 239581674846379251571264389185746932367952148492813765613498527724135896958627413
1711 157      ok 256194873147823659398675241964238715572941386831756924785469132429317568613582497
1712 1355      ok 354961782789542163126378495631254879278139654495786231962815347817493526543627918
1713 1290      ok 489523167263718459157496328725364981831259674946871235618935742374182596592647813
1714 685      ok 935721864142386795876594321259617438783459612614238579591863247468172953327945186
1715 404      ok 356128974471369825289475163512794386967832451843516792634287519795641238128953647
1716 241      ok 352179846478326591691854732829647153735218469146935278513492687284763915967581324
1717 642      ok 439657281187924365562183749841765923923841657675392418756419832318276594294538176
1718 2963      ok 581794632423615978976283145859362417137548269642971583398156724215437896764829351
1719 358      ok 365482719214796853879351462148239675652147398937865124421978536786523941593614287
1720 4163      ok 748591326195623847263487519421936758356874291987152634832749165679215483514368972
1721 513      ok 651439782847612539392587461918265374523874196476193258284356917139748625765921843
1722 4359      ok 935248761172693458846571293413865972698427315527139684289754136761382549354916827
1723 1112      ok 485637921123598476769412538231984657978256143654371892397165284512843769846729315
1724 3161      ok 867591324245873961391462758186237549932145876754689132473928615529316487618754293
1725 1533      ok 875234961942651387163789452457318296319426875286975134628543719791862543534197628
1726 240      ok 152786493863249571974351268216538947347692815598174632421863759635927184789415326
1727 199      ok 163498527875321694942657381286139745419576238537842916721964853394785162658213479
1728 885      ok 561987423274153968983642751849571236126834597357269814735496182692718345418325679
1729 496      ok 514328967398567412762149835837451629645982371129736548253874196986213754471695283
1730 940      ok 158724396679381425234596817892613754346275189715948263967832541483159672521467938
1731 1435      ok 568291374134687592972534186623148957819752643457963218781329465396475821245816739
1732 2174      ok 684351927137429586952867431876932145345618279219745368491276853563184792728593614
1733 284      ok 159247683764983521823651479497812356635794812218365947976528134381479265542136798
1734 5677      ok 652481937834679152971325864467812593315794628298563471186937245523146789749258316
1735 4699      ok 582397641749681532631452978925134786478569213163728495297816354854273169316945827
1736 1475      ok 985723614637481952421695378874256193396814527512937846148562739259378461763149285
1737 538      ok 387961542129854763654237189935486271476129358812573694241795836593618427768342915
1738 166      ok 134859627758612439269743518825396174943571862617284953396425781581937246472168395
1739 841      ok 152649837639578421874123659946317285521984763783256194218435976465792318397861542
1740 3564      ok 527316489896542731314987562172453896689271354453698217941825673765134928238769145
1741 164      ok 153749286946283571827651934639478152584912763712365849261837495498526317375194628
1742 254      ok 514296378267384591389751462978615243135942786642837159453169827791428635826573914
1743 1242      ok 152946837963587421847231695574863912289415763631729548796152384415398276328674159
1744 351      ok 152367984863459721974281653416792538529834167738615249241573896387926415695148372
1745 689      ok 146873952527691834398254671862947315913528467754136289689415723235769148471382596
1746 1022      ok 853694271162378495947251368581463927639827154274915683498736512716542839325189746
1747 213      ok 152679384864531972973482561217345698396718425548926137421863759685197243739254816
1748 742      ok 356298174281754396749163285693582417527641839814379652932415768168927543475836921
1749 256      ok 165398427843721695972546381389154276526973814417862539258619743731485962694237158
1750 339      ok 416837529982465371735129468571298643293746185864351297647913852359682714128574936
1751 854      ok 637149582542786931918235647326514879851973426794628315163857294479362158285491763
1752 507      ok 319574286748629531652138749467392158183756924295841673926487315831265497574913862
1753 701      ok 356492781982715364147863592215638479468971235739524618871256943623149857594387126
1754 197      ok 534271869786935124192864735468527391253196478917483256825349617641752983379618542
1755 14194      ok 476529183895173624321864795517398246289645371634712958752431869168957432943286517
1756 716      ok 197583264654297381238461759512746938483952176769138425846329517375814692921675843
1757 611      ok 518237496923645718647819325395762841864391572172458639489523167256174983731986254
1758 731      ok 953687412814932765276154398548216937139748256762593184695421873487369521321875649
1759 659      ok 735298461219764835684351279526973184897145623341682597972516348168437952453829716
1760 1088      ok 795438621124956873368172459613794582487523916952681347876315294541269738239847165
1761 3311      ok 541928376697153824283476195732649518169285437458317962315862749976534281824791653
1762 1337      ok 874196523632745981915283746291678354347529618586314279128967435759431862463852197
1763 193      ok 156372498927481653834569271279618345463957182518243769342795816691824537785136924
1764 4575      ok 953472861421586379687391524592847613178639245346125987269754138814963752735218496
1765 9526      ok 987563214623714895154289376349876521816352749275941638791625483538497162462138957
1766 866      ok 795163824624987513183425967961234758348571692572896341856742139239618475417359286
1767 449      ok 867351924953472681142689753729815436534796812618243579391568247486127395275934168
1768 440      ok 574638291628719354193245867815467923936182475742593618361974582459821736287356149
1769 488      ok 165932478729481653438576921641897235293615784587324169854269317316748592972153846
1770 1885      ok 538127946624839751719645382965314827381762594247598163493281675856473219172956438
1771 716      ok 249768531156234987873951642931587426724619853568342179692475318487193265315826794
1772 403      ok 142786953857391624963425781215864379639517248784932165321648597476159832598273416
1773 1456      ok 769215348384967521152348697215834976478596132693721485526489713937152864841673259
1774 1462      ok 593264187146978325872153649415826793629731854387549216731492568958617432264385971
1775 2976      ok 568329741124875396793164285246531978879246153315798462637482519481953627952617834
1776 1461      ok 152394786864257931973861425421576398539428167687139542215643879396785214748912653
1777 306      ok 521893674768514293493672185315728469846951327279346851687435912154289736932167548
1778 1005      ok 952748361164392785873651942527416893418539276396827154785163429241985637639274518
1779 2885      ok 541387692923165487678294513385749126719623854264851739197438265856972341432516978
1780 210      ok 573614289128953764946728315615482973384579126297136548852361497769245831431897652
1781 233      ok 174583692832694751956721843749862135615437928283915476427156389391248567568379214
1782 718      ok 927563481134789562856241973519427836642358197783916245291634758468175329375892614
1783 8654      ok 746513892132869754598742316367925481925481673481637925679154238254378169813296547
1784 449      ok 451627938928134675763598412376812549194365827582479163217956384835741296649283751
1785 1659      ok 154329687862471935973586241237614598516892473489735162795248316648153729321967854
1786 889      ok 289645731761932845435187629873269154592814367614753298156428973948376512327591486
1787 1791      ok 956327841127486395834951267548739612271864539369215478793548126415692783682173954
1788 882      ok 956278134327541986481963572564782319879314265213659748638125497795436821142897653
1789 670      ok 256478193713659824849123675524986317137542968968731542481265739392817456675394281
1790 354      ok 153469827976528314482731569261397458748156293395284176639812745517943682824675931
1791 666      ok 536419728179682435842573916913257684725846391684391257361725849497138562258964173
1792 918      ok 532978416618234579479156382183769245726415893954823167267381954341597628895642731
1793 684      ok 145327698839654127672918543496185372218473956753296481367542819984761235521839764
1794 171      ok 571293486683451972429867513735982164894615237216374895958726341362149758147538629
1795 522      ok 165374289973582164284196735641258973897463512352917846528641397419735628736829451
1796 313      ok 125368497837594621946271385412756938583129746769843152251437869398612574674985213
1797 1429      ok 245138796731649528986572143852361479164795382397824651579216834418953267623487915
1798 1517      ok 538427961124695378967318452849136527653972184271584693385261749796843215412759836
1799 725      ok 153289746962471358874563291629748513517936482348152967486397125791825634235614879
1800 1649      ok 524396781318547269679128345163254978957831624482769153831472596746915832295683417
1801 750      ok 846532791927641385135789624214368579758194236693275148381426957462957813579813462
1802 722      ok 846532719519487632327196548453261987162978453798354126675813294231749865984625371
1803 18103      ok 573291486694583721281674395439126857712845963865739142327458619158967234946312578
1804 21741      ok 583291476694573821271684395439126758712845963865739142328457619157968234946312587
1805 268      ok 126597843845613297793248615478935162359126478612784359964372581287451936531869724
1806 6838      ok 982534716134672895657891324265917438418365972379248651726459183841723569593186247
1807 2634      ok 463512798725689134189743265872396451946851372531274986394168527617925843258437619
1808 1031      ok 615874293932156847487329615351792486869415732274683159196238574528947361743561928
1809 810      ok 675318492321694857489752136258473961713869524946521378564987213892136745137245689
1810 174      ok 152749683864231957973685241215463798348972165796518432421356879587194326639827514
1811 6020      ok 583497216914268753276513984327685491495132867168749325841976532759321648632854179
1812 1058      ok 156847392284193675379526148495632781731489256862751934643275819517968423928314567
1813 2977      ok 852493761769512438431678295578924613923167584146835972294386157685741329317259846
1814 470      ok 139687452764235891258491763495176238372548916816923547623859174541762389987314625
1815 1452      ok 735412896941685732286973145573126489162894357498357621659748213817239564324561978
1816 1780      ok 936214587742568931518937642381796425479352168265481793123645879657829314894173256
1817 7623      ok 524987163867321594391654872276193458148562937953748621415236789682479315739815246
1818 794      ok 937542816542681397168793425724918653396257184851436972415379268683125749279864531
1819 208      ok 259713468184692375673485291837251946921346587546978123368129754412567839795834612
1820 691      ok 564728139192534687378196542847219365259463871613875924735982416426351798981647253
1821 2249      ok 589472613326815974471396825237189456195634287648257391714968532952743168863521749
1822 458      ok 835147296427569831691328574548972163172635948369481752216793485954816327783254619
1823 1609      ok 952614873716385492834972561283561749167849235549723618325496187698157324471238956
1824 374      ok 132965847857341296964287531413529768528673419679814352241736985385192674796458123
1825 114      ok 152389476873456921964721385215943768486217593739568142321674859548192637697835214
1826 941      ok 965342781834791652172568493613985274528674139749123865357416928291857346486239517
1827 471      ok 956781324823649571147532896512478639689315247734926158271854963468293715395167482
1828 1244      ok 795241863281736495643859127168392574439517286527468931372185649954623718816974352
1829 679      ok 152349786864751923973682451216438597348975162597216348421563879635897214789124635
1830 2228      ok 139872465548693172276154398785961234924387651361245987812536749697418523453729816
1831 2836      ok 856921347973684521124735896491356278765298413238147965347512689512869734689473152
1832 1274      ok 915387462768241953423569781846915327259738614137624895574892136681453279392176548
1833 834      ok 153486972874259361962731485215364798349817256786592143421675839537928614698143527
1834 1814      ok 893254176415697328627381459274516893368942715159738264931425687742869531586173942
1835 344      ok 152483967863791452974526381216837594397654128548912673425168739631279845789345216
1836 286      ok 152936487863754921974281365321475698649128753785693142216547839498312576537869214
1837 457      ok 253148976816795324947623518785419263421376895639582147362957481178234659594861732
1838 3253      ok 596487321782163945143295867614378592978652413325941786439716258251839674867524139
1839 433      ok 236587149895314672471692583964721358128453967753869421349275816612948735587136294
1840 7557      ok 137568942849213675562497183625781439498632751713954826974326518386175294251849367
1841 980      ok 752349816863512479419876253276985134945231687381467592524193768137628945698754321
1842 1067      ok 952461378136578294847293651281746539475319826369852147723684915694125783518937462
1843 2508      ok 163985247827341596945267831531694782689723415274158369452816973318579624796432158
1844 481      ok 125679483847351296936284571613548729598762134274193865762915348381426957459837612
1845 3423      ok 517463829846295317932781645681359472253874196794126538329618754165947283478532961
1846 7029      ok 851439627937652481246718359793841265684527193125963874368195742572384916419276538
1847 642      ok 136579842984213675572846193625791438849632751713458926468327519397165284251984367
1848 4566      ok 137569842984213675562847193625791438849632751713458926478326519396175284251984367
1849 365      ok 123586947965347281847921365274618539639254718518739426451892673386475192792163854
1850 446      ok 154369287972581364836472591548936172613728945729145836485297613267813459391654728
1851 182      ok 124759386856431927937286451213567894685942713749813562368175249472698135591324678
1852 1327      ok 836521947142379586975648321364892715259167438781435269598214673413756892627983154
1853 1673      ok 853679241162345987974281653237516498598724136416938572689153724321497865745862319
1854 2431      ok 958642137124735698673198425237951846546283719891476253785324961469517382312869574
1855 465      ok 429857631653912478178634952392476185867195324541328769935261847286749513714583296
1856 3792      ok 257698314914753286836124759421579638369482571785316942672831495548967123193245867
1857 430      ok 256718934483269157791435628965384271317526489824197563142673895538942716679851342
1858 1959      ok 956143872821675349743829516419786235375291468682354197534962781297418653168537924
1859 2100      ok 952638741176542983834791265718325694549816372623479158395287416281964537467153829
1860 1019      ok 957481362142369578836572491395124786721836954684795213469217835578643129213958647
1861 598      ok 534629817682137495971854326325746189718293564496581273247915638159368742863472951
1862 2341      ok 561729348423681975897534261942173856135896724678452139256318497719245683384967512
1863 616      ok 153624987964785321872931456728159643431267598695348172547813269219476835386592714
1864 179      ok 134275986872649531965381742513462879648793125729518463251834697386957214497126358
1865 703      ok 579463218831792654426815973165239487743681529298574361982357146614928735357146892
1866 1136      ok 536289471817643529294517836942358617678194352153726948461832795385971264729465183
1867 6841      ok 598613472126475983347829165614597328852341796739268514963184257481752639275936841
1868 1083      ok 875321964934687521162594783491875236356249817287136495529463178648712359713958642
1869 664      ok 156278394972436581843591267614783952538942716729165843285617439391824675467359128
1870 9203      ok 586947321937821456214635897192564738643782915758319264825173649369458172471296583
1871 667      ok 175268394963541278842397651659172843324685917781439526218756439536914782497823165
1872 702      ok 594126837186573924327498156432865791715349682968217543673984215851632479249751368
1873 547      ok 123675984856439271974281365512796438638542719749813526261354897385967142497128653
1874 184      ok 125684793863729541974531682216473958397158426548296317431865279652917834789342165
1875 1031      ok 238517496914862357675439281123684579587291634496753812362978145741325968859146723
1876 6141      ok 561798423397214865824635791945321678612587349783469512239846157176953284458172936
1877 1767      ok 857219634946375812321486957583947261462153789179628345735891426218764593694532178
1878 328      ok 143579862852463791976281534214397685538614927769852413325946178491728356687135249
1879 1325      ok 547863912962174583813295467628349175395718246174652839756981324431527698289436751
1880 2047      ok 857361492324579681196842375943657218782194563615283947439728156571936824268415739
1881 1097      ok 439578162657291483218436597796185234841329675523764918164857329982643751375912846
1882 3318      ok 956432187743158692821967435569824371472319856318576249134295768297683514685741923
1883 2990      ok 845163972679425138312879456524631789786942513193587264268714395931258647457396821
1884 493      ok 123854967875296431964371285217438596439567128658129743341782659592613874786945312
1885 2202      ok 857439261163782594924651783719825346538946127642173958291364875376598412485217639
1886 646      ok 156478932842391657937526481284967315793815264615234798471659823368142579529783146
1887 269      ok 125476893843529761976381542512748639634915278798632154257193486361854927489267315
1888 322      ok 123594687856723941974681325245136879389257164761849253412365798538972416697418532
1889 1392      ok 825463791934271658176598243613754829542389176789126534397615482268947315451832967
1890 1541      ok 125376489836491275947258361261745893384962157579183642418527936652839714793614528
1891 633      ok 825764391934281675167593284786129543459637812213845967542976138398412756671358429
1892 153      ok 157283694846591273932467581593124768724658319681739425475912836218346957369875142
1893 1040      ok 184352967673891542295476183867219435321547698549638721758924316432165879916783254
1894 252      ok 123584697865739421974621385216458973398276514547193862431862759652947138789315246
1895 1088      ok 471569328235184967869327514918236745354871296726495831592618473647953182183742659
1896 220      ok 547681239892357641613924785389172564264539817751468392928713456135246978476895123
1897 753      ok 354761928218934765796258134147392586982615473635487219879146352461523897523879641
1898 2579      ok 834567291952381674176294385781943562325678419469152837593416728247839156618725943
1899 168      ok 137548962495672183826193574382761459519284736674935218953827641768419325241356897
1900 957      ok 852791364937645281164238795628359417549176823713482956491867532386524179275913648
1901 292      ok 826537194157849623439126578792458316543612789681973452218365947374291865965784231
1902 868      ok 857436291132598674964721583729145836618973452543682719496817325285369147371254968
1903 254      ok 163489257954721683872635941638517429247893165519264738491352876326978514785146392
1904 241      ok 124385796836729541957641832512438967643972158798516324261853479379164285485297613
1905 893      ok 865491723123678594974235681237169458489753162516842379391586247758324916642917835
1906 388      ok 135672498846391572927458361213945786598267134674813259352186947461739825789524613
1907 5900      ok 946731582157248639832659471719423865584976123623815947461397258398562714275184396
1908 982      ok 548279361726153489319486275134627958967548132852931647683712594295864713471395826
1909 1171      ok 645379218981642735273815496426537981719486523358291674837964152594128367162753849
1910 1873      ok 593827164678541329124369875835714296247698513961253487756482931389175642412936758
1911 1308      ok 624578139135496827789123456216385794857964213493217685942651378568732941371849562
1912 855      ok 863721945974356281152984367547269813386175492291438576435817629729643158618592734
1913 938      ok 572963418684751932319824756198275643467389125253146897936518274741632589825497361
1914 400      ok 657134289914287635823659417768591324239746851145328976572463198481972563396815742
1915 2126      ok 815267439623149857974853126341728695589634271762915348436571982297486513158392764
1916 8177      ok 567492138239861745148375926623148579951736482874259361712983654396524817485617293
1917 2203      ok 541862973279345618386179425957634281438521769162798354893257146714986532625413897
1918 1559      ok 536712984291834576478965123623179458184523697759648231915487362367291845842356719
1919 2246      ok 465273891183965472279814653398651724751432968642789315927148536514396287836527149
1920 576      ok 152879436976324518843615972567482391498153267231967854615238749384796125729541683
1921 3772      ok 596873142812549673743261895289654731637918254154327968428736519375192486961485327
1922 392      ok 135792486842561379976348251367284915451639728289175643794853162618927534523416897
1923 385      ok 128439576957618342436275189691742835245183697873596214589367421712854963364921758
1924 172      ok 124395687837621594965478321512837469689154273743269815251746938398512746476983152
1925 5018      ok 132546987867921345954387621241653798386792514579418236413265879628179453795834162
1926 22255      ok 582743619963821547174956238621479853348562791795318426217635984439287165856194372
1927 1888      ok 419568732856273149237914856728641395961352478543897261385426917672139584194785623
1928 953      ok 831457692542896713967321485389274561724165839615938247156749328278613954493582176
1929 10964      ok 951476283284193567376258914835621749642937158719584326527869431498312675163745892
1930 1258      ok 351274698264938751987516324423165987615789243879423516596847132742391865138652479
1931 4262      ok 832791645175486932946325781718549326693872154254613897489267513561934278327158469
1932 645      ok 576381492124957638893246175619428357348175926257693841961532784485769213732814569
1933 206      ok 165749283874236591923581674356127849498653127217498356581374962642915738739862415
1934 505      ok 132495786856723941974681352213859467645317298789264513321546879467938125598172634
1935 1939      ok 263517498154893672789264513927635841416728359538941267842176935675389124391452786
1936 169      ok 517268439489713652326594871173426985894351267265879143751682394642937518938145726
1937 733      ok 561372894928645731347819562483251976659437218712968453896723145174586329235194687
1938 2828      ok 283457619195326478476981352847619235612538794359274186931862547568743921724195863
1939 1249      ok 645721938392865174817934625471692853563187492289453761956318247728549316134276589
1940 1749      ok 143527986852691437967348251314752698528469713679813524231974865485236179796185342
1941 447      ok 457916823396285714281473596825649371639751482714832965178324659563197248942568137
1942 422      ok 659287314381594762742613598236758941894136257175429683927845136518362479463971825
1943 526      ok 753481296264579183189326547942713658516842379378695412495238761827164935631957824
1944 509      ok 958241763263597841471863259849132675127956438635478912392614587786325194514789326
1945 714      ok 152389764863741925974652381219834576635297148748516239321465897497128653586973412
1946 809      ok 578612394194375268236894715741289653625431987983567142869743521312958476457126839
1947 809      ok 578614392192375468436892715741289653625431987983567124869723541314958276257146839
1948 943      ok 579682413614539782823471956231867594457923168968145327186754239792316845345298671
1949 1821      ok 935748621876231594124695783512469378643872915789153462267514839491386257358927146
1950 1506      ok 435821976791463825268759431917346258356982147842175693579614382184237569623598714
1951 500      ok 594368217328751964176942358731825649845693172962417583453189726619274835287536491
1952 585      ok 132594687865327941974681532241875396653219478789436125316742859497158263528963714
1953 5758      ok 581932746437568921926147358769285134245316897813794562698451273374829615152673489
1954 1463      ok 965481273143276598827359461531964827298715634674823915386142759759638142412597386
1955 440      ok 154673298837259461962481573548926137379814652216735984725198346491367825683542719
1956 958      ok 251697843378541629694283751483765912526918437719432586167354298842179365935826174
1957 4591      ok 582741693749635218316982574928173465165498327473256981897364152254819736631527849
1958 199      ok 123769584846521973957384261214837659698245137735916842361452798472698315589173426
1959 1203      ok 731586429649271583582349176897154632314692857256738941128463795465927318973815264
1960 909      ok 972658431864731952153294786315479268746812395298563147529387614481926573637145829
1961 218      ok 143597682876324951952681437214865379635719248789432165327148596498256713561973824
1962 11186      ok 956741382124385976873629451618537249742896135539412867361954728287163594495278613
1963 380      ok 153698274964725381872431956495816723318274695726359148637542819581967432249183567
1964 2788      ok 758619234469327851321854769297436185143582697586971423915248376672193548834765912
1965 2985      ok 751348296694512783238769154485173629362985471917426538843251967579634812126897345
1966 3656      ok 957826413813459627624317958362594871785631249491782536248973165179265384536148792
1967 2153      ok 123589647865724931974631582216347859348952176597816324431265798659478213782193465
1968 2893      ok 528176943169843572374259816751632489892714635643985721415367298237598164986421357
1969 323      ok 152478693947361258836592471578926314614735982293814765385647129461259837729183546
1970 246      ok 124359768836741592957628431512463987649872153783195624261534879378916245495287316
1971 755      ok 273945618145867293689123547924581736816732459537694821491278365368459172752316984
1972 1639      ok 596287143218349756743156829924835671875961234631724985469572318352618497187493562
1973 3894      ok 946381572872564391135297684364758219589132746217946853451673928698425137723819465
1974 212      ok 125689473847523961936741285214375698368294517579816324451967832683152749792438156
1975 1535      ok 612583479847192635359674281976428513231759846584361792465937128123845967798216354
1976 1075      ok 145923687763548291892176543621835974438792165579614832384261759257489316916357428
1977 4266      ok 518263497672941853439875162387156924164729538295438671826394715751682349943517286
1978 578      ok 152469378874253691963781542231674859695328714748195263316542987487936125529817436
1979 143      ok 124379568837651294965284371246713985378925146591846723412567839683192457759438612
1980 555      ok 425789163167354892389612574812476935743195286956823741531967428698241357274538619
1981 1465      ok 379846152852971346641325789594182673728639514136754298415293867983567421267418935
1982 1866      ok 625389741148267593793451628837592164256714839419638275584926317372145986961873452
1983 393      ok 685749132243851976197632845712496358936528714854317629378265491561974283429183567
1984 698      ok 453698271871243596926157348597321864612984735384765912735412689249836157168579423
1985 2825      ok 635249178984173625721658943472381569359726481816495237567814392148932756293567814
1986 1574      ok 348659217279134865156728493591382746734916528682475931423567189815293674967841352
1987 1494      ok 658394217143726985792185463436978152279513648815642379524869731367251894981437526
1988 3296      ok 317569428246387951859214376695438217173925864482176593521743689938651742764892135
1989 718      ok 135672498847391265926458371264719583591836742378524916452167839689243157713985624
1990 185      ok 142536987873291456956847321217358649468729513539614278321975864694182735785463192
1991 1387      ok 856491372143572698927368451278645139514923786639817245361789524485236917792154863
1992 1193      ok 912587463845693172736142598458239617629471385173865924567318249294756831381924756
1993 1989      ok 345129768182476593976835412519368274827914356463752189754693821298541637631287945
1994 952      ok 583714692219586734746392185374621859965843217821975346458237961692158473137469528
1995 331      ok 815974236439652781627813945264589173981437562753126498546391827192768354378245619
1996 1162      ok 596721843821934567347568129435186972678392415912475386169243758784659231253817694
1997 2395      ok 589174326142536879673829154815742693236981547497365218364257981751698432928413765
1998 380      ok 172538946953641287864792351386479125415326798297815634641953872538267419729184563
1999 983      ok 285193647937465281164278593678354129523981764491726835312647958756839412849512376
2000 265      ok 165479382974238561832651479718342956629785134543196728291563847387924615456817293
2001 245      ok 123456789964718532587329416312674958675891243849235167231567894758943621496182375
2002 804      ok 153849672674512983928673154532968417841237569769451238216384795397125846485796321
2003 524      ok 485297613726138954931645287679812435542379861813564729257483196364921578198756342
2004 413      ok 125349786836751294947682351512963847694178532783524619251436978369817425478295163
2005 568      ok 153479286872365941964281573215634897347918652698527134421853769536792418789146325
2006 6178      ok 468327591529861374713945862854173926631259748297486153986732415145698237372514689
2007 140      ok 154928673827136954936754128482579316569341782713682495641295837395867241278413569
2008 215      ok 152638947864791532973245681315482796426973158798516324231857469589164273647329815
2009 327      ok 132546987854279631967381542518463729643792815729815463271654398386927154495138276
2010 251      ok 152693487873421596964758321216379854349865172587142963421586739635917248798234615
2011 263      ok 124593687867421953935687421213874596596132748748965132351246879479318265682759314
2012 456      ok 125394786846527931937681524213465879689712345754839162361258497492173658578946213
2013 605      ok 173526984964831725852497361746152893318649572295378416429765138587213649631984257
2014 271      ok 125369478864275391937481256271843569493156782586927143318594627642718935759632814
2015 372      ok 157369482934582761862741593648125379719438256523976814475613928381297645296854137
2016 392      ok 415237896769845132823619457582964371134578269697123584376452918941386725258791643
2017 508      ok 126478593853692471947351268261834759379516824584927136412763985698245317735189642
2018 899      ok 152379486863421975974586321215693748638742159749815632321954867497268513586137294
2019 5511      ok 756392148321485679984167235692834751843751926517926483135249867469578312278613594
2020 584      ok 523971864471268395896435217384127956765849123912356478649582731158793642237614589
2021 1785      ok 751948623864253179329167854932615748176834592485792361243586917597321486618479235
2022 561      ok 154379628986152734732684591261938457378245916495761382549826173813497265627513849
2023 2575      ok 135426987846957321927381465213748659598163742674295813351674298482539176769812534
2024 811      ok 132549786857362491964781523513428679629175348748936152271694835385217964496853217
2025 275      ok 715943268928176453634852719289637145173584926456219387547328691391465872862791534
2026 674      ok 362541987819267345745938126127384569934756218586129473298473651651892734473615892
2027 514      ok 643519827812367954597248136476852319231796485985134672368425791129673548754981263
2028 488      ok 867145329142983765935267148571634892426879531389521674798352416613498257254716983
2029 11821      ok 437685192861297543259341867625813974718469235943752681594138726382576419176924358
2030 783      ok 564139827382647915179285643915463782647892351823751496731924568298576134456318279
2031 7308      ok 947563281135287694826491375358946127219738456764125839681379542473652918592814763
2032 153      ok 564817392198253746273946185729561834451378269836492571317629458685134927942785613
2033 584      ok 621759438475836219938241657147928563563174982892365174789512346354697821216483795
2034 361      ok 247651398856349217193728465964873152381295746572416983629534871435187629718962534
2035 1193      ok 562791348493586721178342695217654983945813276836927514721435869384269157659178432
2036 209      ok 768152439529347816143689725431568297275914683986273154814735962397826541652491378
2037 975      ok 962381547874652931135749286658934172213867459749215863397428615421576398586193724
2038 2367      ok 932681754175324986846795231368417592214539678597862143423976815659148327781253469
2039 1017      ok 932675418867412593415983762158247936674139285329568147283791654796354821541826379
2040 1501      ok 934651278852479361167382495218743956346915827579826143795238614423167589681594732
2041 733      ok 952461378173289564846375291385146927629857143714932856497513682561728439238694715
2042 391      ok 257384691981562734436179582615437928879215463324698175793851246148726359562943817
2043 731      ok 526187943871943562394652817685379124743821659219564378458236791162798435937415286
2044 683      ok 629754813387162549451983726816547392532896471974321658263479185148235967795618234
2045 2111      ok 682193745315674289479528613798432561531867924264915378153286497927341856846759132
2046 423      ok 326597814891342756574186932439871265685239471712465398263954187158723649947618523
2047 3962      ok 746351982823479165195862347481293756967185423532746891279614538314528679658937214
2048 1601      ok 957683421843251697126749853694532718215874936738916245379465182461328579582197364
2049 1063      ok 674913852582476391319852467943267518857149623261385974136524789798631245425798136
2050 161      ok 236178594145239876798645123613492785829756341457381962574963218982514637361827459
2051 384      ok 365184297198276453274539168753891624841362579926457381637915842489623715512748936
2052 10428      ok 679143285453268197281759643715832964894516732362497851528674319946321578137985426
2053 189      ok 236415987795832146814769253643521798589374612172986435457293861968157324321648579
2054 202      ok 614852379275396481389174256748629513563718924921435768156947832897263145432581697
2055 3606      ok 967134582428597163531286947795428316813769254246315879374852691189673425652941738
2056 1122      ok 792651438641378952385249716857136249429785163163492587934567821276814395518923674
2057 1205      ok 867524391142693875539187462473219658258476139916835724685742913794351286321968547
2058 431      ok 823579641946281357157463298289146735435728169761395482692814573374952816518637924
2059 6383      ok 863427951549361872217895463354982716786513294192674538431758629678239145925146387
2060 6453      ok 863427951549361872217598463384952716756813294192674538431785629678239145925146387
2061 1169      ok 965287431132456897847931265573819642684725319291364758319672584428593176756148923
2062 9859      ok 794638251813952746526417398478326519265189473139574682352841967941763825687295134
2063 957      ok 621948573985723146734516829456281937873659412192437658549872361367194285218365794
2064 2586      ok 954621783123785496867439521518942637742163859639578214491856372386297145275314968
2065 2160      ok 567428913498351627123697485356819742219764538874235196642173859785942361931586274
2066 825      ok 162385497874291365953674281325846179681927534497153628238519746716438952549762813
2067 708      ok 123864957857291346964735281312547698685329714749618532231456879476983125598172463
2068 2134      ok 785943612632851974419267358846512739971438526253679481597186243368724195124395867
2069 569      ok 358791246724638519619245873175986324483572691962314785541867932836129457297453168
2070 1077      ok 174352698962781543835469271243875916659123784781694352516938427427516839398247165
2071 2012      ok 627841953483952167915763482842395716596187324731426598264579831379218645158634279
2072 390      ok 623891547518437962479562318791628435256349781384175629167983254935214876842756193
2073 959      ok 318762594467359281925841376839524617271936845546187932184295763653478129792613458
2074 1740      ok 658391724312746589479285136924613857761458293583972461247539618195867342836124975
2075 1097      ok 968374125371562489245918367854729631126835794739641258512486973683197542497253816
2076 5556      ok 682154379951763842374892165437528916816937254295416738568271493729345681143689527
2077 1469      ok 476328519523916874189745623237591486645283197891467235318674952954832761762159348
2078 3823      ok 946271538513849267782563491671495382259387146438126975825634719367912854194758623
2079 2500      ok 983157462265498371147236958456729813732841695819365247674583129391672584528914736
2080 2273      ok 682153479951764832374892165437528916816947253295316748568271394729435681143689527
2081 491      ok 162387495937546821854921367679854132481273659325169748548732916716495283293618574
2082 1902      ok 864231597175649382923785461298173645416598723357462819549316278782954136631827954
2083 1800      ok 964251387835976421172384965427639158351748296698125743786412539543897612219563874
2084 996      ok 846271395972635481153498726469157832285369147317824659798513264631942578524786913
2085 2403      ok 487259613912836547563471982875914236346582791291763458729348165134625879658197324
2086 1500      ok 384629157965781423217345986529863741438157692176492835851936274692574318743218569
2087 155      ok 148627359673895142952143678815264937234719865769358421521486793497531286386972514
2088 17680      ok 642351798731869542958427631287195463319674285564238917175943826423586179896712354
2089 281      ok 186237549942856731375194682827561493619473258534982176268749315753618924491325867
2090 1811      ok 964725381123698745875431926597813462216974853348562179482359617731246598659187234
2091 243      ok 364281957815973624972465318421659873637824195598137246159348762786592431243716589
2092 1325      ok 579632841632481579148975623461259387297863154385714296813597462726148935954326718
2093 2575      ok 974561382863247951152389467529614738637892145418753629795426813241938576386175294
2094 240      ok 146287593852391674973465281321948765465172839789653412214736958537829146698514327
2095 407      ok 617824395398615472245397681831942756976581243524736819182453967759268134463179528
2096 208      ok 163275498925481673847369251584617329371942865296853147619534782758126934432798516
2097 1085      ok 581462793439178265276359481753894126892516374164237859927641538348925617615783942
2098 2505      ok 765438219149265783238971456986714325527893641413652978391527864852346197674189532
2099 382      ok 719362458568479312423185679157243986946718235832956147671594823385621794294837561
2100 1700      ok 546283791237419586189576432672891354395624817418735269861342975923157648754968123
2101 787      ok 862931574543872619179456283628549731394617852715283946937165428456328197281794365
2102 365      ok 268379541341528769795461238687154392523986174914732856879245613432617985156893427
2103 935      ok 846371295125689743937254681578163429293748156614592837382916574769425318451837962
2104 3699      ok 168975423723641589495823671674182935839756214512394768251437896946218357387569142
2105 636      ok 176324958459786123823951467967845312315297846248163579632519784594678231781432695
2106 2256      ok 756293418314685297892147635689321574127564389543879162468712953275936841931458726
2107 546      ok 654312879913876452827495136742638591165729384398541627286157943471983265539264718
2108 1275      ok 685379241419256387237148965768513492543982176921764538154637829396821754872495613
2109 251      ok 615382479943765812827491536752634198168279354394518627286157943579843261431926785
2110 158      ok 618342579943765182527891436752634891861279354394518627286157943179483265435926718
2111 282      ok 614382579953764812827591436742635198168279354395418627286157943579843261431926785
2112 2933      ok 645389271237165849981724563328671495596432187174958632813247956759816324462593718
2113 1651      ok 657832419428961357193457826371685942589214673264793185812376594735149268946528731
2114 6395      ok 638275419142963785759148263491526837567831942823794651215487396986312574374659128
2115 6449      ok 638257419142963785759184263491526837567831942823749651215478396986312574374695128
2116 6110      ok 638275419142963785759148263491526837567831942823794651215487396986352174374619528
2117 442      ok 154689723862371954973524681398217546415896372726453198531942867649738215287165439
2118 194      ok 632159874985674231741832569127495386463781952598263417814327695256918743379546128
2119 6437      ok 982675134714239658365418972123954867458167329697382415241793586876541293539826741
2120 205      ok 163425798925867314748931256432756189679182543851349672217698435584213967396574821
2121 482      ok 246597381359418267817623459563879142421356978798241635135762894672984513984135726
2122 1057      ok 876439521142758396953261847287193654395674182614582739521846973769325418438917265
2123 565      ok 682139754754862391193574682936728145471953268825416973518297436267345819349681527
2124 2384      ok 825764391963581472174293586436129857782635149519478623358912764691847235247356918
2125 730      ok 146359287852471936937628451379185624628734195415296378294867513763512849581943762
2126 870      ok 863521497174698523952473681417259836586137942239864715621985374395742168748316259
2127 2041      ok 689514327457293681312876459835942716971658243264731895126389574743125968598467132
2128 1527      ok 698253741412679583735148962873914625246785319159326478587432196361897254924561837
2129 605      ok 254196837683725941971438265719542386825963174436817529547281693398654712162379458
2130 1336      ok 982613547745298316316475982857349621193826754264157839631784295528961473479532168
2131 5966      ok 498653712251879436736142895927318654684795123513426987142587369375961248869234571
2132 6191      ok 498653712251879436736142895527316984684795123913428657142587369375961248869234571
2133 2682      ok 654987132378621594219543768793816245842375619561492387426739851185264973937158426
2134 160      ok 152693784963784521874521936381256497597148263246937158439872615715369842628415379
2135 699      ok 632895714897431625451762839923178546186954273745326198578249361214683957369517482
2136 5220      ok 693825714258741369714639825389416257546297183127583946935162478861974532472358691
2137 639      ok 627913854531428967849567321964182573715349682283756149456231798372895416198674235
2138 725      ok 615387429234591876789624153891256734576843291342179568123465987968712345457938612
2139 421      ok 546128973938674125127395648369742851781953264254816739692431587813567492475289316
2140 301      ok 156873942897245136423691587935162478678459213241738659319527864562384791784916325
2141 530      ok 163247985957836421842591367674985213598123674231674598325719846786452139419368752
2142 379      ok 147563298836279451925481376273946185514738962698152743362894517451627839789315624
2143 2701      ok 927683541164725983853491726539146278471852369286937154398574612645219837712368495
2144 948      ok 863541972952367481147289365738416259526973148419852637371698524694725813285134796
2145 2640      ok 864259731175384296923761485386597142217846953459123678691435827542678319738912564
2146 1255      ok 769152348138496572452783169845267913617539824923841756591628437284375691376914285
2147 377      ok 579631482462578319138249567753416298214893756986725143345987621827164935691352874
2148 941      ok 963784521125639784874521693517293846248156937396478215681945372759312468432867159
2149 1142      ok 964328715273541896815796432596134278438972651721685943689413527342857169157269384
2150 2451      ok 864257931173694285952831476419528763387169524526473198738945612695312847241786359
2151 1134      ok 963471258854392671127568493539627184241835769678914325395246817416789532782153946
2152 365      ok 863574291157298643924361758741956382582743169396182574435619827619827435278435916
2153 2207      ok 963475281154289673872631945215746398347