Info: *******************************************************************
Info: Running Quartus Prime Timing Analyzer
    Info: Version 24.1std.0 Build 1077 03/04/2025 SC Lite Edition
    Info: Copyright (C) 2025  Altera Corporation. All rights reserved.
    Info: Your use of Altera Corporation's design tools, logic functions 
    Info: and other software and tools, and any partner logic 
    Info: functions, and any output files from any of the foregoing 
    Info: (including device programming or simulation files), and any 
    Info: associated documentation or information are expressly subject 
    Info: to the terms and conditions of the Altera Program License 
    Info: Subscription Agreement, the Altera Quartus Prime License Agreement,
    Info: the Altera IP License Agreement, or other applicable license
    Info: agreement, including, without limitation, that your use is for
    Info: the sole purpose of programming logic devices manufactured by
    Info: Altera and sold by Altera or its authorized distributors.  Please
    Info: refer to the Altera Software License Subscription Agreements 
    Info: on the Quartus Prime software download page.
    Info: Processing started: Fri Sep  4 19:44:42 2026
Info: Command: quartus_sta -t /data/project/tsmc65/shared/qsyn/util/report_worst.tcl alwaysud
Info: Quartus(args): alwaysud
Info (21076): High junction temperature operating condition is not set. Assuming a default value of '85'.
Info (21076): Low junction temperature operating condition is not set. Assuming a default value of '0'.
Critical Warning (332012): Synopsys Design Constraints File file not found: '/data/project/tsmc65/shared/qsyn/basic.sdc'. A Synopsys Design Constraints File is required by the Timing Analyzer to get proper timing constraints. Without it, the Compiler will not properly optimize the design.
Info (332142): No user constrained base clocks found in the design. Calling "derive_clocks -period 1.0"
Info (332105): Deriving Clocks
    Info (332105): create_clock -period 1.000 -name clk clk
Info (332143): No user constrained clock uncertainty found in the design. Calling "derive_clock_uncertainty"
Info (332123): Deriving Clock Uncertainty. Please refer to report_sdc in the Timing Analyzer to see clock uncertainties.
Info (332115): Report Timing: Found 20 setup paths (20 violated).  Worst case slack is -43.767
    Info (332115): -setup
    Info (332115): -npaths 20
    Info (332115): -detail full_path
    Info (332115): -stdout
Info (332115): Path #1: Setup slack is -43.767 (VIOLATED)
    Info (332115): ===================================================================
    Info (332115): From Node    : alwaysud:alwaysud|alwaysud_solver:solver|sol[46][5]
    Info (332115): To Node      : alwaysud:alwaysud|alwaysud_solver:solver|used[8][2]
    Info (332115): Launch Clock : clk
    Info (332115): Latch Clock  : clk
    Info (332115): Data Arrival Path:
    Info (332115): Total (ns)  Incr (ns)     Type  Element
    Info (332115): ==========  ========= ==  ====  ===================================
    Info (332115):      0.000      0.000           launch edge time
    Info (332115):      0.000      0.000           source latency
    Info (332115):      0.000      0.000           clk
    Info (332115):      0.000      0.000 RR    IC  clk~input|i
    Info (332115):      0.769      0.769 RR  CELL  clk~input|o
    Info (332115):      1.663      0.894 RR    IC  clk~inputclkctrl|inclk[0]
    Info (332115):      1.663      0.000 RR  CELL  clk~inputclkctrl|outclk
    Info (332115):      3.290      1.627 RR    IC  alwaysud|solver|sol[46][5]|clk
    Info (332115):      3.800      0.510 RR  CELL  alwaysud:alwaysud|alwaysud_solver:solver|sol[46][5]
    Info (332115):      4.007      0.207     uTco  alwaysud:alwaysud|alwaysud_solver:solver|sol[46][5]
    Info (332115):      4.007      0.000 FF  CELL  alwaysud|solver|sol[46][5]|q
    Info (332115):      4.415      0.408 FF    IC  alwaysud|solver|Equal46~3|dataa
    Info (332115):      4.817      0.402 FR  CELL  alwaysud|solver|Equal46~3|combout
    Info (332115):      7.073      2.256 RR    IC  alwaysud|solver|Equal46~4|datac
    Info (332115):      7.378      0.305 RR  CELL  alwaysud|solver|Equal46~4|combout
    Info (332115):      9.089      1.711 RR    IC  alwaysud|solver|hs_spots[5][3][1]~2|datac
    Info (332115):      9.393      0.304 RR  CELL  alwaysud|solver|hs_spots[5][3][1]~2|combout
    Info (332115):     10.496      1.103 RR    IC  alwaysud|solver|hs_event[48]~505|datab
    Info (332115):     10.945      0.449 RF  CELL  alwaysud|solver|hs_event[48]~505|combout
    Info (332115):     11.185      0.240 FF    IC  alwaysud|solver|hs_event[48]~507|datac
    Info (332115):     11.488      0.303 FF  CELL  alwaysud|solver|hs_event[48]~507|combout
    Info (332115):     11.727      0.239 FF    IC  alwaysud|solver|hs_event[48]~508|datad
    Info (332115):     11.858      0.131 FF  CELL  alwaysud|solver|hs_event[48]~508|combout
    Info (332115):     12.091      0.233 FF    IC  alwaysud|solver|hs_event[48]~509|datad
    Info (332115):     12.222      0.131 FF  CELL  alwaysud|solver|hs_event[48]~509|combout
    Info (332115):     14.731      2.509 FF    IC  alwaysud|solver|WideOr26~0|datac
    Info (332115):     15.029      0.298 FF  CELL  alwaysud|solver|WideOr26~0|combout
    Info (332115):     15.286      0.257 FF    IC  alwaysud|solver|WideOr26~2|datac
    Info (332115):     15.584      0.298 FF  CELL  alwaysud|solver|WideOr26~2|combout
    Info (332115):     16.353      0.769 FF    IC  alwaysud|solver|ui[2]~2|datad
    Info (332115):     16.514      0.161 FR  CELL  alwaysud|solver|ui[2]~2|combout
    Info (332115):     17.266      0.752 RR    IC  alwaysud|solver|ui[4]~4|datad
    Info (332115):     17.432      0.166 RR  CELL  alwaysud|solver|ui[4]~4|combout
    Info (332115):     18.093      0.661 RR    IC  alwaysud|solver|ui[4]~5|datad
    Info (332115):     18.259      0.166 RR  CELL  alwaysud|solver|ui[4]~5|combout
    Info (332115):     18.957      0.698 RR    IC  alwaysud|solver|Add334~2|datac
    Info (332115):     19.262      0.305 RR  CELL  alwaysud|solver|Add334~2|combout
    Info (332115):     19.492      0.230 RR    IC  alwaysud|solver|Add334~3|datad
    Info (332115):     19.658      0.166 RR  CELL  alwaysud|solver|Add334~3|combout
    Info (332115):     19.880      0.222 RR    IC  alwaysud|solver|Add334~8|datad
    Info (332115):     20.046      0.166 RR  CELL  alwaysud|solver|Add334~8|combout
    Info (332115):     21.300      1.254 RR    IC  alwaysud|solver|Mux16~100|datad
    Info (332115):     21.445      0.145 RF  CELL  alwaysud|solver|Mux16~100|combout
    Info (332115):     21.678      0.233 FF    IC  alwaysud|solver|Mux16~101|datad
    Info (332115):     21.839      0.161 FR  CELL  alwaysud|solver|Mux16~101|combout
    Info (332115):     22.786      0.947 RR    IC  alwaysud|solver|Mux16~102|datac
    Info (332115):     23.091      0.305 RR  CELL  alwaysud|solver|Mux16~102|combout
    Info (332115):     23.302      0.211 RR    IC  alwaysud|solver|Mux16~103|datad
    Info (332115):     23.468      0.166 RR  CELL  alwaysud|solver|Mux16~103|combout
    Info (332115):     23.673      0.205 RR    IC  alwaysud|solver|Mux16~109|datad
    Info (332115):     23.839      0.166 RR  CELL  alwaysud|solver|Mux16~109|combout
    Info (332115):     24.601      0.762 RR    IC  alwaysud|solver|Mux16~264|datad
    Info (332115):     24.767      0.166 RR  CELL  alwaysud|solver|Mux16~264|combout
    Info (332115):     25.475      0.708 RR    IC  alwaysud|solver|Mux10~0|datad
    Info (332115):     25.641      0.166 RR  CELL  alwaysud|solver|Mux10~0|combout
    Info (332115):     25.844      0.203 RR    IC  alwaysud|solver|Mux10~1|datac
    Info (332115):     26.128      0.284 RF  CELL  alwaysud|solver|Mux10~1|combout
    Info (332115):     26.465      0.337 FF    IC  alwaysud|solver|dsel[1]~6|dataa
    Info (332115):     26.867      0.402 FR  CELL  alwaysud|solver|dsel[1]~6|combout
    Info (332115):     27.095      0.228 RR    IC  alwaysud|solver|dsel[1]~16|datad
    Info (332115):     27.261      0.166 RR  CELL  alwaysud|solver|dsel[1]~16|combout
    Info (332115):     27.481      0.220 RR    IC  alwaysud|solver|dsel[1]~19|datad
    Info (332115):     27.647      0.166 RR  CELL  alwaysud|solver|dsel[1]~19|combout
    Info (332115):     27.849      0.202 RR    IC  alwaysud|solver|dsel[1]~20|datad
    Info (332115):     28.015      0.166 RR  CELL  alwaysud|solver|dsel[1]~20|combout
    Info (332115):     29.770      1.755 RR    IC  alwaysud|solver|Mux64~2|datad
    Info (332115):     29.915      0.145 RF  CELL  alwaysud|solver|Mux64~2|combout
    Info (332115):     30.154      0.239 FF    IC  alwaysud|solver|Mux64~3|datad
    Info (332115):     30.315      0.161 FR  CELL  alwaysud|solver|Mux64~3|combout
    Info (332115):     31.851      1.536 RR    IC  alwaysud|solver|Mux100~24|datad
    Info (332115):     32.017      0.166 RR  CELL  alwaysud|solver|Mux100~24|combout
    Info (332115):     32.222      0.205 RR    IC  alwaysud|solver|Mux100~25|datad
    Info (332115):     32.388      0.166 RR  CELL  alwaysud|solver|Mux100~25|combout
    Info (332115):     32.611      0.223 RR    IC  alwaysud|solver|Mux100~27|datad
    Info (332115):     32.777      0.166 RR  CELL  alwaysud|solver|Mux100~27|combout
    Info (332115):     33.509      0.732 RR    IC  alwaysud|solver|Mux103~5|datac
    Info (332115):     33.814      0.305 RR  CELL  alwaysud|solver|Mux103~5|combout
    Info (332115):     34.019      0.205 RR    IC  alwaysud|solver|Mux103~6|datad
    Info (332115):     34.185      0.166 RR  CELL  alwaysud|solver|Mux103~6|combout
    Info (332115):     34.387      0.202 RR    IC  alwaysud|solver|Mux103~9|datad
    Info (332115):     34.553      0.166 RR  CELL  alwaysud|solver|Mux103~9|combout
    Info (332115):     34.969      0.416 RR    IC  alwaysud|solver|r~71|datac
    Info (332115):     35.249      0.280 RF  CELL  alwaysud|solver|r~71|combout
    Info (332115):     35.503      0.254 FF    IC  alwaysud|solver|r~76|datac
    Info (332115):     35.806      0.303 FF  CELL  alwaysud|solver|r~76|combout
    Info (332115):     36.287      0.481 FF    IC  alwaysud|solver|r~78|dataa
    Info (332115):     36.689      0.402 FF  CELL  alwaysud|solver|r~78|combout
    Info (332115):     37.533      0.844 FF    IC  alwaysud|solver|WideOr49~0|datab
    Info (332115):     37.929      0.396 FR  CELL  alwaysud|solver|WideOr49~0|combout
    Info (332115):     39.146      1.217 RR    IC  alwaysud|solver|Mux110~2|datad
    Info (332115):     39.312      0.166 RR  CELL  alwaysud|solver|Mux110~2|combout
    Info (332115):     39.514      0.202 RR    IC  alwaysud|solver|Mux110~4|datad
    Info (332115):     39.680      0.166 RR  CELL  alwaysud|solver|Mux110~4|combout
    Info (332115):     39.885      0.205 RR    IC  alwaysud|solver|Mux110~5|datad
    Info (332115):     40.051      0.166 RR  CELL  alwaysud|solver|Mux110~5|combout
    Info (332115):     40.253      0.202 RR    IC  alwaysud|solver|Mux110~8|datac
    Info (332115):     40.558      0.305 RR  CELL  alwaysud|solver|Mux110~8|combout
    Info (332115):     40.761      0.203 RR    IC  alwaysud|solver|pick_cell[4]~23|datad
    Info (332115):     40.927      0.166 RR  CELL  alwaysud|solver|pick_cell[4]~23|combout
    Info (332115):     41.637      0.710 RR    IC  alwaysud|solver|pick_cell[4]~28|datad
    Info (332115):     41.803      0.166 RR  CELL  alwaysud|solver|pick_cell[4]~28|combout
    Info (332115):     42.861      1.058 RR    IC  alwaysud|solver|Decoder8~82|datac
    Info (332115):     43.165      0.304 RR  CELL  alwaysud|solver|Decoder8~82|combout
    Info (332115):     44.230      1.065 RR    IC  alwaysud|solver|WideOr127~1|datad
    Info (332115):     44.396      0.166 RR  CELL  alwaysud|solver|WideOr127~1|combout
    Info (332115):     47.546      3.150 RR    IC  alwaysud|solver|used~760|datac
    Info (332115):     47.850      0.304 RR  CELL  alwaysud|solver|used~760|combout
    Info (332115):     48.055      0.205 RR    IC  alwaysud|solver|used[8][2]~182|datad
    Info (332115):     48.221      0.166 RR  CELL  alwaysud|solver|used[8][2]~182|combout
    Info (332115):     48.221      0.000 RR    IC  alwaysud|solver|used[8][2]|d
    Info (332115):     48.310      0.089 RR  CELL  alwaysud:alwaysud|alwaysud_solver:solver|used[8][2]
    Info (332115): Data Required Path:
    Info (332115): Total (ns)  Incr (ns)     Type  Element
    Info (332115): ==========  ========= ==  ====  ===================================
    Info (332115):      1.000      1.000           latch edge time
    Info (332115):      1.000      0.000           source latency
    Info (332115):      1.000      0.000           clk
    Info (332115):      1.000      0.000 RR    IC  clk~input|i
    Info (332115):      1.769      0.769 RR  CELL  clk~input|o
    Info (332115):      2.627      0.858 RR    IC  clk~inputclkctrl|inclk[0]
    Info (332115):      2.627      0.000 RR  CELL  clk~inputclkctrl|outclk
    Info (332115):      4.038      1.411 RR    IC  alwaysud|solver|used[8][2]|clk
    Info (332115):      4.513      0.475 RR  CELL  alwaysud:alwaysud|alwaysud_solver:solver|used[8][2]
    Info (332115):      4.550      0.037           clock pessimism removed
    Info (332115):      4.530     -0.020           clock uncertainty
    Info (332115):      4.543      0.013     uTsu  alwaysud:alwaysud|alwaysud_solver:solver|used[8][2]
    Info (332115): Data Arrival Time  :    48.310
    Info (332115): Data Required Time :     4.543
    Info (332115): Slack              :   -43.767 (VIOLATED)
    Info (332115): ===================================================================
Info (332115): Path #2: Setup slack is -43.759 (VIOLATED)
    Info (332115): ===================================================================
    Info (332115): From Node    : alwaysud:alwaysud|alwaysud_solver:solver|sol[46][3]
    Info (332115): To Node      : alwaysud:alwaysud|alwaysud_solver:solver|used[8][2]
    Info (332115): Launch Clock : clk
    Info (332115): Latch Clock  : clk
    Info (332115): Data Arrival Path:
    Info (332115): Total (ns)  Incr (ns)     Type  Element
    Info (332115): ==========  ========= ==  ====  ===================================
    Info (332115):      0.000      0.000           launch edge time
    Info (332115):      0.000      0.000           source latency
    Info (332115):      0.000      0.000           clk
    Info (332115):      0.000      0.000 RR    IC  clk~input|i
    Info (332115):      0.769      0.769 RR  CELL  clk~input|o
    Info (332115):      1.663      0.894 RR    IC  clk~inputclkctrl|inclk[0]
    Info (332115):      1.663      0.000 RR  CELL  clk~inputclkctrl|outclk
    Info (332115):      3.290      1.627 RR    IC  alwaysud|solver|sol[46][3]|clk
    Info (332115):      3.800      0.510 RR  CELL  alwaysud:alwaysud|alwaysud_solver:solver|sol[46][3]
    Info (332115):      4.007      0.207     uTco  alwaysud:alwaysud|alwaysud_solver:solver|sol[46][3]
    Info (332115):      4.007      0.000 FF  CELL  alwaysud|solver|sol[46][3]|q
    Info (332115):      4.392      0.385 FF    IC  alwaysud|solver|Equal46~3|datab
    Info (332115):      4.809      0.417 FR  CELL  alwaysud|solver|Equal46~3|combout
    Info (332115):      7.065      2.256 RR    IC  alwaysud|solver|Equal46~4|datac
    Info (332115):      7.370      0.305 RR  CELL  alwaysud|solver|Equal46~4|combout
    Info (332115):      9.081      1.711 RR    IC  alwaysud|solver|hs_spots[5][3][1]~2|datac
    Info (332115):      9.385      0.304 RR  CELL  alwaysud|solver|hs_spots[5][3][1]~2|combout
    Info (332115):     10.488      1.103 RR    IC  alwaysud|solver|hs_event[48]~505|datab
    Info (332115):     10.937      0.449 RF  CELL  alwaysud|solver|hs_event[48]~505|combout
    Info (332115):     11.177      0.240 FF    IC  alwaysud|solver|hs_event[48]~507|datac
    Info (332115):     11.480      0.303 FF  CELL  alwaysud|solver|hs_event[48]~507|combout
    Info (332115):     11.719      0.239 FF    IC  alwaysud|solver|hs_event[48]~508|datad
    Info (332115):     11.850      0.131 FF  CELL  alwaysud|solver|hs_event[48]~508|combout
    Info (332115):     12.083      0.233 FF    IC  alwaysud|solver|hs_event[48]~509|datad
    Info (332115):     12.214      0.131 FF  CELL  alwaysud|solver|hs_event[48]~509|combout
    Info (332115):     14.723      2.509 FF    IC  alwaysud|solver|WideOr26~0|datac
    Info (332115):     15.021      0.298 FF  CELL  alwaysud|solver|WideOr26~0|combout
    Info (332115):     15.278      0.257 FF    IC  alwaysud|solver|WideOr26~2|datac
    Info (332115):     15.576      0.298 FF  CELL  alwaysud|solver|WideOr26~2|combout
    Info (332115):     16.345      0.769 FF    IC  alwaysud|solver|ui[2]~2|datad
    Info (332115):     16.506      0.161 FR  CELL  alwaysud|solver|ui[2]~2|combout
    Info (332115):     17.258      0.752 RR    IC  alwaysud|solver|ui[4]~4|datad
    Info (332115):     17.424      0.166 RR  CELL  alwaysud|solver|ui[4]~4|combout
    Info (332115):     18.085      0.661 RR    IC  alwaysud|solver|ui[4]~5|datad
    Info (332115):     18.251      0.166 RR  CELL  alwaysud|solver|ui[4]~5|combout
    Info (332115):     18.949      0.698 RR    IC  alwaysud|solver|Add334~2|datac
    Info (332115):     19.254      0.305 RR  CELL  alwaysud|solver|Add334~2|combout
    Info (332115):     19.484      0.230 RR    IC  alwaysud|solver|Add334~3|datad
    Info (332115):     19.650      0.166 RR  CELL  alwaysud|solver|Add334~3|combout
    Info (332115):     19.872      0.222 RR    IC  alwaysud|solver|Add334~8|datad
    Info (332115):     20.038      0.166 RR  CELL  alwaysud|solver|Add334~8|combout
    Info (332115):     21.292      1.254 RR    IC  alwaysud|solver|Mux16~100|datad
    Info (332115):     21.437      0.145 RF  CELL  alwaysud|solver|Mux16~100|combout
    Info (332115):     21.670      0.233 FF    IC  alwaysud|solver|Mux16~101|datad
    Info (332115):     21.831      0.161 FR  CELL  alwaysud|solver|Mux16~101|combout
    Info (332115):     22.778      0.947 RR    IC  alwaysud|solver|Mux16~102|datac
    Info (332115):     23.083      0.305 RR  CELL  alwaysud|solver|Mux16~102|combout
    Info (332115):     23.294      0.211 RR    IC  alwaysud|solver|Mux16~103|datad
    Info (332115):     23.460      0.166 RR  CELL  alwaysud|solver|Mux16~103|combout
    Info (332115):     23.665      0.205 RR    IC  alwaysud|solver|Mux16~109|datad
    Info (332115):     23.831      0.166 RR  CELL  alwaysud|solver|Mux16~109|combout
    Info (332115):     24.593      0.762 RR    IC  alwaysud|solver|Mux16~264|datad
    Info (332115):     24.759      0.166 RR  CELL  alwaysud|solver|Mux16~264|combout
    Info (332115):     25.467      0.708 RR    IC  alwaysud|solver|Mux10~0|datad
    Info (332115):     25.633      0.166 RR  CELL  alwaysud|solver|Mux10~0|combout
    Info (332115):     25.836      0.203 RR    IC  alwaysud|solver|Mux10~1|datac
    Info (332115):     26.120      0.284 RF  CELL  alwaysud|solver|Mux10~1|combout
    Info (332115):     26.457      0.337 FF    IC  alwaysud|solver|dsel[1]~6|dataa
    Info (332115):     26.859      0.402 FR  CELL  alwaysud|solver|dsel[1]~6|combout
    Info (332115):     27.087      0.228 RR    IC  alwaysud|solver|dsel[1]~16|datad
    Info (332115):     27.253      0.166 RR  CELL  alwaysud|solver|dsel[1]~16|combout
    Info (332115):     27.473      0.220 RR    IC  alwaysud|solver|dsel[1]~19|datad
    Info (332115):     27.639      0.166 RR  CELL  alwaysud|solver|dsel[1]~19|combout
    Info (332115):     27.841      0.202 RR    IC  alwaysud|solver|dsel[1]~20|datad
    Info (332115):     28.007      0.166 RR  CELL  alwaysud|solver|dsel[1]~20|combout
    Info (332115):     29.762      1.755 RR    IC  alwaysud|solver|Mux64~2|datad
    Info (332115):     29.907      0.145 RF  CELL  alwaysud|solver|Mux64~2|combout
    Info (332115):     30.146      0.239 FF    IC  alwaysud|solver|Mux64~3|datad
    Info (332115):     30.307      0.161 FR  CELL  alwaysud|solver|Mux64~3|combout
    Info (332115):     31.843      1.536 RR    IC  alwaysud|solver|Mux100~24|datad
    Info (332115):     32.009      0.166 RR  CELL  alwaysud|solver|Mux100~24|combout
    Info (332115):     32.214      0.205 RR    IC  alwaysud|solver|Mux100~25|datad
    Info (332115):     32.380      0.166 RR  CELL  alwaysud|solver|Mux100~25|combout
    Info (332115):     32.603      0.223 RR    IC  alwaysud|solver|Mux100~27|datad
    Info (332115):     32.769      0.166 RR  CELL  alwaysud|solver|Mux100~27|combout
    Info (332115):     33.501      0.732 RR    IC  alwaysud|solver|Mux103~5|datac
    Info (332115):     33.806      0.305 RR  CELL  alwaysud|solver|Mux103~5|combout
    Info (332115):     34.011      0.205 RR    IC  alwaysud|solver|Mux103~6|datad
    Info (332115):     34.177      0.166 RR  CELL  alwaysud|solver|Mux103~6|combout
    Info (332115):     34.379      0.202 RR    IC  alwaysud|solver|Mux103~9|datad
    Info (332115):     34.545      0.166 RR  CELL  alwaysud|solver|Mux103~9|combout
    Info (332115):     34.961      0.416 RR    IC  alwaysud|solver|r~71|datac
    Info (332115):     35.241      0.280 RF  CELL  alwaysud|solver|r~71|combout
    Info (332115):     35.495      0.254 FF    IC  alwaysud|solver|r~76|datac
    Info (332115):     35.798      0.303 FF  CELL  alwaysud|solver|r~76|combout
    Info (332115):     36.279      0.481 FF    IC  alwaysud|solver|r~78|dataa
    Info (332115):     36.681      0.402 FF  CELL  alwaysud|solver|r~78|combout
    Info (332115):     37.525      0.844 FF    IC  alwaysud|solver|WideOr49~0|datab
    Info (332115):     37.921      0.396 FR  CELL  alwaysud|solver|WideOr49~0|combout
    Info (332115):     39.138      1.217 RR    IC  alwaysud|solver|Mux110~2|datad
    Info (332115):     39.304      0.166 RR  CELL  alwaysud|solver|Mux110~2|combout
    Info (332115):     39.506      0.202 RR    IC  alwaysud|solver|Mux110~4|datad
    Info (332115):     39.672      0.166 RR  CELL  alwaysud|solver|Mux110~4|combout
    Info (332115):     39.877      0.205 RR    IC  alwaysud|solver|Mux110~5|datad
    Info (332115):     40.043      0.166 RR  CELL  alwaysud|solver|Mux110~5|combout
    Info (332115):     40.245      0.202 RR    IC  alwaysud|solver|Mux110~8|datac
    Info (332115):     40.550      0.305 RR  CELL  alwaysud|solver|Mux110~8|combout
    Info (332115):     40.753      0.203 RR    IC  alwaysud|solver|pick_cell[4]~23|datad
    Info (332115):     40.919      0.166 RR  CELL  alwaysud|solver|pick_cell[4]~23|combout
    Info (332115):     41.629      0.710 RR    IC  alwaysud|solver|pick_cell[4]~28|datad
    Info (332115):     41.795      0.166 RR  CELL  alwaysud|solver|pick_cell[4]~28|combout
    Info (332115):     42.853      1.058 RR    IC  alwaysud|solver|Decoder8~82|datac
    Info (332115):     43.157      0.304 RR  CELL  alwaysud|solver|Decoder8~82|combout
    Info (332115):     44.222      1.065 RR    IC  alwaysud|solver|WideOr127~1|datad
    Info (332115):     44.388      0.166 RR  CELL  alwaysud|solver|WideOr127~1|combout
    Info (332115):     47.538      3.150 RR    IC  alwaysud|solver|used~760|datac
    Info (332115):     47.842      0.304 RR  CELL  alwaysud|solver|used~760|combout
    Info (332115):     48.047      0.205 RR    IC  alwaysud|solver|used[8][2]~182|datad
    Info (332115):     48.213      0.166 RR  CELL  alwaysud|solver|used[8][2]~182|combout
    Info (332115):     48.213      0.000 RR    IC  alwaysud|solver|used[8][2]|d
    Info (332115):     48.302      0.089 RR  CELL  alwaysud:alwaysud|alwaysud_solver:solver|used[8][2]
    Info (332115): Data Required Path:
    Info (332115): Total (ns)  Incr (ns)     Type  Element
    Info (332115): ==========  ========= ==  ====  ===================================
    Info (332115):      1.000      1.000           latch edge time
    Info (332115):      1.000      0.000           source latency
    Info (332115):      1.000      0.000           clk
    Info (332115):      1.000      0.000 RR    IC  clk~input|i
    Info (332115):      1.769      0.769 RR  CELL  clk~input|o
    Info (332115):      2.627      0.858 RR    IC  clk~inputclkctrl|inclk[0]
    Info (332115):      2.627      0.000 RR  CELL  clk~inputclkctrl|outclk
    Info (332115):      4.038      1.411 RR    IC  alwaysud|solver|used[8][2]|clk
    Info (332115):      4.513      0.475 RR  CELL  alwaysud:alwaysud|alwaysud_solver:solver|used[8][2]
    Info (332115):      4.550      0.037           clock pessimism removed
    Info (332115):      4.530     -0.020           clock uncertainty
    Info (332115):      4.543      0.013     uTsu  alwaysud:alwaysud|alwaysud_solver:solver|used[8][2]
    Info (332115): Data Arrival Time  :    48.302
    Info (332115): Data Required Time :     4.543
    Info (332115): Slack              :   -43.759 (VIOLATED)
    Info (332115): ===================================================================
Info (332115): Path #3: Setup slack is -43.755 (VIOLATED)
    Info (332115): ===================================================================
    Info (332115): From Node    : alwaysud:alwaysud|alwaysud_solver:solver|sol[46][3]
    Info (332115): To Node      : alwaysud:alwaysud|alwaysud_solver:solver|used[8][2]
    Info (332115): Launch Clock : clk
    Info (332115): Latch Clock  : clk
    Info (332115): Data Arrival Path:
    Info (332115): Total (ns)  Incr (ns)     Type  Element
    Info (332115): ==========  ========= ==  ====  ===================================
    Info (332115):      0.000      0.000           launch edge time
    Info (332115):      0.000      0.000           source latency
    Info (332115):      0.000      0.000           clk
    Info (332115):      0.000      0.000 RR    IC  clk~input|i
    Info (332115):      0.769      0.769 RR  CELL  clk~input|o
    Info (332115):      1.663      0.894 RR    IC  clk~inputclkctrl|inclk[0]
    Info (332115):      1.663      0.000 RR  CELL  clk~inputclkctrl|outclk
    Info (332115):      3.290      1.627 RR    IC  alwaysud|solver|sol[46][3]|clk
    Info (332115):      3.800      0.510 RR  CELL  alwaysud:alwaysud|alwaysud_solver:solver|sol[46][3]
    Info (332115):      4.007      0.207     uTco  alwaysud:alwaysud|alwaysud_solver:solver|sol[46][3]
    Info (332115):      4.007      0.000 RR  CELL  alwaysud|solver|sol[46][3]|q
    Info (332115):      4.305      0.298 RR    IC  alwaysud|solver|Equal46~3|datab
    Info (332115):      4.747      0.442 RF  CELL  alwaysud|solver|Equal46~3|combout
    Info (332115):      7.008      2.261 FF    IC  alwaysud|solver|Equal46~4|datac
    Info (332115):      7.311      0.303 FF  CELL  alwaysud|solver|Equal46~4|combout
    Info (332115):      9.361      2.050 FF    IC  alwaysud|solver|Add133~2|dataa
    Info (332115):      9.743      0.382 FR  CELL  alwaysud|solver|Add133~2|cout
    Info (332115):      9.743      0.000 RR    IC  alwaysud|solver|Add133~4|cin
    Info (332115):      9.802      0.059 RF  CELL  alwaysud|solver|Add133~4|cout
    Info (332115):      9.802      0.000 FF    IC  alwaysud|solver|Add133~6|cin
    Info (332115):      9.861      0.059 FR  CELL  alwaysud|solver|Add133~6|cout
    Info (332115):      9.861      0.000 RR    IC  alwaysud|solver|Add133~8|cin
    Info (332115):      9.920      0.059 RF  CELL  alwaysud|solver|Add133~8|cout
    Info (332115):      9.920      0.000 FF    IC  alwaysud|solver|Add133~10|cin
    Info (332115):      9.979      0.059 FR  CELL  alwaysud|solver|Add133~10|cout
    Info (332115):      9.979      0.000 RR    IC  alwaysud|solver|Add133~12|cin
    Info (332115):     10.616      0.637 RR  CELL  alwaysud|solver|Add133~12|combout
    Info (332115):     10.854      0.238 RR    IC  alwaysud|solver|hs_event[48]~504|datab
    Info (332115):     11.303      0.449 RF  CELL  alwaysud|solver|hs_event[48]~504|combout
    Info (332115):     11.543      0.240 FF    IC  alwaysud|solver|hs_event[48]~508|datac
    Info (332115):     11.846      0.303 FF  CELL  alwaysud|solver|hs_event[48]~508|combout
    Info (332115):     12.079      0.233 FF    IC  alwaysud|solver|hs_event[48]~509|datad
    Info (332115):     12.210      0.131 FF  CELL  alwaysud|solver|hs_event[48]~509|combout
    Info (332115):     14.719      2.509 FF    IC  alwaysud|solver|WideOr26~0|datac
    Info (332115):     15.017      0.298 FF  CELL  alwaysud|solver|WideOr26~0|combout
    Info (332115):     15.274      0.257 FF    IC  alwaysud|solver|WideOr26~2|datac
    Info (332115):     15.572      0.298 FF  CELL  alwaysud|solver|WideOr26~2|combout
    Info (332115):     16.341      0.769 FF    IC  alwaysud|solver|ui[2]~2|datad
    Info (332115):     16.502      0.161 FR  CELL  alwaysud|solver|ui[2]~2|combout
    Info (332115):     17.254      0.752 RR    IC  alwaysud|solver|ui[4]~4|datad
    Info (332115):     17.420      0.166 RR  CELL  alwaysud|solver|ui[4]~4|combout
    Info (332115):     18.081      0.661 RR    IC  alwaysud|solver|ui[4]~5|datad
    Info (332115):     18.247      0.166 RR  CELL  alwaysud|solver|ui[4]~5|combout
    Info (332115):     18.945      0.698 RR    IC  alwaysud|solver|Add334~2|datac
    Info (332115):     19.250      0.305 RR  CELL  alwaysud|solver|Add334~2|combout
    Info (332115):     19.480      0.230 RR    IC  alwaysud|solver|Add334~3|datad
    Info (332115):     19.646      0.166 RR  CELL  alwaysud|solver|Add334~3|combout
    Info (332115):     19.868      0.222 RR    IC  alwaysud|solver|Add334~8|datad
    Info (332115):     20.034      0.166 RR  CELL  alwaysud|solver|Add334~8|combout
    Info (332115):     21.288      1.254 RR    IC  alwaysud|solver|Mux16~100|datad
    Info (332115):     21.433      0.145 RF  CELL  alwaysud|solver|Mux16~100|combout
    Info (332115):     21.666      0.233 FF    IC  alwaysud|solver|Mux16~101|datad
    Info (332115):     21.827      0.161 FR  CELL  alwaysud|solver|Mux16~101|combout
    Info (332115):     22.774      0.947 RR    IC  alwaysud|solver|Mux16~102|datac
    Info (332115):     23.079      0.305 RR  CELL  alwaysud|solver|Mux16~102|combout
    Info (332115):     23.290      0.211 RR    IC  alwaysud|solver|Mux16~103|datad
    Info (332115):     23.456      0.166 RR  CELL  alwaysud|solver|Mux16~103|combout
    Info (332115):     23.661      0.205 RR    IC  alwaysud|solver|Mux16~109|datad
    Info (332115):     23.827      0.166 RR  CELL  alwaysud|solver|Mux16~109|combout
    Info (332115):     24.589      0.762 RR    IC  alwaysud|solver|Mux16~264|datad
    Info (332115):     24.755      0.166 RR  CELL  alwaysud|solver|Mux16~264|combout
    Info (332115):     25.463      0.708 RR    IC  alwaysud|solver|Mux10~0|datad
    Info (332115):     25.629      0.166 RR  CELL  alwaysud|solver|Mux10~0|combout
    Info (332115):     25.832      0.203 RR    IC  alwaysud|solver|Mux10~1|datac
    Info (332115):     26.116      0.284 RF  CELL  alwaysud|solver|Mux10~1|combout
    Info (332115):     26.453      0.337 FF    IC  alwaysud|solver|dsel[1]~6|dataa
    Info (332115):     26.855      0.402 FR  CELL  alwaysud|solver|dsel[1]~6|combout
    Info (332115):     27.083      0.228 RR    IC  alwaysud|solver|dsel[1]~16|datad
    Info (332115):     27.249      0.166 RR  CELL  alwaysud|solver|dsel[1]~16|combout
    Info (332115):     27.469      0.220 RR    IC  alwaysud|solver|dsel[1]~19|datad
    Info (332115):     27.635      0.166 RR  CELL  alwaysud|solver|dsel[1]~19|combout
    Info (332115):     27.837      0.202 RR    IC  alwaysud|solver|dsel[1]~20|datad
    Info (332115):     28.003      0.166 RR  CELL  alwaysud|solver|dsel[1]~20|combout
    Info (332115):     29.758      1.755 RR    IC  alwaysud|solver|Mux64~2|datad
    Info (332115):     29.903      0.145 RF  CELL  alwaysud|solver|Mux64~2|combout
    Info (332115):     30.142      0.239 FF    IC  alwaysud|solver|Mux64~3|datad
    Info (332115):     30.303      0.161 FR  CELL  alwaysud|solver|Mux64~3|combout
    Info (332115):     31.839      1.536 RR    IC  alwaysud|solver|Mux100~24|datad
    Info (332115):     32.005      0.166 RR  CELL  alwaysud|solver|Mux100~24|combout
    Info (332115):     32.210      0.205 RR    IC  alwaysud|solver|Mux100~25|datad
    Info (332115):     32.376      0.166 RR  CELL  alwaysud|solver|Mux100~25|combout
    Info (332115):     32.599      0.223 RR    IC  alwaysud|solver|Mux100~27|datad
    Info (332115):     32.765      0.166 RR  CELL  alwaysud|solver|Mux100~27|combout
    Info (332115):     33.497      0.732 RR    IC  alwaysud|solver|Mux103~5|datac
    Info (332115):     33.802      0.305 RR  CELL  alwaysud|solver|Mux103~5|combout
    Info (332115):     34.007      0.205 RR    IC  alwaysud|solver|Mux103~6|datad
    Info (332115):     34.173      0.166 RR  CELL  alwaysud|solver|Mux103~6|combout
    Info (332115):     34.375      0.202 RR    IC  alwaysud|solver|Mux103~9|datad
    Info (332115):     34.541      0.166 RR  CELL  alwaysud|solver|Mux103~9|combout
    Info (332115):     34.957      0.416 RR    IC  alwaysud|solver|r~71|datac
    Info (332115):     35.237      0.280 RF  CELL  alwaysud|solver|r~71|combout
    Info (332115):     35.491      0.254 FF    IC  alwaysud|solver|r~76|datac
    Info (332115):     35.794      0.303 FF  CELL  alwaysud|solver|r~76|combout
    Info (332115):     36.275      0.481 FF    IC  alwaysud|solver|r~78|dataa
    Info (332115):     36.677      0.402 FF  CELL  alwaysud|solver|r~78|combout
    Info (332115):     37.521      0.844 FF    IC  alwaysud|solver|WideOr49~0|datab
    Info (332115):     37.917      0.396 FR  CELL  alwaysud|solver|WideOr49~0|combout
    Info (332115):     39.134      1.217 RR    IC  alwaysud|solver|Mux110~2|datad
    Info (332115):     39.300      0.166 RR  CELL  alwaysud|solver|Mux110~2|combout
    Info (332115):     39.502      0.202 RR    IC  alwaysud|solver|Mux110~4|datad
    Info (332115):     39.668      0.166 RR  CELL  alwaysud|solver|Mux110~4|combout
    Info (332115):     39.873      0.205 RR    IC  alwaysud|solver|Mux110~5|datad
    Info (332115):     40.039      0.166 RR  CELL  alwaysud|solver|Mux110~5|combout
    Info (332115):     40.241      0.202 RR    IC  alwaysud|solver|Mux110~8|datac
    Info (332115):     40.546      0.305 RR  CELL  alwaysud|solver|Mux110~8|combout
    Info (332115):     40.749      0.203 RR    IC  alwaysud|solver|pick_cell[4]~23|datad
    Info (332115):     40.915      0.166 RR  CELL  alwaysud|solver|pick_cell[4]~23|combout
    Info (332115):     41.625      0.710 RR    IC  alwaysud|solver|pick_cell[4]~28|datad
    Info (332115):     41.791      0.166 RR  CELL  alwaysud|solver|pick_cell[4]~28|combout
    Info (332115):     42.849      1.058 RR    IC  alwaysud|solver|Decoder8~82|datac
    Info (332115):     43.153      0.304 RR  CELL  alwaysud|solver|Decoder8~82|combout
    Info (332115):     44.218      1.065 RR    IC  alwaysud|solver|WideOr127~1|datad
    Info (332115):     44.384      0.166 RR  CELL  alwaysud|solver|WideOr127~1|combout
    Info (332115):     47.534      3.150 RR    IC  alwaysud|solver|used~760|datac
    Info (332115):     47.838      0.304 RR  CELL  alwaysud|solver|used~760|combout
    Info (332115):     48.043      0.205 RR    IC  alwaysud|solver|used[8][2]~182|datad
    Info (332115):     48.209      0.166 RR  CELL  alwaysud|solver|used[8][2]~182|combout
    Info (332115):     48.209      0.000 RR    IC  alwaysud|solver|used[8][2]|d
    Info (332115):     48.298      0.089 RR  CELL  alwaysud:alwaysud|alwaysud_solver:solver|used[8][2]
    Info (332115): Data Required Path:
    Info (332115): Total (ns)  Incr (ns)     Type  Element
    Info (332115): ==========  ========= ==  ====  ===================================
    Info (332115):      1.000      1.000           latch edge time
    Info (332115):      1.000      0.000           source latency
    Info (332115):      1.000      0.000           clk
    Info (332115):      1.000      0.000 RR    IC  clk~input|i
    Info (332115):      1.769      0.769 RR  CELL  clk~input|o
    Info (332115):      2.627      0.858 RR    IC  clk~inputclkctrl|inclk[0]
    Info (332115):      2.627      0.000 RR  CELL  clk~inputclkctrl|outclk
    Info (332115):      4.038      1.411 RR    IC  alwaysud|solver|used[8][2]|clk
    Info (332115):      4.513      0.475 RR  CELL  alwaysud:alwaysud|alwaysud_solver:solver|used[8][2]
    Info (332115):      4.550      0.037           clock pessimism removed
    Info (332115):      4.530     -0.020           clock uncertainty
    Info (332115):      4.543      0.013     uTsu  alwaysud:alwaysud|alwaysud_solver:solver|used[8][2]
    Info (332115): Data Arrival Time  :    48.298
    Info (332115): Data Required Time :     4.543
    Info (332115): Slack              :   -43.755 (VIOLATED)
    Info (332115): ===================================================================
Info (332115): Path #4: Setup slack is -43.749 (VIOLATED)
    Info (332115): ===================================================================
    Info (332115): From Node    : alwaysud:alwaysud|alwaysud_solver:solver|sol[46][5]
    Info (332115): To Node      : alwaysud:alwaysud|alwaysud_solver:solver|used[8][2]
    Info (332115): Launch Clock : clk
    Info (332115): Latch Clock  : clk
    Info (332115): Data Arrival Path:
    Info (332115): Total (ns)  Incr (ns)     Type  Element
    Info (332115): ==========  ========= ==  ====  ===================================
    Info (332115):      0.000      0.000           launch edge time
    Info (332115):      0.000      0.000           source latency
    Info (332115):      0.000      0.000           clk
    Info (332115):      0.000      0.000 RR    IC  clk~input|i
    Info (332115):      0.769      0.769 RR  CELL  clk~input|o
    Info (332115):      1.663      0.894 RR    IC  clk~inputclkctrl|inclk[0]
    Info (332115):      1.663      0.000 RR  CELL  clk~inputclkctrl|outclk
    Info (332115):      3.290      1.627 RR    IC  alwaysud|solver|sol[46][5]|clk
    Info (332115):      3.800      0.510 RR  CELL  alwaysud:alwaysud|alwaysud_solver:solver|sol[46][5]
    Info (332115):      4.007      0.207     uTco  alwaysud:alwaysud|alwaysud_solver:solver|sol[46][5]
    Info (332115):      4.007      0.000 RR  CELL  alwaysud|solver|sol[46][5]|q
    Info (332115):      4.322      0.315 RR    IC  alwaysud|solver|Equal46~3|dataa
    Info (332115):      4.741      0.419 RF  CELL  alwaysud|solver|Equal46~3|combout
    Info (332115):      7.002      2.261 FF    IC  alwaysud|solver|Equal46~4|datac
    Info (332115):      7.305      0.303 FF  CELL  alwaysud|solver|Equal46~4|combout
    Info (332115):      9.355      2.050 FF    IC  alwaysud|solver|Add133~2|dataa
    Info (332115):      9.737      0.382 FR  CELL  alwaysud|solver|Add133~2|cout
    Info (332115):      9.737      0.000 RR    IC  alwaysud|solver|Add133~4|cin
    Info (332115):      9.796      0.059 RF  CELL  alwaysud|solver|Add133~4|cout
    Info (332115):      9.796      0.000 FF    IC  alwaysud|solver|Add133~6|cin
    Info (332115):      9.855      0.059 FR  CELL  alwaysud|solver|Add133~6|cout
    Info (332115):      9.855      0.000 RR    IC  alwaysud|solver|Add133~8|cin
    Info (332115):      9.914      0.059 RF  CELL  alwaysud|solver|Add133~8|cout
    Info (332115):      9.914      0.000 FF    IC  alwaysud|solver|Add133~10|cin
    Info (332115):      9.973      0.059 FR  CELL  alwaysud|solver|Add133~10|cout
    Info (332115):      9.973      0.000 RR    IC  alwaysud|solver|Add133~12|cin
    Info (332115):     10.610      0.637 RR  CELL  alwaysud|solver|Add133~12|combout
    Info (332115):     10.848      0.238 RR    IC  alwaysud|solver|hs_event[48]~504|datab
    Info (332115):     11.297      0.449 RF  CELL  alwaysud|solver|hs_event[48]~504|combout
    Info (332115):     11.537      0.240 FF    IC  alwaysud|solver|hs_event[48]~508|datac
    Info (332115):     11.840      0.303 FF  CELL  alwaysud|solver|hs_event[48]~508|combout
    Info (332115):     12.073      0.233 FF    IC  alwaysud|solver|hs_event[48]~509|datad
    Info (332115):     12.204      0.131 FF  CELL  alwaysud|solver|hs_event[48]~509|combout
    Info (332115):     14.713      2.509 FF    IC  alwaysud|solver|WideOr26~0|datac
    Info (332115):     15.011      0.298 FF  CELL  alwaysud|solver|WideOr26~0|combout
    Info (332115):     15.268      0.257 FF    IC  alwaysud|solver|WideOr26~2|datac
    Info (332115):     15.566      0.298 FF  CELL  alwaysud|solver|WideOr26~2|combout
    Info (332115):     16.335      0.769 FF    IC  alwaysud|solver|ui[2]~2|datad
    Info (332115):     16.496      0.161 FR  CELL  alwaysud|solver|ui[2]~2|combout
    Info (332115):     17.248      0.752 RR    IC  alwaysud|solver|ui[4]~4|datad
    Info (332115):     17.414      0.166 RR  CELL  alwaysud|solver|ui[4]~4|combout
    Info (332115):     18.075      0.661 RR    IC  alwaysud|solver|ui[4]~5|datad
    Info (332115):     18.241      0.166 RR  CELL  alwaysud|solver|ui[4]~5|combout
    Info (332115):     18.939      0.698 RR    IC  alwaysud|solver|Add334~2|datac
    Info (332115):     19.244      0.305 RR  CELL  alwaysud|solver|Add334~2|combout
    Info (332115):     19.474      0.230 RR    IC  alwaysud|solver|Add334~3|datad
    Info (332115):     19.640      0.166 RR  CELL  alwaysud|solver|Add334~3|combout
    Info (332115):     19.862      0.222 RR    IC  alwaysud|solver|Add334~8|datad
    Info (332115):     20.028      0.166 RR  CELL  alwaysud|solver|Add334~8|combout
    Info (332115):     21.282      1.254 RR    IC  alwaysud|solver|Mux16~100|datad
    Info (332115):     21.427      0.145 RF  CELL  alwaysud|solver|Mux16~100|combout
    Info (332115):     21.660      0.233 FF    IC  alwaysud|solver|Mux16~101|datad
    Info (332115):     21.821      0.161 FR  CELL  alwaysud|solver|Mux16~101|combout
    Info (332115):     22.768      0.947 RR    IC  alwaysud|solver|Mux16~102|datac
    Info (332115):     23.073      0.305 RR  CELL  alwaysud|solver|Mux16~102|combout
    Info (332115):     23.284      0.211 RR    IC  alwaysud|solver|Mux16~103|datad
    Info (332115):     23.450      0.166 RR  CELL  alwaysud|solver|Mux16~103|combout
    Info (332115):     23.655      0.205 RR    IC  alwaysud|solver|Mux16~109|datad
    Info (332115):     23.821      0.166 RR  CELL  alwaysud|solver|Mux16~109|combout
    Info (332115):     24.583      0.762 RR    IC  alwaysud|solver|Mux16~264|datad
    Info (332115):     24.749      0.166 RR  CELL  alwaysud|solver|Mux16~264|combout
    Info (332115):     25.457      0.708 RR    IC  alwaysud|solver|Mux10~0|datad
    Info (332115):     25.623      0.166 RR  CELL  alwaysud|solver|Mux10~0|combout
    Info (332115):     25.826      0.203 RR    IC  alwaysud|solver|Mux10~1|datac
    Info (332115):     26.110      0.284 RF  CELL  alwaysud|solver|Mux10~1|combout
    Info (332115):     26.447      0.337 FF    IC  alwaysud|solver|dsel[1]~6|dataa
    Info (332115):     26.849      0.402 FR  CELL  alwaysud|solver|dsel[1]~6|combout
    Info (332115):     27.077      0.228 RR    IC  alwaysud|solver|dsel[1]~16|datad
    Info (332115):     27.243      0.166 RR  CELL  alwaysud|solver|dsel[1]~16|combout
    Info (332115):     27.463      0.220 RR    IC  alwaysud|solver|dsel[1]~19|datad
    Info (332115):     27.629      0.166 RR  CELL  alwaysud|solver|dsel[1]~19|combout
    Info (332115):     27.831      0.202 RR    IC  alwaysud|solver|dsel[1]~20|datad
    Info (332115):     27.997      0.166 RR  CELL  alwaysud|solver|dsel[1]~20|combout
    Info (332115):     29.752      1.755 RR    IC  alwaysud|solver|Mux64~2|datad
    Info (332115):     29.897      0.145 RF  CELL  alwaysud|solver|Mux64~2|combout
    Info (332115):     30.136      0.239 FF    IC  alwaysud|solver|Mux64~3|datad
    Info (332115):     30.297      0.161 FR  CELL  alwaysud|solver|Mux64~3|combout
    Info (332115):     31.833      1.536 RR    IC  alwaysud|solver|Mux100~24|datad
    Info (332115):     31.999      0.166 RR  CELL  alwaysud|solver|Mux100~24|combout
    Info (332115):     32.204      0.205 RR    IC  alwaysud|solver|Mux100~25|datad
    Info (332115):     32.370      0.166 RR  CELL  alwaysud|solver|Mux100~25|combout
    Info (332115):     32.593      0.223 RR    IC  alwaysud|solver|Mux100~27|datad
    Info (332115):     32.759      0.166 RR  CELL  alwaysud|solver|Mux100~27|combout
    Info (332115):     33.491      0.732 RR    IC  alwaysud|solver|Mux103~5|datac
    Info (332115):     33.796      0.305 RR  CELL  alwaysud|solver|Mux103~5|combout
    Info (332115):     34.001      0.205 RR    IC  alwaysud|solver|Mux103~6|datad
    Info (332115):     34.167      0.166 RR  CELL  alwaysud|solver|Mux103~6|combout
    Info (332115):     34.369      0.202 RR    IC  alwaysud|solver|Mux103~9|datad
    Info (332115):     34.535      0.166 RR  CELL  alwaysud|solver|Mux103~9|combout
    Info (332115):     34.951      0.416 RR    IC  alwaysud|solver|r~71|datac
    Info (332115):     35.231      0.280 RF  CELL  alwaysud|solver|r~71|combout
    Info (332115):     35.485      0.254 FF    IC  alwaysud|solver|r~76|datac
    Info (332115):     35.788      0.303 FF  CELL  alwaysud|solver|r~76|combout
    Info (332115):     36.269      0.481 FF    IC  alwaysud|solver|r~78|dataa
    Info (332115):     36.671      0.402 FF  CELL  alwaysud|solver|r~78|combout
    Info (332115):     37.515      0.844 FF    IC  alwaysud|solver|WideOr49~0|datab
    Info (332115):     37.911      0.396 FR  CELL  alwaysud|solver|WideOr49~0|combout
    Info (332115):     39.128      1.217 RR    IC  alwaysud|solver|Mux110~2|datad
    Info (332115):     39.294      0.166 RR  CELL  alwaysud|solver|Mux110~2|combout
    Info (332115):     39.496      0.202 RR    IC  alwaysud|solver|Mux110~4|datad
    Info (332115):     39.662      0.166 RR  CELL  alwaysud|solver|Mux110~4|combout
    Info (332115):     39.867      0.205 RR    IC  alwaysud|solver|Mux110~5|datad
    Info (332115):     40.033      0.166 RR  CELL  alwaysud|solver|Mux110~5|combout
    Info (332115):     40.235      0.202 RR    IC  alwaysud|solver|Mux110~8|datac
    Info (332115):     40.540      0.305 RR  CELL  alwaysud|solver|Mux110~8|combout
    Info (332115):     40.743      0.203 RR    IC  alwaysud|solver|pick_cell[4]~23|datad
    Info (332115):     40.909      0.166 RR  CELL  alwaysud|solver|pick_cell[4]~23|combout
    Info (332115):     41.619      0.710 RR    IC  alwaysud|solver|pick_cell[4]~28|datad
    Info (332115):     41.785      0.166 RR  CELL  alwaysud|solver|pick_cell[4]~28|combout
    Info (332115):     42.843      1.058 RR    IC  alwaysud|solver|Decoder8~82|datac
    Info (332115):     43.147      0.304 RR  CELL  alwaysud|solver|Decoder8~82|combout
    Info (332115):     44.212      1.065 RR    IC  alwaysud|solver|WideOr127~1|datad
    Info (332115):     44.378      0.166 RR  CELL  alwaysud|solver|WideOr127~1|combout
    Info (332115):     47.528      3.150 RR    IC  alwaysud|solver|used~760|datac
    Info (332115):     47.832      0.304 RR  CELL  alwaysud|solver|used~760|combout
    Info (332115):     48.037      0.205 RR    IC  alwaysud|solver|used[8][2]~182|datad
    Info (332115):     48.203      0.166 RR  CELL  alwaysud|solver|used[8][2]~182|combout
    Info (332115):     48.203      0.000 RR    IC  alwaysud|solver|used[8][2]|d
    Info (332115):     48.292      0.089 RR  CELL  alwaysud:alwaysud|alwaysud_solver:solver|used[8][2]
    Info (332115): Data Required Path:
    Info (332115): Total (ns)  Incr (ns)     Type  Element
    Info (332115): ==========  ========= ==  ====  ===================================
    Info (332115):      1.000      1.000           latch edge time
    Info (332115):      1.000      0.000           source latency
    Info (332115):      1.000      0.000           clk
    Info (332115):      1.000      0.000 RR    IC  clk~input|i
    Info (332115):      1.769      0.769 RR  CELL  clk~input|o
    Info (332115):      2.627      0.858 RR    IC  clk~inputclkctrl|inclk[0]
    Info (332115):      2.627      0.000 RR  CELL  clk~inputclkctrl|outclk
    Info (332115):      4.038      1.411 RR    IC  alwaysud|solver|used[8][2]|clk
    Info (332115):      4.513      0.475 RR  CELL  alwaysud:alwaysud|alwaysud_solver:solver|used[8][2]
    Info (332115):      4.550      0.037           clock pessimism removed
    Info (332115):      4.530     -0.020           clock uncertainty
    Info (332115):      4.543      0.013     uTsu  alwaysud:alwaysud|alwaysud_solver:solver|used[8][2]
    Info (332115): Data Arrival Time  :    48.292
    Info (332115): Data Required Time :     4.543
    Info (332115): Slack              :   -43.749 (VIOLATED)
    Info (332115): ===================================================================
Info (332115): Path #5: Setup slack is -43.721 (VIOLATED)
    Info (332115): ===================================================================
    Info (332115): From Node    : alwaysud:alwaysud|alwaysud_solver:solver|sol[46][5]
    Info (332115): To Node      : alwaysud:alwaysud|alwaysud_solver:solver|used[8][2]
    Info (332115): Launch Clock : clk
    Info (332115): Latch Clock  : clk
    Info (332115): Data Arrival Path:
    Info (332115): Total (ns)  Incr (ns)     Type  Element
    Info (332115): ==========  ========= ==  ====  ===================================
    Info (332115):      0.000      0.000           launch edge time
    Info (332115):      0.000      0.000           source latency
    Info (332115):      0.000      0.000           clk
    Info (332115):      0.000      0.000 RR    IC  clk~input|i
    Info (332115):      0.769      0.769 RR  CELL  clk~input|o
    Info (332115):      1.663      0.894 RR    IC  clk~inputclkctrl|inclk[0]
    Info (332115):      1.663      0.000 RR  CELL  clk~inputclkctrl|outclk
    Info (332115):      3.290      1.627 RR    IC  alwaysud|solver|sol[46][5]|clk
    Info (332115):      3.800      0.510 RR  CELL  alwaysud:alwaysud|alwaysud_solver:solver|sol[46][5]
    Info (332115):      4.007      0.207     uTco  alwaysud:alwaysud|alwaysud_solver:solver|sol[46][5]
    Info (332115):      4.007      0.000 FF  CELL  alwaysud|solver|sol[46][5]|q
    Info (332115):      4.415      0.408 FF    IC  alwaysud|solver|Equal46~3|dataa
    Info (332115):      4.817      0.402 FR  CELL  alwaysud|solver|Equal46~3|combout
    Info (332115):      7.073      2.256 RR    IC  alwaysud|solver|Equal46~4|datac
    Info (332115):      7.378      0.305 RR  CELL  alwaysud|solver|Equal46~4|combout
    Info (332115):      9.089      1.711 RR    IC  alwaysud|solver|hs_spots[5][3][1]~2|datac
    Info (332115):      9.393      0.304 RR  CELL  alwaysud|solver|hs_spots[5][3][1]~2|combout
    Info (332115):     10.496      1.103 RR    IC  alwaysud|solver|hs_event[48]~505|datab
    Info (332115):     10.945      0.449 RF  CELL  alwaysud|solver|hs_event[48]~505|combout
    Info (332115):     11.185      0.240 FF    IC  alwaysud|solver|hs_event[48]~507|datac
    Info (332115):     11.488      0.303 FF  CELL  alwaysud|solver|hs_event[48]~507|combout
    Info (332115):     11.727      0.239 FF    IC  alwaysud|solver|hs_event[48]~508|datad
    Info (332115):     11.858      0.131 FF  CELL  alwaysud|solver|hs_event[48]~508|combout
    Info (332115):     12.091      0.233 FF    IC  alwaysud|solver|hs_event[48]~509|datad
    Info (332115):     12.222      0.131 FF  CELL  alwaysud|solver|hs_event[48]~509|combout
    Info (332115):     14.731      2.509 FF    IC  alwaysud|solver|WideOr26~0|datac
    Info (332115):     15.029      0.298 FF  CELL  alwaysud|solver|WideOr26~0|combout
    Info (332115):     15.286      0.257 FF    IC  alwaysud|solver|WideOr26~2|datac
    Info (332115):     15.584      0.298 FF  CELL  alwaysud|solver|WideOr26~2|combout
    Info (332115):     16.353      0.769 FF    IC  alwaysud|solver|ui[2]~2|datad
    Info (332115):     16.514      0.161 FR  CELL  alwaysud|solver|ui[2]~2|combout
    Info (332115):     17.266      0.752 RR    IC  alwaysud|solver|ui[4]~4|datad
    Info (332115):     17.432      0.166 RR  CELL  alwaysud|solver|ui[4]~4|combout
    Info (332115):     18.093      0.661 RR    IC  alwaysud|solver|ui[4]~5|datad
    Info (332115):     18.259      0.166 RR  CELL  alwaysud|solver|ui[4]~5|combout
    Info (332115):     18.957      0.698 RR    IC  alwaysud|solver|Add334~2|datac
    Info (332115):     19.262      0.305 RR  CELL  alwaysud|solver|Add334~2|combout
    Info (332115):     19.492      0.230 RR    IC  alwaysud|solver|Add334~3|datad
    Info (332115):     19.658      0.166 RR  CELL  alwaysud|solver|Add334~3|combout
    Info (332115):     19.880      0.222 RR    IC  alwaysud|solver|Add334~8|datad
    Info (332115):     20.046      0.166 RR  CELL  alwaysud|solver|Add334~8|combout
    Info (332115):     21.300      1.254 RR    IC  alwaysud|solver|Mux16~100|datad
    Info (332115):     21.445      0.145 RF  CELL  alwaysud|solver|Mux16~100|combout
    Info (332115):     21.678      0.233 FF    IC  alwaysud|solver|Mux16~101|datad
    Info (332115):     21.839      0.161 FR  CELL  alwaysud|solver|Mux16~101|combout
    Info (332115):     22.786      0.947 RR    IC  alwaysud|solver|Mux16~102|datac
    Info (332115):     23.091      0.305 RR  CELL  alwaysud|solver|Mux16~102|combout
    Info (332115):     23.302      0.211 RR    IC  alwaysud|solver|Mux16~103|datad
    Info (332115):     23.468      0.166 RR  CELL  alwaysud|solver|Mux16~103|combout
    Info (332115):     23.673      0.205 RR    IC  alwaysud|solver|Mux16~109|datad
    Info (332115):     23.839      0.166 RR  CELL  alwaysud|solver|Mux16~109|combout
    Info (332115):     24.601      0.762 RR    IC  alwaysud|solver|Mux16~264|datad
    Info (332115):     24.767      0.166 RR  CELL  alwaysud|solver|Mux16~264|combout
    Info (332115):     25.475      0.708 RR    IC  alwaysud|solver|Mux10~0|datad
    Info (332115):     25.641      0.166 RR  CELL  alwaysud|solver|Mux10~0|combout
    Info (332115):     25.844      0.203 RR    IC  alwaysud|solver|Mux10~1|datac
    Info (332115):     26.128      0.284 RF  CELL  alwaysud|solver|Mux10~1|combout
    Info (332115):     26.465      0.337 FF    IC  alwaysud|solver|dsel[1]~6|dataa
    Info (332115):     26.867      0.402 FR  CELL  alwaysud|solver|dsel[1]~6|combout
    Info (332115):     27.095      0.228 RR    IC  alwaysud|solver|dsel[1]~8|datad
    Info (332115):     27.240      0.145 RF  CELL  alwaysud|solver|dsel[1]~8|combout
    Info (332115):     27.539      0.299 FF    IC  alwaysud|solver|dsel[1]~20|datab
    Info (332115):     27.963      0.424 FF  CELL  alwaysud|solver|dsel[1]~20|combout
    Info (332115):     29.737      1.774 FF    IC  alwaysud|solver|Mux64~2|datad
    Info (332115):     29.898      0.161 FR  CELL  alwaysud|solver|Mux64~2|combout
    Info (332115):     30.103      0.205 RR    IC  alwaysud|solver|Mux64~3|datad
    Info (332115):     30.269      0.166 RR  CELL  alwaysud|solver|Mux64~3|combout
    Info (332115):     31.805      1.536 RR    IC  alwaysud|solver|Mux100~24|datad
    Info (332115):     31.971      0.166 RR  CELL  alwaysud|solver|Mux100~24|combout
    Info (332115):     32.176      0.205 RR    IC  alwaysud|solver|Mux100~25|datad
    Info (332115):     32.342      0.166 RR  CELL  alwaysud|solver|Mux100~25|combout
    Info (332115):     32.565      0.223 RR    IC  alwaysud|solver|Mux100~27|datad
    Info (332115):     32.731      0.166 RR  CELL  alwaysud|solver|Mux100~27|combout
    Info (332115):     33.463      0.732 RR    IC  alwaysud|solver|Mux103~5|datac
    Info (332115):     33.768      0.305 RR  CELL  alwaysud|solver|Mux103~5|combout
    Info (332115):     33.973      0.205 RR    IC  alwaysud|solver|Mux103~6|datad
    Info (332115):     34.139      0.166 RR  CELL  alwaysud|solver|Mux103~6|combout
    Info (332115):     34.341      0.202 RR    IC  alwaysud|solver|Mux103~9|datad
    Info (332115):     34.507      0.166 RR  CELL  alwaysud|solver|Mux103~9|combout
    Info (332115):     34.923      0.416 RR    IC  alwaysud|solver|r~71|datac
    Info (332115):     35.203      0.280 RF  CELL  alwaysud|solver|r~71|combout
    Info (332115):     35.457      0.254 FF    IC  alwaysud|solver|r~76|datac
    Info (332115):     35.760      0.303 FF  CELL  alwaysud|solver|r~76|combout
    Info (332115):     36.241      0.481 FF    IC  alwaysud|solver|r~78|dataa
    Info (332115):     36.643      0.402 FF  CELL  alwaysud|solver|r~78|combout
    Info (332115):     37.487      0.844 FF    IC  alwaysud|solver|WideOr49~0|datab
    Info (332115):     37.883      0.396 FR  CELL  alwaysud|solver|WideOr49~0|combout
    Info (332115):     39.100      1.217 RR    IC  alwaysud|solver|Mux110~2|datad
    Info (332115):     39.266      0.166 RR  CELL  alwaysud|solver|Mux110~2|combout
    Info (332115):     39.468      0.202 RR    IC  alwaysud|solver|Mux110~4|datad
    Info (332115):     39.634      0.166 RR  CELL  alwaysud|solver|Mux110~4|combout
    Info (332115):     39.839      0.205 RR    IC  alwaysud|solver|Mux110~5|datad
    Info (332115):     40.005      0.166 RR  CELL  alwaysud|solver|Mux110~5|combout
    Info (332115):     40.207      0.202 RR    IC  alwaysud|solver|Mux110~8|datac
    Info (332115):     40.512      0.305 RR  CELL  alwaysud|solver|Mux110~8|combout
    Info (332115):     40.715      0.203 RR    IC  alwaysud|solver|pick_cell[4]~23|datad
    Info (332115):     40.881      0.166 RR  CELL  alwaysud|solver|pick_cell[4]~23|combout
    Info (332115):     41.591      0.710 RR    IC  alwaysud|solver|pick_cell[4]~28|datad
    Info (332115):     41.757      0.166 RR  CELL  alwaysud|solver|pick_cell[4]~28|combout
    Info (332115):     42.815      1.058 RR    IC  alwaysud|solver|Decoder8~82|datac
    Info (332115):     43.119      0.304 RR  CELL  alwaysud|solver|Decoder8~82|combout
    Info (332115):     44.184      1.065 RR    IC  alwaysud|solver|WideOr127~1|datad
    Info (332115):     44.350      0.166 RR  CELL  alwaysud|solver|WideOr127~1|combout
    Info (332115):     47.500      3.150 RR    IC  alwaysud|solver|used~760|datac
    Info (332115):     47.804      0.304 RR  CELL  alwaysud|solver|used~760|combout
    Info (332115):     48.009      0.205 RR    IC  alwaysud|solver|used[8][2]~182|datad
    Info (332115):     48.175      0.166 RR  CELL  alwaysud|solver|used[8][2]~182|combout
    Info (332115):     48.175      0.000 RR    IC  alwaysud|solver|used[8][2]|d
    Info (332115):     48.264      0.089 RR  CELL  alwaysud:alwaysud|alwaysud_solver:solver|used[8][2]
    Info (332115): Data Required Path:
    Info (332115): Total (ns)  Incr (ns)     Type  Element
    Info (332115): ==========  ========= ==  ====  ===================================
    Info (332115):      1.000      1.000           latch edge time
    Info (332115):      1.000      0.000           source latency
    Info (332115):      1.000      0.000           clk
    Info (332115):      1.000      0.000 RR    IC  clk~input|i
    Info (332115):      1.769      0.769 RR  CELL  clk~input|o
    Info (332115):      2.627      0.858 RR    IC  clk~inputclkctrl|inclk[0]
    Info (332115):      2.627      0.000 RR  CELL  clk~inputclkctrl|outclk
    Info (332115):      4.038      1.411 RR    IC  alwaysud|solver|used[8][2]|clk
    Info (332115):      4.513      0.475 RR  CELL  alwaysud:alwaysud|alwaysud_solver:solver|used[8][2]
    Info (332115):      4.550      0.037           clock pessimism removed
    Info (332115):      4.530     -0.020           clock uncertainty
    Info (332115):      4.543      0.013     uTsu  alwaysud:alwaysud|alwaysud_solver:solver|used[8][2]
    Info (332115): Data Arrival Time  :    48.264
    Info (332115): Data Required Time :     4.543
    Info (332115): Slack              :   -43.721 (VIOLATED)
    Info (332115): ===================================================================
Info (332115): Path #6: Setup slack is -43.713 (VIOLATED)
    Info (332115): ===================================================================
    Info (332115): From Node    : alwaysud:alwaysud|alwaysud_solver:solver|sol[46][3]
    Info (332115): To Node      : alwaysud:alwaysud|alwaysud_solver:solver|used[8][2]
    Info (332115): Launch Clock : clk
    Info (332115): Latch Clock  : clk
    Info (332115): Data Arrival Path:
    Info (332115): Total (ns)  Incr (ns)     Type  Element
    Info (332115): ==========  ========= ==  ====  ===================================
    Info (332115):      0.000      0.000           launch edge time
    Info (332115):      0.000      0.000           source latency
    Info (332115):      0.000      0.000           clk
    Info (332115):      0.000      0.000 RR    IC  clk~input|i
    Info (332115):      0.769      0.769 RR  CELL  clk~input|o
    Info (332115):      1.663      0.894 RR    IC  clk~inputclkctrl|inclk[0]
    Info (332115):      1.663      0.000 RR  CELL  clk~inputclkctrl|outclk
    Info (332115):      3.290      1.627 RR    IC  alwaysud|solver|sol[46][3]|clk
    Info (332115):      3.800      0.510 RR  CELL  alwaysud:alwaysud|alwaysud_solver:solver|sol[46][3]
    Info (332115):      4.007      0.207     uTco  alwaysud:alwaysud|alwaysud_solver:solver|sol[46][3]
    Info (332115):      4.007      0.000 FF  CELL  alwaysud|solver|sol[46][3]|q
    Info (332115):      4.392      0.385 FF    IC  alwaysud|solver|Equal46~3|datab
    Info (332115):      4.809      0.417 FR  CELL  alwaysud|solver|Equal46~3|combout
    Info (332115):      7.065      2.256 RR    IC  alwaysud|solver|Equal46~4|datac
    Info (332115):      7.370      0.305 RR  CELL  alwaysud|solver|Equal46~4|combout
    Info (332115):      9.081      1.711 RR    IC  alwaysud|solver|hs_spots[5][3][1]~2|datac
    Info (332115):      9.385      0.304 RR  CELL  alwaysud|solver|hs_spots[5][3][1]~2|combout
    Info (332115):     10.488      1.103 RR    IC  alwaysud|solver|hs_event[48]~505|datab
    Info (332115):     10.937      0.449 RF  CELL  alwaysud|solver|hs_event[48]~505|combout
    Info (332115):     11.177      0.240 FF    IC  alwaysud|solver|hs_event[48]~507|datac
    Info (332115):     11.480      0.303 FF  CELL  alwaysud|solver|hs_event[48]~507|combout
    Info (332115):     11.719      0.239 FF    IC  alwaysud|solver|hs_event[48]~508|datad
    Info (332115):     11.850      0.131 FF  CELL  alwaysud|solver|hs_event[48]~508|combout
    Info (332115):     12.083      0.233 FF    IC  alwaysud|solver|hs_event[48]~509|datad
    Info (332115):     12.214      0.131 FF  CELL  alwaysud|solver|hs_event[48]~509|combout
    Info (332115):     14.723      2.509 FF    IC  alwaysud|solver|WideOr26~0|datac
    Info (332115):     15.021      0.298 FF  CELL  alwaysud|solver|WideOr26~0|combout
    Info (332115):     15.278      0.257 FF    IC  alwaysud|solver|WideOr26~2|datac
    Info (332115):     15.576      0.298 FF  CELL  alwaysud|solver|WideOr26~2|combout
    Info (332115):     16.345      0.769 FF    IC  alwaysud|solver|ui[2]~2|datad
    Info (332115):     16.506      0.161 FR  CELL  alwaysud|solver|ui[2]~2|combout
    Info (332115):     17.258      0.752 RR    IC  alwaysud|solver|ui[4]~4|datad
    Info (332115):     17.424      0.166 RR  CELL  alwaysud|solver|ui[4]~4|combout
    Info (332115):     18.085      0.661 RR    IC  alwaysud|solver|ui[4]~5|datad
    Info (332115):     18.251      0.166 RR  CELL  alwaysud|solver|ui[4]~5|combout
    Info (332115):     18.949      0.698 RR    IC  alwaysud|solver|Add334~2|datac
    Info (332115):     19.254      0.305 RR  CELL  alwaysud|solver|Add334~2|combout
    Info (332115):     19.484      0.230 RR    IC  alwaysud|solver|Add334~3|datad
    Info (332115):     19.650      0.166 RR  CELL  alwaysud|solver|Add334~3|combout
    Info (332115):     19.872      0.222 RR    IC  alwaysud|solver|Add334~8|datad
    Info (332115):     20.038      0.166 RR  CELL  alwaysud|solver|Add334~8|combout
    Info (332115):     21.292      1.254 RR    IC  alwaysud|solver|Mux16~100|datad
    Info (332115):     21.437      0.145 RF  CELL  alwaysud|solver|Mux16~100|combout
    Info (332115):     21.670      0.233 FF    IC  alwaysud|solver|Mux16~101|datad
    Info (332115):     21.831      0.161 FR  CELL  alwaysud|solver|Mux16~101|combout
    Info (332115):     22.778      0.947 RR    IC  alwaysud|solver|Mux16~102|datac
    Info (332115):     23.083      0.305 RR  CELL  alwaysud|solver|Mux16~102|combout
    Info (332115):     23.294      0.211 RR    IC  alwaysud|solver|Mux16~103|datad
    Info (332115):     23.460      0.166 RR  CELL  alwaysud|solver|Mux16~103|combout
    Info (332115):     23.665      0.205 RR    IC  alwaysud|solver|Mux16~109|datad
    Info (332115):     23.831      0.166 RR  CELL  alwaysud|solver|Mux16~109|combout
    Info (332115):     24.593      0.762 RR    IC  alwaysud|solver|Mux16~264|datad
    Info (332115):     24.759      0.166 RR  CELL  alwaysud|solver|Mux16~264|combout
    Info (332115):     25.467      0.708 RR    IC  alwaysud|solver|Mux10~0|datad
    Info (332115):     25.633      0.166 RR  CELL  alwaysud|solver|Mux10~0|combout
    Info (332115):     25.836      0.203 RR    IC  alwaysud|solver|Mux10~1|datac
    Info (332115):     26.120      0.284 RF  CELL  alwaysud|solver|Mux10~1|combout
    Info (332115):     26.457      0.337 FF    IC  alwaysud|solver|dsel[1]~6|dataa
    Info (332115):     26.859      0.402 FR  CELL  alwaysud|solver|dsel[1]~6|combout
    Info (332115):     27.087      0.228 RR    IC  alwaysud|solver|dsel[1]~8|datad
    Info (332115):     27.232      0.145 RF  CELL  alwaysud|solver|dsel[1]~8|combout
    Info (332115):     27.531      0.299 FF    IC  alwaysud|solver|dsel[1]~20|datab
    Info (332115):     27.955      0.424 FF  CELL  alwaysud|solver|dsel[1]~20|combout
    Info (332115):     29.729      1.774 FF    IC  alwaysud|solver|Mux64~2|datad
    Info (332115):     29.890      0.161 FR  CELL  alwaysud|solver|Mux64~2|combout
    Info (332115):     30.095      0.205 RR    IC  alwaysud|solver|Mux64~3|datad
    Info (332115):     30.261      0.166 RR  CELL  alwaysud|solver|Mux64~3|combout
    Info (332115):     31.797      1.536 RR    IC  alwaysud|solver|Mux100~24|datad
    Info (332115):     31.963      0.166 RR  CELL  alwaysud|solver|Mux100~24|combout
    Info (332115):     32.168      0.205 RR    IC  alwaysud|solver|Mux100~25|datad
    Info (332115):     32.334      0.166 RR  CELL  alwaysud|solver|Mux100~25|combout
    Info (332115):     32.557      0.223 RR    IC  alwaysud|solver|Mux100~27|datad
    Info (332115):     32.723      0.166 RR  CELL  alwaysud|solver|Mux100~27|combout
    Info (332115):     33.455      0.732 RR    IC  alwaysud|solver|Mux103~5|datac
    Info (332115):     33.760      0.305 RR  CELL  alwaysud|solver|Mux103~5|combout
    Info (332115):     33.965      0.205 RR    IC  alwaysud|solver|Mux103~6|datad
    Info (332115):     34.131      0.166 RR  CELL  alwaysud|solver|Mux103~6|combout
    Info (332115):     34.333      0.202 RR    IC  alwaysud|solver|Mux103~9|datad
    Info (332115):     34.499      0.166 RR  CELL  alwaysud|solver|Mux103~9|combout
    Info (332115):     34.915      0.416 RR    IC  alwaysud|solver|r~71|datac
    Info (332115):     35.195      0.280 RF  CELL  alwaysud|solver|r~71|combout
    Info (332115):     35.449      0.254 FF    IC  alwaysud|solver|r~76|datac
    Info (332115):     35.752      0.303 FF  CELL  alwaysud|solver|r~76|combout
    Info (332115):     36.233      0.481 FF    IC  alwaysud|solver|r~78|dataa
    Info (332115):     36.635      0.402 FF  CELL  alwaysud|solver|r~78|combout
    Info (332115):     37.479      0.844 FF    IC  alwaysud|solver|WideOr49~0|datab
    Info (332115):     37.875      0.396 FR  CELL  alwaysud|solver|WideOr49~0|combout
    Info (332115):     39.092      1.217 RR    IC  alwaysud|solver|Mux110~2|datad
    Info (332115):     39.258      0.166 RR  CELL  alwaysud|solver|Mux110~2|combout
    Info (332115):     39.460      0.202 RR    IC  alwaysud|solver|Mux110~4|datad
    Info (332115):     39.626      0.166 RR  CELL  alwaysud|solver|Mux110~4|combout
    Info (332115):     39.831      0.205 RR    IC  alwaysud|solver|Mux110~5|datad
    Info (332115):     39.997      0.166 RR  CELL  alwaysud|solver|Mux110~5|combout
    Info (332115):     40.199      0.202 RR    IC  alwaysud|solver|Mux110~8|datac
    Info (332115):     40.504      0.305 RR  CELL  alwaysud|solver|Mux110~8|combout
    Info (332115):     40.707      0.203 RR    IC  alwaysud|solver|pick_cell[4]~23|datad
    Info (332115):     40.873      0.166 RR  CELL  alwaysud|solver|pick_cell[4]~23|combout
    Info (332115):     41.583      0.710 RR    IC  alwaysud|solver|pick_cell[4]~28|datad
    Info (332115):     41.749      0.166 RR  CELL  alwaysud|solver|pick_cell[4]~28|combout
    Info (332115):     42.807      1.058 RR    IC  alwaysud|solver|Decoder8~82|datac
    Info (332115):     43.111      0.304 RR  CELL  alwaysud|solver|Decoder8~82|combout
    Info (332115):     44.176      1.065 RR    IC  alwaysud|solver|WideOr127~1|datad
    Info (332115):     44.342      0.166 RR  CELL  alwaysud|solver|WideOr127~1|combout
    Info (332115):     47.492      3.150 RR    IC  alwaysud|solver|used~760|datac
    Info (332115):     47.796      0.304 RR  CELL  alwaysud|solver|used~760|combout
    Info (332115):     48.001      0.205 RR    IC  alwaysud|solver|used[8][2]~182|datad
    Info (332115):     48.167      0.166 RR  CELL  alwaysud|solver|used[8][2]~182|combout
    Info (332115):     48.167      0.000 RR    IC  alwaysud|solver|used[8][2]|d
    Info (332115):     48.256      0.089 RR  CELL  alwaysud:alwaysud|alwaysud_solver:solver|used[8][2]
    Info (332115): Data Required Path:
    Info (332115): Total (ns)  Incr (ns)     Type  Element
    Info (332115): ==========  ========= ==  ====  ===================================
    Info (332115):      1.000      1.000           latch edge time
    Info (332115):      1.000      0.000           source latency
    Info (332115):      1.000      0.000           clk
    Info (332115):      1.000      0.000 RR    IC  clk~input|i
    Info (332115):      1.769      0.769 RR  CELL  clk~input|o
    Info (332115):      2.627      0.858 RR    IC  clk~inputclkctrl|inclk[0]
    Info (332115):      2.627      0.000 RR  CELL  clk~inputclkctrl|outclk
    Info (332115):      4.038      1.411 RR    IC  alwaysud|solver|used[8][2]|clk
    Info (332115):      4.513      0.475 RR  CELL  alwaysud:alwaysud|alwaysud_solver:solver|used[8][2]
    Info (332115):      4.550      0.037           clock pessimism removed
    Info (332115):      4.530     -0.020           clock uncertainty
    Info (332115):      4.543      0.013     uTsu  alwaysud:alwaysud|alwaysud_solver:solver|used[8][2]
    Info (332115): Data Arrival Time  :    48.256
    Info (332115): Data Required Time :     4.543
    Info (332115): Slack              :   -43.713 (VIOLATED)
    Info (332115): ===================================================================
Info (332115): Path #7: Setup slack is -43.709 (VIOLATED)
    Info (332115): ===================================================================
    Info (332115): From Node    : alwaysud:alwaysud|alwaysud_solver:solver|sol[46][3]
    Info (332115): To Node      : alwaysud:alwaysud|alwaysud_solver:solver|used[8][2]
    Info (332115): Launch Clock : clk
    Info (332115): Latch Clock  : clk
    Info (332115): Data Arrival Path:
    Info (332115): Total (ns)  Incr (ns)     Type  Element
    Info (332115): ==========  ========= ==  ====  ===================================
    Info (332115):      0.000      0.000           launch edge time
    Info (332115):      0.000      0.000           source latency
    Info (332115):      0.000      0.000           clk
    Info (332115):      0.000      0.000 RR    IC  clk~input|i
    Info (332115):      0.769      0.769 RR  CELL  clk~input|o
    Info (332115):      1.663      0.894 RR    IC  clk~inputclkctrl|inclk[0]
    Info (332115):      1.663      0.000 RR  CELL  clk~inputclkctrl|outclk
    Info (332115):      3.290      1.627 RR    IC  alwaysud|solver|sol[46][3]|clk
    Info (332115):      3.800      0.510 RR  CELL  alwaysud:alwaysud|alwaysud_solver:solver|sol[46][3]
    Info (332115):      4.007      0.207     uTco  alwaysud:alwaysud|alwaysud_solver:solver|sol[46][3]
    Info (332115):      4.007      0.000 RR  CELL  alwaysud|solver|sol[46][3]|q
    Info (332115):      4.305      0.298 RR    IC  alwaysud|solver|Equal46~3|datab
    Info (332115):      4.747      0.442 RF  CELL  alwaysud|solver|Equal46~3|combout
    Info (332115):      7.008      2.261 FF    IC  alwaysud|solver|Equal46~4|datac
    Info (332115):      7.311      0.303 FF  CELL  alwaysud|solver|Equal46~4|combout
    Info (332115):      9.361      2.050 FF    IC  alwaysud|solver|Add133~2|dataa
    Info (332115):      9.743      0.382 FR  CELL  alwaysud|solver|Add133~2|cout
    Info (332115):      9.743      0.000 RR    IC  alwaysud|solver|Add133~4|cin
    Info (332115):      9.802      0.059 RF  CELL  alwaysud|solver|Add133~4|cout
    Info (332115):      9.802      0.000 FF    IC  alwaysud|solver|Add133~6|cin
    Info (332115):      9.861      0.059 FR  CELL  alwaysud|solver|Add133~6|cout
    Info (332115):      9.861      0.000 RR    IC  alwaysud|solver|Add133~8|cin
    Info (332115):      9.920      0.059 RF  CELL  alwaysud|solver|Add133~8|cout
    Info (332115):      9.920      0.000 FF    IC  alwaysud|solver|Add133~10|cin
    Info (332115):      9.979      0.059 FR  CELL  alwaysud|solver|Add133~10|cout
    Info (332115):      9.979      0.000 RR    IC  alwaysud|solver|Add133~12|cin
    Info (332115):     10.616      0.637 RR  CELL  alwaysud|solver|Add133~12|combout
    Info (332115):     10.854      0.238 RR    IC  alwaysud|solver|hs_event[48]~504|datab
    Info (332115):     11.303      0.449 RF  CELL  alwaysud|solver|hs_event[48]~504|combout
    Info (332115):     11.543      0.240 FF    IC  alwaysud|solver|hs_event[48]~508|datac
    Info (332115):     11.846      0.303 FF  CELL  alwaysud|solver|hs_event[48]~508|combout
    Info (332115):     12.079      0.233 FF    IC  alwaysud|solver|hs_event[48]~509|datad
    Info (332115):     12.210      0.131 FF  CELL  alwaysud|solver|hs_event[48]~509|combout
    Info (332115):     14.719      2.509 FF    IC  alwaysud|solver|WideOr26~0|datac
    Info (332115):     15.017      0.298 FF  CELL  alwaysud|solver|WideOr26~0|combout
    Info (332115):     15.274      0.257 FF    IC  alwaysud|solver|WideOr26~2|datac
    Info (332115):     15.572      0.298 FF  CELL  alwaysud|solver|WideOr26~2|combout
    Info (332115):     16.341      0.769 FF    IC  alwaysud|solver|ui[2]~2|datad
    Info (332115):     16.502      0.161 FR  CELL  alwaysud|solver|ui[2]~2|combout
    Info (332115):     17.254      0.752 RR    IC  alwaysud|solver|ui[4]~4|datad
    Info (332115):     17.420      0.166 RR  CELL  alwaysud|solver|ui[4]~4|combout
    Info (332115):     18.081      0.661 RR    IC  alwaysud|solver|ui[4]~5|datad
    Info (332115):     18.247      0.166 RR  CELL  alwaysud|solver|ui[4]~5|combout
    Info (332115):     18.945      0.698 RR    IC  alwaysud|solver|Add334~2|datac
    Info (332115):     19.250      0.305 RR  CELL  alwaysud|solver|Add334~2|combout
    Info (332115):     19.480      0.230 RR    IC  alwaysud|solver|Add334~3|datad
    Info (332115):     19.646      0.166 RR  CELL  alwaysud|solver|Add334~3|combout
    Info (332115):     19.868      0.222 RR    IC  alwaysud|solver|Add334~8|datad
    Info (332115):     20.034      0.166 RR  CELL  alwaysud|solver|Add334~8|combout
    Info (332115):     21.288      1.254 RR    IC  alwaysud|solver|Mux16~100|datad
    Info (332115):     21.433      0.145 RF  CELL  alwaysud|solver|Mux16~100|combout
    Info (332115):     21.666      0.233 FF    IC  alwaysud|solver|Mux16~101|datad
    Info (332115):     21.827      0.161 FR  CELL  alwaysud|solver|Mux16~101|combout
    Info (332115):     22.774      0.947 RR    IC  alwaysud|solver|Mux16~102|datac
    Info (332115):     23.079      0.305 RR  CELL  alwaysud|solver|Mux16~102|combout
    Info (332115):     23.290      0.211 RR    IC  alwaysud|solver|Mux16~103|datad
    Info (332115):     23.456      0.166 RR  CELL  alwaysud|solver|Mux16~103|combout
    Info (332115):     23.661      0.205 RR    IC  alwaysud|solver|Mux16~109|datad
    Info (332115):     23.827      0.166 RR  CELL  alwaysud|solver|Mux16~109|combout
    Info (332115):     24.589      0.762 RR    IC  alwaysud|solver|Mux16~264|datad
    Info (332115):     24.755      0.166 RR  CELL  alwaysud|solver|Mux16~264|combout
    Info (332115):     25.463      0.708 RR    IC  alwaysud|solver|Mux10~0|datad
    Info (332115):     25.629      0.166 RR  CELL  alwaysud|solver|Mux10~0|combout
    Info (332115):     25.832      0.203 RR    IC  alwaysud|solver|Mux10~1|datac
    Info (332115):     26.116      0.284 RF  CELL  alwaysud|solver|Mux10~1|combout
    Info (332115):     26.453      0.337 FF    IC  alwaysud|solver|dsel[1]~6|dataa
    Info (332115):     26.855      0.402 FR  CELL  alwaysud|solver|dsel[1]~6|combout
    Info (332115):     27.083      0.228 RR    IC  alwaysud|solver|dsel[1]~8|datad
    Info (332115):     27.228      0.145 RF  CELL  alwaysud|solver|dsel[1]~8|combout
    Info (332115):     27.527      0.299 FF    IC  alwaysud|solver|dsel[1]~20|datab
    Info (332115):     27.951      0.424 FF  CELL  alwaysud|solver|dsel[1]~20|combout
    Info (332115):     29.725      1.774 FF    IC  alwaysud|solver|Mux64~2|datad
    Info (332115):     29.886      0.161 FR  CELL  alwaysud|solver|Mux64~2|combout
    Info (332115):     30.091      0.205 RR    IC  alwaysud|solver|Mux64~3|datad
    Info (332115):     30.257      0.166 RR  CELL  alwaysud|solver|Mux64~3|combout
    Info (332115):     31.793      1.536 RR    IC  alwaysud|solver|Mux100~24|datad
    Info (332115):     31.959      0.166 RR  CELL  alwaysud|solver|Mux100~24|combout
    Info (332115):     32.164      0.205 RR    IC  alwaysud|solver|Mux100~25|datad
    Info (332115):     32.330      0.166 RR  CELL  alwaysud|solver|Mux100~25|combout
    Info (332115):     32.553      0.223 RR    IC  alwaysud|solver|Mux100~27|datad
    Info (332115):     32.719      0.166 RR  CELL  alwaysud|solver|Mux100~27|combout
    Info (332115):     33.451      0.732 RR    IC  alwaysud|solver|Mux103~5|datac
    Info (332115):     33.756      0.305 RR  CELL  alwaysud|solver|Mux103~5|combout
    Info (332115):     33.961      0.205 RR    IC  alwaysud|solver|Mux103~6|datad
    Info (332115):     34.127      0.166 RR  CELL  alwaysud|solver|Mux103~6|combout
    Info (332115):     34.329      0.202 RR    IC  alwaysud|solver|Mux103~9|datad
    Info (332115):     34.495      0.166 RR  CELL  alwaysud|solver|Mux103~9|combout
    Info (332115):     34.911      0.416 RR    IC  alwaysud|solver|r~71|datac
    Info (332115):     35.191      0.280 RF  CELL  alwaysud|solver|r~71|combout
    Info (332115):     35.445      0.254 FF    IC  alwaysud|solver|r~76|datac
    Info (332115):     35.748      0.303 FF  CELL  alwaysud|solver|r~76|combout
    Info (332115):     36.229      0.481 FF    IC  alwaysud|solver|r~78|dataa
    Info (332115):     36.631      0.402 FF  CELL  alwaysud|solver|r~78|combout
    Info (332115):     37.475      0.844 FF    IC  alwaysud|solver|WideOr49~0|datab
    Info (332115):     37.871      0.396 FR  CELL  alwaysud|solver|WideOr49~0|combout
    Info (332115):     39.088      1.217 RR    IC  alwaysud|solver|Mux110~2|datad
    Info (332115):     39.254      0.166 RR  CELL  alwaysud|solver|Mux110~2|combout
    Info (332115):     39.456      0.202 RR    IC  alwaysud|solver|Mux110~4|datad
    Info (332115):     39.622      0.166 RR  CELL  alwaysud|solver|Mux110~4|combout
    Info (332115):     39.827      0.205 RR    IC  alwaysud|solver|Mux110~5|datad
    Info (332115):     39.993      0.166 RR  CELL  alwaysud|solver|Mux110~5|combout
    Info (332115):     40.195      0.202 RR    IC  alwaysud|solver|Mux110~8|datac
    Info (332115):     40.500      0.305 RR  CELL  alwaysud|solver|Mux110~8|combout
    Info (332115):     40.703      0.203 RR    IC  alwaysud|solver|pick_cell[4]~23|datad
    Info (332115):     40.869      0.166 RR  CELL  alwaysud|solver|pick_cell[4]~23|combout
    Info (332115):     41.579      0.710 RR    IC  alwaysud|solver|pick_cell[4]~28|datad
    Info (332115):     41.745      0.166 RR  CELL  alwaysud|solver|pick_cell[4]~28|combout
    Info (332115):     42.803      1.058 RR    IC  alwaysud|solver|Decoder8~82|datac
    Info (332115):     43.107      0.304 RR  CELL  alwaysud|solver|Decoder8~82|combout
    Info (332115):     44.172      1.065 RR    IC  alwaysud|solver|WideOr127~1|datad
    Info (332115):     44.338      0.166 RR  CELL  alwaysud|solver|WideOr127~1|combout
    Info (332115):     47.488      3.150 RR    IC  alwaysud|solver|used~760|datac
    Info (332115):     47.792      0.304 RR  CELL  alwaysud|solver|used~760|combout
    Info (332115):     47.997      0.205 RR    IC  alwaysud|solver|used[8][2]~182|datad
    Info (332115):     48.163      0.166 RR  CELL  alwaysud|solver|used[8][2]~182|combout
    Info (332115):     48.163      0.000 RR    IC  alwaysud|solver|used[8][2]|d
    Info (332115):     48.252      0.089 RR  CELL  alwaysud:alwaysud|alwaysud_solver:solver|used[8][2]
    Info (332115): Data Required Path:
    Info (332115): Total (ns)  Incr (ns)     Type  Element
    Info (332115): ==========  ========= ==  ====  ===================================
    Info (332115):      1.000      1.000           latch edge time
    Info (332115):      1.000      0.000           source latency
    Info (332115):      1.000      0.000           clk
    Info (332115):      1.000      0.000 RR    IC  clk~input|i
    Info (332115):      1.769      0.769 RR  CELL  clk~input|o
    Info (332115):      2.627      0.858 RR    IC  clk~inputclkctrl|inclk[0]
    Info (332115):      2.627      0.000 RR  CELL  clk~inputclkctrl|outclk
    Info (332115):      4.038      1.411 RR    IC  alwaysud|solver|used[8][2]|clk
    Info (332115):      4.513      0.475 RR  CELL  alwaysud:alwaysud|alwaysud_solver:solver|used[8][2]
    Info (332115):      4.550      0.037           clock pessimism removed
    Info (332115):      4.530     -0.020           clock uncertainty
    Info (332115):      4.543      0.013     uTsu  alwaysud:alwaysud|alwaysud_solver:solver|used[8][2]
    Info (332115): Data Arrival Time  :    48.252
    Info (332115): Data Required Time :     4.543
    Info (332115): Slack              :   -43.709 (VIOLATED)
    Info (332115): ===================================================================
Info (332115): Path #8: Setup slack is -43.708 (VIOLATED)
    Info (332115): ===================================================================
    Info (332115): From Node    : alwaysud:alwaysud|alwaysud_solver:solver|sol[46][5]
    Info (332115): To Node      : alwaysud:alwaysud|alwaysud_solver:solver|used[8][2]
    Info (332115): Launch Clock : clk
    Info (332115): Latch Clock  : clk
    Info (332115): Data Arrival Path:
    Info (332115): Total (ns)  Incr (ns)     Type  Element
    Info (332115): ==========  ========= ==  ====  ===================================
    Info (332115):      0.000      0.000           launch edge time
    Info (332115):      0.000      0.000           source latency
    Info (332115):      0.000      0.000           clk
    Info (332115):      0.000      0.000 RR    IC  clk~input|i
    Info (332115):      0.769      0.769 RR  CELL  clk~input|o
    Info (332115):      1.663      0.894 RR    IC  clk~inputclkctrl|inclk[0]
    Info (332115):      1.663      0.000 RR  CELL  clk~inputclkctrl|outclk
    Info (332115):      3.290      1.627 RR    IC  alwaysud|solver|sol[46][5]|clk
    Info (332115):      3.800      0.510 RR  CELL  alwaysud:alwaysud|alwaysud_solver:solver|sol[46][5]
    Info (332115):      4.007      0.207     uTco  alwaysud:alwaysud|alwaysud_solver:solver|sol[46][5]
    Info (332115):      4.007      0.000 FF  CELL  alwaysud|solver|sol[46][5]|q
    Info (332115):      4.415      0.408 FF    IC  alwaysud|solver|Equal46~3|dataa
    Info (332115):      4.817      0.402 FR  CELL  alwaysud|solver|Equal46~3|combout
    Info (332115):      7.073      2.256 RR    IC  alwaysud|solver|Equal46~4|datac
    Info (332115):      7.378      0.305 RR  CELL  alwaysud|solver|Equal46~4|combout
    Info (332115):      9.812      2.434 RR    IC  alwaysud|solver|Add177~10|datab
    Info (332115):     10.336      0.524 RF  CELL  alwaysud|solver|Add177~10|cout
    Info (332115):     10.336      0.000 FF    IC  alwaysud|solver|Add177~12|cin
    Info (332115):     10.838      0.502 FF  CELL  alwaysud|solver|Add177~12|combout
    Info (332115):     11.119      0.281 FF    IC  alwaysud|solver|hs_event[92]~606|datab
    Info (332115):     11.564      0.445 FR  CELL  alwaysud|solver|hs_event[92]~606|combout
    Info (332115):     11.800      0.236 RR    IC  alwaysud|solver|hs_event[92]~610|datab
    Info (332115):     12.210      0.410 RR  CELL  alwaysud|solver|hs_event[92]~610|combout
    Info (332115):     12.449      0.239 RR    IC  alwaysud|solver|hs_event[92]~611|datab
    Info (332115):     12.872      0.423 RR  CELL  alwaysud|solver|hs_event[92]~611|combout
    Info (332115):     14.986      2.114 RR    IC  alwaysud|solver|WideOr31~0|dataa
    Info (332115):     15.408      0.422 RR  CELL  alwaysud|solver|WideOr31~0|combout
    Info (332115):     15.611      0.203 RR    IC  alwaysud|solver|WideOr31~2|datac
    Info (332115):     15.915      0.304 RR  CELL  alwaysud|solver|WideOr31~2|combout
    Info (332115):     16.701      0.786 RR    IC  alwaysud|solver|ui[4]~3|datad
    Info (332115):     16.846      0.145 RF  CELL  alwaysud|solver|ui[4]~3|combout
    Info (332115):     17.088      0.242 FF    IC  alwaysud|solver|ui[4]~4|datac
    Info (332115):     17.391      0.303 FF  CELL  alwaysud|solver|ui[4]~4|combout
    Info (332115):     18.049      0.658 FF    IC  alwaysud|solver|ui[4]~5|datad
    Info (332115):     18.180      0.131 FF  CELL  alwaysud|solver|ui[4]~5|combout
    Info (332115):     18.868      0.688 FF    IC  alwaysud|solver|Add334~2|datac
    Info (332115):     19.171      0.303 FF  CELL  alwaysud|solver|Add334~2|combout
    Info (332115):     19.439      0.268 FF    IC  alwaysud|solver|Add334~3|datad
    Info (332115):     19.570      0.131 FF  CELL  alwaysud|solver|Add334~3|combout
    Info (332115):     19.826      0.256 FF    IC  alwaysud|solver|Add334~8|datad
    Info (332115):     19.987      0.161 FR  CELL  alwaysud|solver|Add334~8|combout
    Info (332115):     21.241      1.254 RR    IC  alwaysud|solver|Mux16~100|datad
    Info (332115):     21.386      0.145 RF  CELL  alwaysud|solver|Mux16~100|combout
    Info (332115):     21.619      0.233 FF    IC  alwaysud|solver|Mux16~101|datad
    Info (332115):     21.780      0.161 FR  CELL  alwaysud|solver|Mux16~101|combout
    Info (332115):     22.727      0.947 RR    IC  alwaysud|solver|Mux16~102|datac
    Info (332115):     23.032      0.305 RR  CELL  alwaysud|solver|Mux16~102|combout
    Info (332115):     23.243      0.211 RR    IC  alwaysud|solver|Mux16~103|datad
    Info (332115):     23.409      0.166 RR  CELL  alwaysud|solver|Mux16~103|combout
    Info (332115):     23.614      0.205 RR    IC  alwaysud|solver|Mux16~109|datad
    Info (332115):     23.780      0.166 RR  CELL  alwaysud|solver|Mux16~109|combout
    Info (332115):     24.542      0.762 RR    IC  alwaysud|solver|Mux16~264|datad
    Info (332115):     24.708      0.166 RR  CELL  alwaysud|solver|Mux16~264|combout
    Info (332115):     25.416      0.708 RR    IC  alwaysud|solver|Mux10~0|datad
    Info (332115):     25.582      0.166 RR  CELL  alwaysud|solver|Mux10~0|combout
    Info (332115):     25.785      0.203 RR    IC  alwaysud|solver|Mux10~1|datac
    Info (332115):     26.069      0.284 RF  CELL  alwaysud|solver|Mux10~1|combout
    Info (332115):     26.406      0.337 FF    IC  alwaysud|solver|dsel[1]~6|dataa
    Info (332115):     26.808      0.402 FR  CELL  alwaysud|solver|dsel[1]~6|combout
    Info (332115):     27.036      0.228 RR    IC  alwaysud|solver|dsel[1]~16|datad
    Info (332115):     27.202      0.166 RR  CELL  alwaysud|solver|dsel[1]~16|combout
    Info (332115):     27.422      0.220 RR    IC  alwaysud|solver|dsel[1]~19|datad
    Info (332115):     27.588      0.166 RR  CELL  alwaysud|solver|dsel[1]~19|combout
    Info (332115):     27.790      0.202 RR    IC  alwaysud|solver|dsel[1]~20|datad
    Info (332115):     27.956      0.166 RR  CELL  alwaysud|solver|dsel[1]~20|combout
    Info (332115):     29.711      1.755 RR    IC  alwaysud|solver|Mux64~2|datad
    Info (332115):     29.856      0.145 RF  CELL  alwaysud|solver|Mux64~2|combout
    Info (332115):     30.095      0.239 FF    IC  alwaysud|solver|Mux64~3|datad
    Info (332115):     30.256      0.161 FR  CELL  alwaysud|solver|Mux64~3|combout
    Info (332115):     31.792      1.536 RR    IC  alwaysud|solver|Mux100~24|datad
    Info (332115):     31.958      0.166 RR  CELL  alwaysud|solver|Mux100~24|combout
    Info (332115):     32.163      0.205 RR    IC  alwaysud|solver|Mux100~25|datad
    Info (332115):     32.329      0.166 RR  CELL  alwaysud|solver|Mux100~25|combout
    Info (332115):     32.552      0.223 RR    IC  alwaysud|solver|Mux100~27|datad
    Info (332115):     32.718      0.166 RR  CELL  alwaysud|solver|Mux100~27|combout
    Info (332115):     33.450      0.732 RR    IC  alwaysud|solver|Mux103~5|datac
    Info (332115):     33.755      0.305 RR  CELL  alwaysud|solver|Mux103~5|combout
    Info (332115):     33.960      0.205 RR    IC  alwaysud|solver|Mux103~6|datad
    Info (332115):     34.126      0.166 RR  CELL  alwaysud|solver|Mux103~6|combout
    Info (332115):     34.328      0.202 RR    IC  alwaysud|solver|Mux103~9|datad
    Info (332115):     34.494      0.166 RR  CELL  alwaysud|solver|Mux103~9|combout
    Info (332115):     34.910      0.416 RR    IC  alwaysud|solver|r~71|datac
    Info (332115):     35.190      0.280 RF  CELL  alwaysud|solver|r~71|combout
    Info (332115):     35.444      0.254 FF    IC  alwaysud|solver|r~76|datac
    Info (332115):     35.747      0.303 FF  CELL  alwaysud|solver|r~76|combout
    Info (332115):     36.228      0.481 FF    IC  alwaysud|solver|r~78|dataa
    Info (332115):     36.630      0.402 FF  CELL  alwaysud|solver|r~78|combout
    Info (332115):     37.474      0.844 FF    IC  alwaysud|solver|WideOr49~0|datab
    Info (332115):     37.870      0.396 FR  CELL  alwaysud|solver|WideOr49~0|combout
    Info (332115):     39.087      1.217 RR    IC  alwaysud|solver|Mux110~2|datad
    Info (332115):     39.253      0.166 RR  CELL  alwaysud|solver|Mux110~2|combout
    Info (332115):     39.455      0.202 RR    IC  alwaysud|solver|Mux110~4|datad
    Info (332115):     39.621      0.166 RR  CELL  alwaysud|solver|Mux110~4|combout
    Info (332115):     39.826      0.205 RR    IC  alwaysud|solver|Mux110~5|datad
    Info (332115):     39.992      0.166 RR  CELL  alwaysud|solver|Mux110~5|combout
    Info (332115):     40.194      0.202 RR    IC  alwaysud|solver|Mux110~8|datac
    Info (332115):     40.499      0.305 RR  CELL  alwaysud|solver|Mux110~8|combout
    Info (332115):     40.702      0.203 RR    IC  alwaysud|solver|pick_cell[4]~23|datad
    Info (332115):     40.868      0.166 RR  CELL  alwaysud|solver|pick_cell[4]~23|combout
    Info (332115):     41.578      0.710 RR    IC  alwaysud|solver|pick_cell[4]~28|datad
    Info (332115):     41.744      0.166 RR  CELL  alwaysud|solver|pick_cell[4]~28|combout
    Info (332115):     42.802      1.058 RR    IC  alwaysud|solver|Decoder8~82|datac
    Info (332115):     43.106      0.304 RR  CELL  alwaysud|solver|Decoder8~82|combout
    Info (332115):     44.171      1.065 RR    IC  alwaysud|solver|WideOr127~1|datad
    Info (332115):     44.337      0.166 RR  CELL  alwaysud|solver|WideOr127~1|combout
    Info (332115):     47.487      3.150 RR    IC  alwaysud|solver|used~760|datac
    Info (332115):     47.791      0.304 RR  CELL  alwaysud|solver|used~760|combout
    Info (332115):     47.996      0.205 RR    IC  alwaysud|solver|used[8][2]~182|datad
    Info (332115):     48.162      0.166 RR  CELL  alwaysud|solver|used[8][2]~182|combout
    Info (332115):     48.162      0.000 RR    IC  alwaysud|solver|used[8][2]|d
    Info (332115):     48.251      0.089 RR  CELL  alwaysud:alwaysud|alwaysud_solver:solver|used[8][2]
    Info (332115): Data Required Path:
    Info (332115): Total (ns)  Incr (ns)     Type  Element
    Info (332115): ==========  ========= ==  ====  ===================================
    Info (332115):      1.000      1.000           latch edge time
    Info (332115):      1.000      0.000           source latency
    Info (332115):      1.000      0.000           clk
    Info (332115):      1.000      0.000 RR    IC  clk~input|i
    Info (332115):      1.769      0.769 RR  CELL  clk~input|o
    Info (332115):      2.627      0.858 RR    IC  clk~inputclkctrl|inclk[0]
    Info (332115):      2.627      0.000 RR  CELL  clk~inputclkctrl|outclk
    Info (332115):      4.038      1.411 RR    IC  alwaysud|solver|used[8][2]|clk
    Info (332115):      4.513      0.475 RR  CELL  alwaysud:alwaysud|alwaysud_solver:solver|used[8][2]
    Info (332115):      4.550      0.037           clock pessimism removed
    Info (332115):      4.530     -0.020           clock uncertainty
    Info (332115):      4.543      0.013     uTsu  alwaysud:alwaysud|alwaysud_solver:solver|used[8][2]
    Info (332115): Data Arrival Time  :    48.251
    Info (332115): Data Required Time :     4.543
    Info (332115): Slack              :   -43.708 (VIOLATED)
    Info (332115): ===================================================================
Info (332115): Path #9: Setup slack is -43.705 (VIOLATED)
    Info (332115): ===================================================================
    Info (332115): From Node    : alwaysud:alwaysud|alwaysud_solver:solver|sol[46][5]
    Info (332115): To Node      : alwaysud:alwaysud|alwaysud_solver:solver|used[8][2]
    Info (332115): Launch Clock : clk
    Info (332115): Latch Clock  : clk
    Info (332115): Data Arrival Path:
    Info (332115): Total (ns)  Incr (ns)     Type  Element
    Info (332115): ==========  ========= ==  ====  ===================================
    Info (332115):      0.000      0.000           launch edge time
    Info (332115):      0.000      0.000           source latency
    Info (332115):      0.000      0.000           clk
    Info (332115):      0.000      0.000 RR    IC  clk~input|i
    Info (332115):      0.769      0.769 RR  CELL  clk~input|o
    Info (332115):      1.663      0.894 RR    IC  clk~inputclkctrl|inclk[0]
    Info (332115):      1.663      0.000 RR  CELL  clk~inputclkctrl|outclk
    Info (332115):      3.290      1.627 RR    IC  alwaysud|solver|sol[46][5]|clk
    Info (332115):      3.800      0.510 RR  CELL  alwaysud:alwaysud|alwaysud_solver:solver|sol[46][5]
    Info (332115):      4.007      0.207     uTco  alwaysud:alwaysud|alwaysud_solver:solver|sol[46][5]
    Info (332115):      4.007      0.000 FF  CELL  alwaysud|solver|sol[46][5]|q
    Info (332115):      4.415      0.408 FF    IC  alwaysud|solver|Equal46~3|dataa
    Info (332115):      4.817      0.402 FR  CELL  alwaysud|solver|Equal46~3|combout
    Info (332115):      7.073      2.256 RR    IC  alwaysud|solver|Equal46~4|datac
    Info (332115):      7.378      0.305 RR  CELL  alwaysud|solver|Equal46~4|combout
    Info (332115):      9.089      1.711 RR    IC  alwaysud|solver|hs_spots[5][3][1]~2|datac
    Info (332115):      9.393      0.304 RR  CELL  alwaysud|solver|hs_spots[5][3][1]~2|combout
    Info (332115):     10.496      1.103 RR    IC  alwaysud|solver|hs_event[48]~505|datab
    Info (332115):     10.945      0.449 RF  CELL  alwaysud|solver|hs_event[48]~505|combout
    Info (332115):     11.185      0.240 FF    IC  alwaysud|solver|hs_event[48]~507|datac
    Info (332115):     11.488      0.303 FF  CELL  alwaysud|solver|hs_event[48]~507|combout
    Info (332115):     11.727      0.239 FF    IC  alwaysud|solver|hs_event[48]~508|datad
    Info (332115):     11.858      0.131 FF  CELL  alwaysud|solver|hs_event[48]~508|combout
    Info (332115):     12.091      0.233 FF    IC  alwaysud|solver|hs_event[48]~509|datad
    Info (332115):     12.222      0.131 FF  CELL  alwaysud|solver|hs_event[48]~509|combout
    Info (332115):     14.731      2.509 FF    IC  alwaysud|solver|WideOr26~0|datac
    Info (332115):     15.029      0.298 FF  CELL  alwaysud|solver|WideOr26~0|combout
    Info (332115):     15.286      0.257 FF    IC  alwaysud|solver|WideOr26~2|datac
    Info (332115):     15.584      0.298 FF  CELL  alwaysud|solver|WideOr26~2|combout
    Info (332115):     16.353      0.769 FF    IC  alwaysud|solver|ui[2]~2|datad
    Info (332115):     16.514      0.161 FR  CELL  alwaysud|solver|ui[2]~2|combout
    Info (332115):     17.266      0.752 RR    IC  alwaysud|solver|ui[4]~4|datad
    Info (332115):     17.432      0.166 RR  CELL  alwaysud|solver|ui[4]~4|combout
    Info (332115):     18.093      0.661 RR    IC  alwaysud|solver|ui[4]~5|datad
    Info (332115):     18.259      0.166 RR  CELL  alwaysud|solver|ui[4]~5|combout
    Info (332115):     18.957      0.698 RR    IC  alwaysud|solver|Add334~2|datac
    Info (332115):     19.262      0.305 RR  CELL  alwaysud|solver|Add334~2|combout
    Info (332115):     19.492      0.230 RR    IC  alwaysud|solver|Add334~3|datad
    Info (332115):     19.658      0.166 RR  CELL  alwaysud|solver|Add334~3|combout
    Info (332115):     19.880      0.222 RR    IC  alwaysud|solver|Add334~8|datad
    Info (332115):     20.046      0.166 RR  CELL  alwaysud|solver|Add334~8|combout
    Info (332115):     21.300      1.254 RR    IC  alwaysud|solver|Mux16~100|datad
    Info (332115):     21.445      0.145 RF  CELL  alwaysud|solver|Mux16~100|combout
    Info (332115):     21.678      0.233 FF    IC  alwaysud|solver|Mux16~101|datad
    Info (332115):     21.839      0.161 FR  CELL  alwaysud|solver|Mux16~101|combout
    Info (332115):     22.786      0.947 RR    IC  alwaysud|solver|Mux16~102|datac
    Info (332115):     23.091      0.305 RR  CELL  alwaysud|solver|Mux16~102|combout
    Info (332115):     23.302      0.211 RR    IC  alwaysud|solver|Mux16~103|datad
    Info (332115):     23.468      0.166 RR  CELL  alwaysud|solver|Mux16~103|combout
    Info (332115):     23.673      0.205 RR    IC  alwaysud|solver|Mux16~109|datad
    Info (332115):     23.839      0.166 RR  CELL  alwaysud|solver|Mux16~109|combout
    Info (332115):     24.601      0.762 RR    IC  alwaysud|solver|Mux16~264|datad
    Info (332115):     24.767      0.166 RR  CELL  alwaysud|solver|Mux16~264|combout
    Info (332115):     25.475      0.708 RR    IC  alwaysud|solver|Mux10~0|datad
    Info (332115):     25.641      0.166 RR  CELL  alwaysud|solver|Mux10~0|combout
    Info (332115):     25.844      0.203 RR    IC  alwaysud|solver|Mux10~1|datac
    Info (332115):     26.128      0.284 RF  CELL  alwaysud|solver|Mux10~1|combout
    Info (332115):     26.465      0.337 FF    IC  alwaysud|solver|dsel[1]~6|dataa
    Info (332115):     26.867      0.402 FR  CELL  alwaysud|solver|dsel[1]~6|combout
    Info (332115):     27.095      0.228 RR    IC  alwaysud|solver|dsel[1]~16|datad
    Info (332115):     27.261      0.166 RR  CELL  alwaysud|solver|dsel[1]~16|combout
    Info (332115):     27.481      0.220 RR    IC  alwaysud|solver|dsel[1]~19|datad
    Info (332115):     27.647      0.166 RR  CELL  alwaysud|solver|dsel[1]~19|combout
    Info (332115):     27.849      0.202 RR    IC  alwaysud|solver|dsel[1]~20|datad
    Info (332115):     28.015      0.166 RR  CELL  alwaysud|solver|dsel[1]~20|combout
    Info (332115):     29.770      1.755 RR    IC  alwaysud|solver|Mux64~2|datad
    Info (332115):     29.915      0.145 RF  CELL  alwaysud|solver|Mux64~2|combout
    Info (332115):     30.154      0.239 FF    IC  alwaysud|solver|Mux64~3|datad
    Info (332115):     30.315      0.161 FR  CELL  alwaysud|solver|Mux64~3|combout
    Info (332115):     31.851      1.536 RR    IC  alwaysud|solver|Mux100~24|datad
    Info (332115):     32.017      0.166 RR  CELL  alwaysud|solver|Mux100~24|combout
    Info (332115):     32.222      0.205 RR    IC  alwaysud|solver|Mux100~25|datad
    Info (332115):     32.388      0.166 RR  CELL  alwaysud|solver|Mux100~25|combout
    Info (332115):     32.611      0.223 RR    IC  alwaysud|solver|Mux100~27|datad
    Info (332115):     32.777      0.166 RR  CELL  alwaysud|solver|Mux100~27|combout
    Info (332115):     33.509      0.732 RR    IC  alwaysud|solver|Mux103~5|datac
    Info (332115):     33.814      0.305 RR  CELL  alwaysud|solver|Mux103~5|combout
    Info (332115):     34.019      0.205 RR    IC  alwaysud|solver|Mux103~6|datad
    Info (332115):     34.185      0.166 RR  CELL  alwaysud|solver|Mux103~6|combout
    Info (332115):     34.387      0.202 RR    IC  alwaysud|solver|Mux103~9|datad
    Info (332115):     34.553      0.166 RR  CELL  alwaysud|solver|Mux103~9|combout
    Info (332115):     34.969      0.416 RR    IC  alwaysud|solver|r~71|datac
    Info (332115):     35.249      0.280 RF  CELL  alwaysud|solver|r~71|combout
    Info (332115):     35.503      0.254 FF    IC  alwaysud|solver|r~76|datac
    Info (332115):     35.806      0.303 FF  CELL  alwaysud|solver|r~76|combout
    Info (332115):     36.287      0.481 FF    IC  alwaysud|solver|r~78|dataa
    Info (332115):     36.689      0.402 FF  CELL  alwaysud|solver|r~78|combout
    Info (332115):     37.503      0.814 FF    IC  alwaysud|solver|Decoder0~0|datac
    Info (332115):     37.784      0.281 FR  CELL  alwaysud|solver|Decoder0~0|combout
    Info (332115):     38.775      0.991 RR    IC  alwaysud|solver|Mux109~12|datac
    Info (332115):     39.079      0.304 RR  CELL  alwaysud|solver|Mux109~12|combout
    Info (332115):     39.282      0.203 RR    IC  alwaysud|solver|Mux109~13|datad
    Info (332115):     39.448      0.166 RR  CELL  alwaysud|solver|Mux109~13|combout
    Info (332115):     40.192      0.744 RR    IC  alwaysud|solver|Mux110~13|datad
    Info (332115):     40.358      0.166 RR  CELL  alwaysud|solver|Mux110~13|combout
    Info (332115):     40.561      0.203 RR    IC  alwaysud|solver|pick_cell[4]~23|datac
    Info (332115):     40.865      0.304 RR  CELL  alwaysud|solver|pick_cell[4]~23|combout
    Info (332115):     41.575      0.710 RR    IC  alwaysud|solver|pick_cell[4]~28|datad
    Info (332115):     41.741      0.166 RR  CELL  alwaysud|solver|pick_cell[4]~28|combout
    Info (332115):     42.799      1.058 RR    IC  alwaysud|solver|Decoder8~82|datac
    Info (332115):     43.103      0.304 RR  CELL  alwaysud|solver|Decoder8~82|combout
    Info (332115):     44.168      1.065 RR    IC  alwaysud|solver|WideOr127~1|datad
    Info (332115):     44.334      0.166 RR  CELL  alwaysud|solver|WideOr127~1|combout
    Info (332115):     47.484      3.150 RR    IC  alwaysud|solver|used~760|datac
    Info (332115):     47.788      0.304 RR  CELL  alwaysud|solver|used~760|combout
    Info (332115):     47.993      0.205 RR    IC  alwaysud|solver|used[8][2]~182|datad
    Info (332115):     48.159      0.166 RR  CELL  alwaysud|solver|used[8][2]~182|combout
    Info (332115):     48.159      0.000 RR    IC  alwaysud|solver|used[8][2]|d
    Info (332115):     48.248      0.089 RR  CELL  alwaysud:alwaysud|alwaysud_solver:solver|used[8][2]
    Info (332115): Data Required Path:
    Info (332115): Total (ns)  Incr (ns)     Type  Element
    Info (332115): ==========  ========= ==  ====  ===================================
    Info (332115):      1.000      1.000           latch edge time
    Info (332115):      1.000      0.000           source latency
    Info (332115):      1.000      0.000           clk
    Info (332115):      1.000      0.000 RR    IC  clk~input|i
    Info (332115):      1.769      0.769 RR  CELL  clk~input|o
    Info (332115):      2.627      0.858 RR    IC  clk~inputclkctrl|inclk[0]
    Info (332115):      2.627      0.000 RR  CELL  clk~inputclkctrl|outclk
    Info (332115):      4.038      1.411 RR    IC  alwaysud|solver|used[8][2]|clk
    Info (332115):      4.513      0.475 RR  CELL  alwaysud:alwaysud|alwaysud_solver:solver|used[8][2]
    Info (332115):      4.550      0.037           clock pessimism removed
    Info (332115):      4.530     -0.020           clock uncertainty
    Info (332115):      4.543      0.013     uTsu  alwaysud:alwaysud|alwaysud_solver:solver|used[8][2]
    Info (332115): Data Arrival Time  :    48.248
    Info (332115): Data Required Time :     4.543
    Info (332115): Slack              :   -43.705 (VIOLATED)
    Info (332115): ===================================================================
Info (332115): Path #10: Setup slack is -43.703 (VIOLATED)
    Info (332115): ===================================================================
    Info (332115): From Node    : alwaysud:alwaysud|alwaysud_solver:solver|sol[46][5]
    Info (332115): To Node      : alwaysud:alwaysud|alwaysud_solver:solver|used[8][2]
    Info (332115): Launch Clock : clk
    Info (332115): Latch Clock  : clk
    Info (332115): Data Arrival Path:
    Info (332115): Total (ns)  Incr (ns)     Type  Element
    Info (332115): ==========  ========= ==  ====  ===================================
    Info (332115):      0.000      0.000           launch edge time
    Info (332115):      0.000      0.000           source latency
    Info (332115):      0.000      0.000           clk
    Info (332115):      0.000      0.000 RR    IC  clk~input|i
    Info (332115):      0.769      0.769 RR  CELL  clk~input|o
    Info (332115):      1.663      0.894 RR    IC  clk~inputclkctrl|inclk[0]
    Info (332115):      1.663      0.000 RR  CELL  clk~inputclkctrl|outclk
    Info (332115):      3.290      1.627 RR    IC  alwaysud|solver|sol[46][5]|clk
    Info (332115):      3.800      0.510 RR  CELL  alwaysud:alwaysud|alwaysud_solver:solver|sol[46][5]
    Info (332115):      4.007      0.207     uTco  alwaysud:alwaysud|alwaysud_solver:solver|sol[46][5]
    Info (332115):      4.007      0.000 RR  CELL  alwaysud|solver|sol[46][5]|q
    Info (332115):      4.322      0.315 RR    IC  alwaysud|solver|Equal46~3|dataa
    Info (332115):      4.741      0.419 RF  CELL  alwaysud|solver|Equal46~3|combout
    Info (332115):      7.002      2.261 FF    IC  alwaysud|solver|Equal46~4|datac
    Info (332115):      7.305      0.303 FF  CELL  alwaysud|solver|Equal46~4|combout
    Info (332115):      9.355      2.050 FF    IC  alwaysud|solver|Add133~2|dataa
    Info (332115):      9.737      0.382 FR  CELL  alwaysud|solver|Add133~2|cout
    Info (332115):      9.737      0.000 RR    IC  alwaysud|solver|Add133~4|cin
    Info (332115):      9.796      0.059 RF  CELL  alwaysud|solver|Add133~4|cout
    Info (332115):      9.796      0.000 FF    IC  alwaysud|solver|Add133~6|cin
    Info (332115):      9.855      0.059 FR  CELL  alwaysud|solver|Add133~6|cout
    Info (332115):      9.855      0.000 RR    IC  alwaysud|solver|Add133~8|cin
    Info (332115):      9.914      0.059 RF  CELL  alwaysud|solver|Add133~8|cout
    Info (332115):      9.914      0.000 FF    IC  alwaysud|solver|Add133~10|cin
    Info (332115):      9.973      0.059 FR  CELL  alwaysud|solver|Add133~10|cout
    Info (332115):      9.973      0.000 RR    IC  alwaysud|solver|Add133~12|cin
    Info (332115):     10.610      0.637 RR  CELL  alwaysud|solver|Add133~12|combout
    Info (332115):     10.848      0.238 RR    IC  alwaysud|solver|hs_event[48]~504|datab
    Info (332115):     11.297      0.449 RF  CELL  alwaysud|solver|hs_event[48]~504|combout
    Info (332115):     11.537      0.240 FF    IC  alwaysud|solver|hs_event[48]~508|datac
    Info (332115):     11.840      0.303 FF  CELL  alwaysud|solver|hs_event[48]~508|combout
    Info (332115):     12.073      0.233 FF    IC  alwaysud|solver|hs_event[48]~509|datad
    Info (332115):     12.204      0.131 FF  CELL  alwaysud|solver|hs_event[48]~509|combout
    Info (332115):     14.713      2.509 FF    IC  alwaysud|solver|WideOr26~0|datac
    Info (332115):     15.011      0.298 FF  CELL  alwaysud|solver|WideOr26~0|combout
    Info (332115):     15.268      0.257 FF    IC  alwaysud|solver|WideOr26~2|datac
    Info (332115):     15.566      0.298 FF  CELL  alwaysud|solver|WideOr26~2|combout
    Info (332115):     16.335      0.769 FF    IC  alwaysud|solver|ui[2]~2|datad
    Info (332115):     16.496      0.161 FR  CELL  alwaysud|solver|ui[2]~2|combout
    Info (332115):     17.248      0.752 RR    IC  alwaysud|solver|ui[4]~4|datad
    Info (332115):     17.414      0.166 RR  CELL  alwaysud|solver|ui[4]~4|combout
    Info (332115):     18.075      0.661 RR    IC  alwaysud|solver|ui[4]~5|datad
    Info (332115):     18.241      0.166 RR  CELL  alwaysud|solver|ui[4]~5|combout
    Info (332115):     18.939      0.698 RR    IC  alwaysud|solver|Add334~2|datac
    Info (332115):     19.244      0.305 RR  CELL  alwaysud|solver|Add334~2|combout
    Info (332115):     19.474      0.230 RR    IC  alwaysud|solver|Add334~3|datad
    Info (332115):     19.640      0.166 RR  CELL  alwaysud|solver|Add334~3|combout
    Info (332115):     19.862      0.222 RR    IC  alwaysud|solver|Add334~8|datad
    Info (332115):     20.028      0.166 RR  CELL  alwaysud|solver|Add334~8|combout
    Info (332115):     21.282      1.254 RR    IC  alwaysud|solver|Mux16~100|datad
    Info (332115):     21.427      0.145 RF  CELL  alwaysud|solver|Mux16~100|combout
    Info (332115):     21.660      0.233 FF    IC  alwaysud|solver|Mux16~101|datad
    Info (332115):     21.821      0.161 FR  CELL  alwaysud|solver|Mux16~101|combout
    Info (332115):     22.768      0.947 RR    IC  alwaysud|solver|Mux16~102|datac
    Info (332115):     23.073      0.305 RR  CELL  alwaysud|solver|Mux16~102|combout
    Info (332115):     23.284      0.211 RR    IC  alwaysud|solver|Mux16~103|datad
    Info (332115):     23.450      0.166 RR  CELL  alwaysud|solver|Mux16~103|combout
    Info (332115):     23.655      0.205 RR    IC  alwaysud|solver|Mux16~109|datad
    Info (332115):     23.821      0.166 RR  CELL  alwaysud|solver|Mux16~109|combout
    Info (332115):     24.583      0.762 RR    IC  alwaysud|solver|Mux16~264|datad
    Info (332115):     24.749      0.166 RR  CELL  alwaysud|solver|Mux16~264|combout
    Info (332115):     25.457      0.708 RR    IC  alwaysud|solver|Mux10~0|datad
    Info (332115):     25.623      0.166 RR  CELL  alwaysud|solver|Mux10~0|combout
    Info (332115):     25.826      0.203 RR    IC  alwaysud|solver|Mux10~1|datac
    Info (332115):     26.110      0.284 RF  CELL  alwaysud|solver|Mux10~1|combout
    Info (332115):     26.447      0.337 FF    IC  alwaysud|solver|dsel[1]~6|dataa
    Info (332115):     26.849      0.402 FR  CELL  alwaysud|solver|dsel[1]~6|combout
    Info (332115):     27.077      0.228 RR    IC  alwaysud|solver|dsel[1]~8|datad
    Info (332115):     27.222      0.145 RF  CELL  alwaysud|solver|dsel[1]~8|combout
    Info (332115):     27.521      0.299 FF    IC  alwaysud|solver|dsel[1]~20|datab
    Info (332115):     27.945      0.424 FF  CELL  alwaysud|solver|dsel[1]~20|combout
    Info (332115):     29.719      1.774 FF    IC  alwaysud|solver|Mux64~2|datad
    Info (332115):     29.880      0.161 FR  CELL  alwaysud|solver|Mux64~2|combout
    Info (332115):     30.085      0.205 RR    IC  alwaysud|solver|Mux64~3|datad
    Info (332115):     30.251      0.166 RR  CELL  alwaysud|solver|Mux64~3|combout
    Info (332115):     31.787      1.536 RR    IC  alwaysud|solver|Mux100~24|datad
    Info (332115):     31.953      0.166 RR  CELL  alwaysud|solver|Mux100~24|combout
    Info (332115):     32.158      0.205 RR    IC  alwaysud|solver|Mux100~25|datad
    Info (332115):     32.324      0.166 RR  CELL  alwaysud|solver|Mux100~25|combout
    Info (332115):     32.547      0.223 RR    IC  alwaysud|solver|Mux100~27|datad
    Info (332115):     32.713      0.166 RR  CELL  alwaysud|solver|Mux100~27|combout
    Info (332115):     33.445      0.732 RR    IC  alwaysud|solver|Mux103~5|datac
    Info (332115):     33.750      0.305 RR  CELL  alwaysud|solver|Mux103~5|combout
    Info (332115):     33.955      0.205 RR    IC  alwaysud|solver|Mux103~6|datad
    Info (332115):     34.121      0.166 RR  CELL  alwaysud|solver|Mux103~6|combout
    Info (332115):     34.323      0.202 RR    IC  alwaysud|solver|Mux103~9|datad
    Info (332115):     34.489      0.166 RR  CELL  alwaysud|solver|Mux103~9|combout
    Info (332115):     34.905      0.416 RR    IC  alwaysud|solver|r~71|datac
    Info (332115):     35.185      0.280 RF  CELL  alwaysud|solver|r~71|combout
    Info (332115):     35.439      0.254 FF    IC  alwaysud|solver|r~76|datac
    Info (332115):     35.742      0.303 FF  CELL  alwaysud|solver|r~76|combout
    Info (332115):     36.223      0.481 FF    IC  alwaysud|solver|r~78|dataa
    Info (332115):     36.625      0.402 FF  CELL  alwaysud|solver|r~78|combout
    Info (332115):     37.469      0.844 FF    IC  alwaysud|solver|WideOr49~0|datab
    Info (332115):     37.865      0.396 FR  CELL  alwaysud|solver|WideOr49~0|combout
    Info (332115):     39.082      1.217 RR    IC  alwaysud|solver|Mux110~2|datad
    Info (332115):     39.248      0.166 RR  CELL  alwaysud|solver|Mux110~2|combout
    Info (332115):     39.450      0.202 RR    IC  alwaysud|solver|Mux110~4|datad
    Info (332115):     39.616      0.166 RR  CELL  alwaysud|solver|Mux110~4|combout
    Info (332115):     39.821      0.205 RR    IC  alwaysud|solver|Mux110~5|datad
    Info (332115):     39.987      0.166 RR  CELL  alwaysud|solver|Mux110~5|combout
    Info (332115):     40.189      0.202 RR    IC  alwaysud|solver|Mux110~8|datac
    Info (332115):     40.494      0.305 RR  CELL  alwaysud|solver|Mux110~8|combout
    Info (332115):     40.697      0.203 RR    IC  alwaysud|solver|pick_cell[4]~23|datad
    Info (332115):     40.863      0.166 RR  CELL  alwaysud|solver|pick_cell[4]~23|combout
    Info (332115):     41.573      0.710 RR    IC  alwaysud|solver|pick_cell[4]~28|datad
    Info (332115):     41.739      0.166 RR  CELL  alwaysud|solver|pick_cell[4]~28|combout
    Info (332115):     42.797      1.058 RR    IC  alwaysud|solver|Decoder8~82|datac
    Info (332115):     43.101      0.304 RR  CELL  alwaysud|solver|Decoder8~82|combout
    Info (332115):     44.166      1.065 RR    IC  alwaysud|solver|WideOr127~1|datad
    Info (332115):     44.332      0.166 RR  CELL  alwaysud|solver|WideOr127~1|combout
    Info (332115):     47.482      3.150 RR    IC  alwaysud|solver|used~760|datac
    Info (332115):     47.786      0.304 RR  CELL  alwaysud|solver|used~760|combout
    Info (332115):     47.991      0.205 RR    IC  alwaysud|solver|used[8][2]~182|datad
    Info (332115):     48.157      0.166 RR  CELL  alwaysud|solver|used[8][2]~182|combout
    Info (332115):     48.157      0.000 RR    IC  alwaysud|solver|used[8][2]|d
    Info (332115):     48.246      0.089 RR  CELL  alwaysud:alwaysud|alwaysud_solver:solver|used[8][2]
    Info (332115): Data Required Path:
    Info (332115): Total (ns)  Incr (ns)     Type  Element
    Info (332115): ==========  ========= ==  ====  ===================================
    Info (332115):      1.000      1.000           latch edge time
    Info (332115):      1.000      0.000           source latency
    Info (332115):      1.000      0.000           clk
    Info (332115):      1.000      0.000 RR    IC  clk~input|i
    Info (332115):      1.769      0.769 RR  CELL  clk~input|o
    Info (332115):      2.627      0.858 RR    IC  clk~inputclkctrl|inclk[0]
    Info (332115):      2.627      0.000 RR  CELL  clk~inputclkctrl|outclk
    Info (332115):      4.038      1.411 RR    IC  alwaysud|solver|used[8][2]|clk
    Info (332115):      4.513      0.475 RR  CELL  alwaysud:alwaysud|alwaysud_solver:solver|used[8][2]
    Info (332115):      4.550      0.037           clock pessimism removed
    Info (332115):      4.530     -0.020           clock uncertainty
    Info (332115):      4.543      0.013     uTsu  alwaysud:alwaysud|alwaysud_solver:solver|used[8][2]
    Info (332115): Data Arrival Time  :    48.246
    Info (332115): Data Required Time :     4.543
    Info (332115): Slack              :   -43.703 (VIOLATED)
    Info (332115): ===================================================================
Info (332115): Path #11: Setup slack is -43.701 (VIOLATED)
    Info (332115): ===================================================================
    Info (332115): From Node    : alwaysud:alwaysud|alwaysud_solver:solver|sol[46][5]
    Info (332115): To Node      : alwaysud:alwaysud|alwaysud_solver:solver|used[8][2]
    Info (332115): Launch Clock : clk
    Info (332115): Latch Clock  : clk
    Info (332115): Data Arrival Path:
    Info (332115): Total (ns)  Incr (ns)     Type  Element
    Info (332115): ==========  ========= ==  ====  ===================================
    Info (332115):      0.000      0.000           launch edge time
    Info (332115):      0.000      0.000           source latency
    Info (332115):      0.000      0.000           clk
    Info (332115):      0.000      0.000 RR    IC  clk~input|i
    Info (332115):      0.769      0.769 RR  CELL  clk~input|o
    Info (332115):      1.663      0.894 RR    IC  clk~inputclkctrl|inclk[0]
    Info (332115):      1.663      0.000 RR  CELL  clk~inputclkctrl|outclk
    Info (332115):      3.290      1.627 RR    IC  alwaysud|solver|sol[46][5]|clk
    Info (332115):      3.800      0.510 RR  CELL  alwaysud:alwaysud|alwaysud_solver:solver|sol[46][5]
    Info (332115):      4.007      0.207     uTco  alwaysud:alwaysud|alwaysud_solver:solver|sol[46][5]
    Info (332115):      4.007      0.000 FF  CELL  alwaysud|solver|sol[46][5]|q
    Info (332115):      4.415      0.408 FF    IC  alwaysud|solver|Equal46~3|dataa
    Info (332115):      4.817      0.402 FR  CELL  alwaysud|solver|Equal46~3|combout
    Info (332115):      7.073      2.256 RR    IC  alwaysud|solver|Equal46~4|datac
    Info (332115):      7.378      0.305 RR  CELL  alwaysud|solver|Equal46~4|combout
    Info (332115):      9.089      1.711 RR    IC  alwaysud|solver|hs_spots[5][3][1]~2|datac
    Info (332115):      9.393      0.304 RR  CELL  alwaysud|solver|hs_spots[5][3][1]~2|combout
    Info (332115):     10.496      1.103 RR    IC  alwaysud|solver|hs_event[48]~505|datab
    Info (332115):     10.945      0.449 RF  CELL  alwaysud|solver|hs_event[48]~505|combout
    Info (332115):     11.185      0.240 FF    IC  alwaysud|solver|hs_event[48]~507|datac
    Info (332115):     11.488      0.303 FF  CELL  alwaysud|solver|hs_event[48]~507|combout
    Info (332115):     11.727      0.239 FF    IC  alwaysud|solver|hs_event[48]~508|datad
    Info (332115):     11.858      0.131 FF  CELL  alwaysud|solver|hs_event[48]~508|combout
    Info (332115):     12.091      0.233 FF    IC  alwaysud|solver|hs_event[48]~509|datad
    Info (332115):     12.222      0.131 FF  CELL  alwaysud|solver|hs_event[48]~509|combout
    Info (332115):     14.731      2.509 FF    IC  alwaysud|solver|WideOr26~0|datac
    Info (332115):     15.029      0.298 FF  CELL  alwaysud|solver|WideOr26~0|combout
    Info (332115):     15.286      0.257 FF    IC  alwaysud|solver|WideOr26~2|datac
    Info (332115):     15.584      0.298 FF  CELL  alwaysud|solver|WideOr26~2|combout
    Info (332115):     16.353      0.769 FF    IC  alwaysud|solver|ui[2]~2|datad
    Info (332115):     16.514      0.161 FR  CELL  alwaysud|solver|ui[2]~2|combout
    Info (332115):     17.266      0.752 RR    IC  alwaysud|solver|ui[4]~4|datad
    Info (332115):     17.432      0.166 RR  CELL  alwaysud|solver|ui[4]~4|combout
    Info (332115):     18.093      0.661 RR    IC  alwaysud|solver|ui[4]~5|datad
    Info (332115):     18.259      0.166 RR  CELL  alwaysud|solver|ui[4]~5|combout
    Info (332115):     18.957      0.698 RR    IC  alwaysud|solver|Add334~2|datac
    Info (332115):     19.262      0.305 RR  CELL  alwaysud|solver|Add334~2|combout
    Info (332115):     19.492      0.230 RR    IC  alwaysud|solver|Add334~3|datad
    Info (332115):     19.658      0.166 RR  CELL  alwaysud|solver|Add334~3|combout
    Info (332115):     19.880      0.222 RR    IC  alwaysud|solver|Add334~8|datad
    Info (332115):     20.046      0.166 RR  CELL  alwaysud|solver|Add334~8|combout
    Info (332115):     21.301      1.255 RR    IC  alwaysud|solver|Mux16~98|datad
    Info (332115):     21.446      0.145 RF  CELL  alwaysud|solver|Mux16~98|combout
    Info (332115):     21.680      0.234 FF    IC  alwaysud|solver|Mux16~99|datad
    Info (332115):     21.841      0.161 FR  CELL  alwaysud|solver|Mux16~99|combout
    Info (332115):     22.859      1.018 RR    IC  alwaysud|solver|Mux16~102|datad
    Info (332115):     23.025      0.166 RR  CELL  alwaysud|solver|Mux16~102|combout
    Info (332115):     23.236      0.211 RR    IC  alwaysud|solver|Mux16~103|datad
    Info (332115):     23.402      0.166 RR  CELL  alwaysud|solver|Mux16~103|combout
    Info (332115):     23.607      0.205 RR    IC  alwaysud|solver|Mux16~109|datad
    Info (332115):     23.773      0.166 RR  CELL  alwaysud|solver|Mux16~109|combout
    Info (332115):     24.535      0.762 RR    IC  alwaysud|solver|Mux16~264|datad
    Info (332115):     24.701      0.166 RR  CELL  alwaysud|solver|Mux16~264|combout
    Info (332115):     25.409      0.708 RR    IC  alwaysud|solver|Mux10~0|datad
    Info (332115):     25.575      0.166 RR  CELL  alwaysud|solver|Mux10~0|combout
    Info (332115):     25.778      0.203 RR    IC  alwaysud|solver|Mux10~1|datac
    Info (332115):     26.062      0.284 RF  CELL  alwaysud|solver|Mux10~1|combout
    Info (332115):     26.399      0.337 FF    IC  alwaysud|solver|dsel[1]~6|dataa
    Info (332115):     26.801      0.402 FR  CELL  alwaysud|solver|dsel[1]~6|combout
    Info (332115):     27.029      0.228 RR    IC  alwaysud|solver|dsel[1]~16|datad
    Info (332115):     27.195      0.166 RR  CELL  alwaysud|solver|dsel[1]~16|combout
    Info (332115):     27.415      0.220 RR    IC  alwaysud|solver|dsel[1]~19|datad
    Info (332115):     27.581      0.166 RR  CELL  alwaysud|solver|dsel[1]~19|combout
    Info (332115):     27.783      0.202 RR    IC  alwaysud|solver|dsel[1]~20|datad
    Info (332115):     27.949      0.166 RR  CELL  alwaysud|solver|dsel[1]~20|combout
    Info (332115):     29.704      1.755 RR    IC  alwaysud|solver|Mux64~2|datad
    Info (332115):     29.849      0.145 RF  CELL  alwaysud|solver|Mux64~2|combout
    Info (332115):     30.088      0.239 FF    IC  alwaysud|solver|Mux64~3|datad
    Info (332115):     30.249      0.161 FR  CELL  alwaysud|solver|Mux64~3|combout
    Info (332115):     31.785      1.536 RR    IC  alwaysud|solver|Mux100~24|datad
    Info (332115):     31.951      0.166 RR  CELL  alwaysud|solver|Mux100~24|combout
    Info (332115):     32.156      0.205 RR    IC  alwaysud|solver|Mux100~25|datad
    Info (332115):     32.322      0.166 RR  CELL  alwaysud|solver|Mux100~25|combout
    Info (332115):     32.545      0.223 RR    IC  alwaysud|solver|Mux100~27|datad
    Info (332115):     32.711      0.166 RR  CELL  alwaysud|solver|Mux100~27|combout
    Info (332115):     33.443      0.732 RR    IC  alwaysud|solver|Mux103~5|datac
    Info (332115):     33.748      0.305 RR  CELL  alwaysud|solver|Mux103~5|combout
    Info (332115):     33.953      0.205 RR    IC  alwaysud|solver|Mux103~6|datad
    Info (332115):     34.119      0.166 RR  CELL  alwaysud|solver|Mux103~6|combout
    Info (332115):     34.321      0.202 RR    IC  alwaysud|solver|Mux103~9|datad
    Info (332115):     34.487      0.166 RR  CELL  alwaysud|solver|Mux103~9|combout
    Info (332115):     34.903      0.416 RR    IC  alwaysud|solver|r~71|datac
    Info (332115):     35.183      0.280 RF  CELL  alwaysud|solver|r~71|combout
    Info (332115):     35.437      0.254 FF    IC  alwaysud|solver|r~76|datac
    Info (332115):     35.740      0.303 FF  CELL  alwaysud|solver|r~76|combout
    Info (332115):     36.221      0.481 FF    IC  alwaysud|solver|r~78|dataa
    Info (332115):     36.623      0.402 FF  CELL  alwaysud|solver|r~78|combout
    Info (332115):     37.467      0.844 FF    IC  alwaysud|solver|WideOr49~0|datab
    Info (332115):     37.863      0.396 FR  CELL  alwaysud|solver|WideOr49~0|combout
    Info (332115):     39.080      1.217 RR    IC  alwaysud|solver|Mux110~2|datad
    Info (332115):     39.246      0.166 RR  CELL  alwaysud|solver|Mux110~2|combout
    Info (332115):     39.448      0.202 RR    IC  alwaysud|solver|Mux110~4|datad
    Info (332115):     39.614      0.166 RR  CELL  alwaysud|solver|Mux110~4|combout
    Info (332115):     39.819      0.205 RR    IC  alwaysud|solver|Mux110~5|datad
    Info (332115):     39.985      0.166 RR  CELL  alwaysud|solver|Mux110~5|combout
    Info (332115):     40.187      0.202 RR    IC  alwaysud|solver|Mux110~8|datac
    Info (332115):     40.492      0.305 RR  CELL  alwaysud|solver|Mux110~8|combout
    Info (332115):     40.695      0.203 RR    IC  alwaysud|solver|pick_cell[4]~23|datad
    Info (332115):     40.861      0.166 RR  CELL  alwaysud|solver|pick_cell[4]~23|combout
    Info (332115):     41.571      0.710 RR    IC  alwaysud|solver|pick_cell[4]~28|datad
    Info (332115):     41.737      0.166 RR  CELL  alwaysud|solver|pick_cell[4]~28|combout
    Info (332115):     42.795      1.058 RR    IC  alwaysud|solver|Decoder8~82|datac
    Info (332115):     43.099      0.304 RR  CELL  alwaysud|solver|Decoder8~82|combout
    Info (332115):     44.164      1.065 RR    IC  alwaysud|solver|WideOr127~1|datad
    Info (332115):     44.330      0.166 RR  CELL  alwaysud|solver|WideOr127~1|combout
    Info (332115):     47.480      3.150 RR    IC  alwaysud|solver|used~760|datac
    Info (332115):     47.784      0.304 RR  CELL  alwaysud|solver|used~760|combout
    Info (332115):     47.989      0.205 RR    IC  alwaysud|solver|used[8][2]~182|datad
    Info (332115):     48.155      0.166 RR  CELL  alwaysud|solver|used[8][2]~182|combout
    Info (332115):     48.155      0.000 RR    IC  alwaysud|solver|used[8][2]|d
    Info (332115):     48.244      0.089 RR  CELL  alwaysud:alwaysud|alwaysud_solver:solver|used[8][2]
    Info (332115): Data Required Path:
    Info (332115): Total (ns)  Incr (ns)     Type  Element
    Info (332115): ==========  ========= ==  ====  ===================================
    Info (332115):      1.000      1.000           latch edge time
    Info (332115):      1.000      0.000           source latency
    Info (332115):      1.000      0.000           clk
    Info (332115):      1.000      0.000 RR    IC  clk~input|i
    Info (332115):      1.769      0.769 RR  CELL  clk~input|o
    Info (332115):      2.627      0.858 RR    IC  clk~inputclkctrl|inclk[0]
    Info (332115):      2.627      0.000 RR  CELL  clk~inputclkctrl|outclk
    Info (332115):      4.038      1.411 RR    IC  alwaysud|solver|used[8][2]|clk
    Info (332115):      4.513      0.475 RR  CELL  alwaysud:alwaysud|alwaysud_solver:solver|used[8][2]
    Info (332115):      4.550      0.037           clock pessimism removed
    Info (332115):      4.530     -0.020           clock uncertainty
    Info (332115):      4.543      0.013     uTsu  alwaysud:alwaysud|alwaysud_solver:solver|used[8][2]
    Info (332115): Data Arrival Time  :    48.244
    Info (332115): Data Required Time :     4.543
    Info (332115): Slack              :   -43.701 (VIOLATED)
    Info (332115): ===================================================================
Info (332115): Path #12: Setup slack is -43.700 (VIOLATED)
    Info (332115): ===================================================================
    Info (332115): From Node    : alwaysud:alwaysud|alwaysud_solver:solver|sol[46][3]
    Info (332115): To Node      : alwaysud:alwaysud|alwaysud_solver:solver|used[8][2]
    Info (332115): Launch Clock : clk
    Info (332115): Latch Clock  : clk
    Info (332115): Data Arrival Path:
    Info (332115): Total (ns)  Incr (ns)     Type  Element
    Info (332115): ==========  ========= ==  ====  ===================================
    Info (332115):      0.000      0.000           launch edge time
    Info (332115):      0.000      0.000           source latency
    Info (332115):      0.000      0.000           clk
    Info (332115):      0.000      0.000 RR    IC  clk~input|i
    Info (332115):      0.769      0.769 RR  CELL  clk~input|o
    Info (332115):      1.663      0.894 RR    IC  clk~inputclkctrl|inclk[0]
    Info (332115):      1.663      0.000 RR  CELL  clk~inputclkctrl|outclk
    Info (332115):      3.290      1.627 RR    IC  alwaysud|solver|sol[46][3]|clk
    Info (332115):      3.800      0.510 RR  CELL  alwaysud:alwaysud|alwaysud_solver:solver|sol[46][3]
    Info (332115):      4.007      0.207     uTco  alwaysud:alwaysud|alwaysud_solver:solver|sol[46][3]
    Info (332115):      4.007      0.000 FF  CELL  alwaysud|solver|sol[46][3]|q
    Info (332115):      4.392      0.385 FF    IC  alwaysud|solver|Equal46~3|datab
    Info (332115):      4.809      0.417 FR  CELL  alwaysud|solver|Equal46~3|combout
    Info (332115):      7.065      2.256 RR    IC  alwaysud|solver|Equal46~4|datac
    Info (332115):      7.370      0.305 RR  CELL  alwaysud|solver|Equal46~4|combout
    Info (332115):      9.804      2.434 RR    IC  alwaysud|solver|Add177~10|datab
    Info (332115):     10.328      0.524 RF  CELL  alwaysud|solver|Add177~10|cout
    Info (332115):     10.328      0.000 FF    IC  alwaysud|solver|Add177~12|cin
    Info (332115):     10.830      0.502 FF  CELL  alwaysud|solver|Add177~12|combout
    Info (332115):     11.111      0.281 FF    IC  alwaysud|solver|hs_event[92]~606|datab
    Info (332115):     11.556      0.445 FR  CELL  alwaysud|solver|hs_event[92]~606|combout
    Info (332115):     11.792      0.236 RR    IC  alwaysud|solver|hs_event[92]~610|datab
    Info (332115):     12.202      0.410 RR  CELL  alwaysud|solver|hs_event[92]~610|combout
    Info (332115):     12.441      0.239 RR    IC  alwaysud|solver|hs_event[92]~611|datab
    Info (332115):     12.864      0.423 RR  CELL  alwaysud|solver|hs_event[92]~611|combout
    Info (332115):     14.978      2.114 RR    IC  alwaysud|solver|WideOr31~0|dataa
    Info (332115):     15.400      0.422 RR  CELL  alwaysud|solver|WideOr31~0|combout
    Info (332115):     15.603      0.203 RR    IC  alwaysud|solver|WideOr31~2|datac
    Info (332115):     15.907      0.304 RR  CELL  alwaysud|solver|WideOr31~2|combout
    Info (332115):     16.693      0.786 RR    IC  alwaysud|solver|ui[4]~3|datad
    Info (332115):     16.838      0.145 RF  CELL  alwaysud|solver|ui[4]~3|combout
    Info (332115):     17.080      0.242 FF    IC  alwaysud|solver|ui[4]~4|datac
    Info (332115):     17.383      0.303 FF  CELL  alwaysud|solver|ui[4]~4|combout
    Info (332115):     18.041      0.658 FF    IC  alwaysud|solver|ui[4]~5|datad
    Info (332115):     18.172      0.131 FF  CELL  alwaysud|solver|ui[4]~5|combout
    Info (332115):     18.860      0.688 FF    IC  alwaysud|solver|Add334~2|datac
    Info (332115):     19.163      0.303 FF  CELL  alwaysud|solver|Add334~2|combout
    Info (332115):     19.431      0.268 FF    IC  alwaysud|solver|Add334~3|datad
    Info (332115):     19.562      0.131 FF  CELL  alwaysud|solver|Add334~3|combout
    Info (332115):     19.818      0.256 FF    IC  alwaysud|solver|Add334~8|datad
    Info (332115):     19.979      0.161 FR  CELL  alwaysud|solver|Add334~8|combout
    Info (332115):     21.233      1.254 RR    IC  alwaysud|solver|Mux16~100|datad
    Info (332115):     21.378      0.145 RF  CELL  alwaysud|solver|Mux16~100|combout
    Info (332115):     21.611      0.233 FF    IC  alwaysud|solver|Mux16~101|datad
    Info (332115):     21.772      0.161 FR  CELL  alwaysud|solver|Mux16~101|combout
    Info (332115):     22.719      0.947 RR    IC  alwaysud|solver|Mux16~102|datac
    Info (332115):     23.024      0.305 RR  CELL  alwaysud|solver|Mux16~102|combout
    Info (332115):     23.235      0.211 RR    IC  alwaysud|solver|Mux16~103|datad
    Info (332115):     23.401      0.166 RR  CELL  alwaysud|solver|Mux16~103|combout
    Info (332115):     23.606      0.205 RR    IC  alwaysud|solver|Mux16~109|datad
    Info (332115):     23.772      0.166 RR  CELL  alwaysud|solver|Mux16~109|combout
    Info (332115):     24.534      0.762 RR    IC  alwaysud|solver|Mux16~264|datad
    Info (332115):     24.700      0.166 RR  CELL  alwaysud|solver|Mux16~264|combout
    Info (332115):     25.408      0.708 RR    IC  alwaysud|solver|Mux10~0|datad
    Info (332115):     25.574      0.166 RR  CELL  alwaysud|solver|Mux10~0|combout
    Info (332115):     25.777      0.203 RR    IC  alwaysud|solver|Mux10~1|datac
    Info (332115):     26.061      0.284 RF  CELL  alwaysud|solver|Mux10~1|combout
    Info (332115):     26.398      0.337 FF    IC  alwaysud|solver|dsel[1]~6|dataa
    Info (332115):     26.800      0.402 FR  CELL  alwaysud|solver|dsel[1]~6|combout
    Info (332115):     27.028      0.228 RR    IC  alwaysud|solver|dsel[1]~16|datad
    Info (332115):     27.194      0.166 RR  CELL  alwaysud|solver|dsel[1]~16|combout
    Info (332115):     27.414      0.220 RR    IC  alwaysud|solver|dsel[1]~19|datad
    Info (332115):     27.580      0.166 RR  CELL  alwaysud|solver|dsel[1]~19|combout
    Info (332115):     27.782      0.202 RR    IC  alwaysud|solver|dsel[1]~20|datad
    Info (332115):     27.948      0.166 RR  CELL  alwaysud|solver|dsel[1]~20|combout
    Info (332115):     29.703      1.755 RR    IC  alwaysud|solver|Mux64~2|datad
    Info (332115):     29.848      0.145 RF  CELL  alwaysud|solver|Mux64~2|combout
    Info (332115):     30.087      0.239 FF    IC  alwaysud|solver|Mux64~3|datad
    Info (332115):     30.248      0.161 FR  CELL  alwaysud|solver|Mux64~3|combout
    Info (332115):     31.784      1.536 RR    IC  alwaysud|solver|Mux100~24|datad
    Info (332115):     31.950      0.166 RR  CELL  alwaysud|solver|Mux100~24|combout
    Info (332115):     32.155      0.205 RR    IC  alwaysud|solver|Mux100~25|datad
    Info (332115):     32.321      0.166 RR  CELL  alwaysud|solver|Mux100~25|combout
    Info (332115):     32.544      0.223 RR    IC  alwaysud|solver|Mux100~27|datad
    Info (332115):     32.710      0.166 RR  CELL  alwaysud|solver|Mux100~27|combout
    Info (332115):     33.442      0.732 RR    IC  alwaysud|solver|Mux103~5|datac
    Info (332115):     33.747      0.305 RR  CELL  alwaysud|solver|Mux103~5|combout
    Info (332115):     33.952      0.205 RR    IC  alwaysud|solver|Mux103~6|datad
    Info (332115):     34.118      0.166 RR  CELL  alwaysud|solver|Mux103~6|combout
    Info (332115):     34.320      0.202 RR    IC  alwaysud|solver|Mux103~9|datad
    Info (332115):     34.486      0.166 RR  CELL  alwaysud|solver|Mux103~9|combout
    Info (332115):     34.902      0.416 RR    IC  alwaysud|solver|r~71|datac
    Info (332115):     35.182      0.280 RF  CELL  alwaysud|solver|r~71|combout
    Info (332115):     35.436      0.254 FF    IC  alwaysud|solver|r~76|datac
    Info (332115):     35.739      0.303 FF  CELL  alwaysud|solver|r~76|combout
    Info (332115):     36.220      0.481 FF    IC  alwaysud|solver|r~78|dataa
    Info (332115):     36.622      0.402 FF  CELL  alwaysud|solver|r~78|combout
    Info (332115):     37.466      0.844 FF    IC  alwaysud|solver|WideOr49~0|datab
    Info (332115):     37.862      0.396 FR  CELL  alwaysud|solver|WideOr49~0|combout
    Info (332115):     39.079      1.217 RR    IC  alwaysud|solver|Mux110~2|datad
    Info (332115):     39.245      0.166 RR  CELL  alwaysud|solver|Mux110~2|combout
    Info (332115):     39.447      0.202 RR    IC  alwaysud|solver|Mux110~4|datad
    Info (332115):     39.613      0.166 RR  CELL  alwaysud|solver|Mux110~4|combout
    Info (332115):     39.818      0.205 RR    IC  alwaysud|solver|Mux110~5|datad
    Info (332115):     39.984      0.166 RR  CELL  alwaysud|solver|Mux110~5|combout
    Info (332115):     40.186      0.202 RR    IC  alwaysud|solver|Mux110~8|datac
    Info (332115):     40.491      0.305 RR  CELL  alwaysud|solver|Mux110~8|combout
    Info (332115):     40.694      0.203 RR    IC  alwaysud|solver|pick_cell[4]~23|datad
    Info (332115):     40.860      0.166 RR  CELL  alwaysud|solver|pick_cell[4]~23|combout
    Info (332115):     41.570      0.710 RR    IC  alwaysud|solver|pick_cell[4]~28|datad
    Info (332115):     41.736      0.166 RR  CELL  alwaysud|solver|pick_cell[4]~28|combout
    Info (332115):     42.794      1.058 RR    IC  alwaysud|solver|Decoder8~82|datac
    Info (332115):     43.098      0.304 RR  CELL  alwaysud|solver|Decoder8~82|combout
    Info (332115):     44.163      1.065 RR    IC  alwaysud|solver|WideOr127~1|datad
    Info (332115):     44.329      0.166 RR  CELL  alwaysud|solver|WideOr127~1|combout
    Info (332115):     47.479      3.150 RR    IC  alwaysud|solver|used~760|datac
    Info (332115):     47.783      0.304 RR  CELL  alwaysud|solver|used~760|combout
    Info (332115):     47.988      0.205 RR    IC  alwaysud|solver|used[8][2]~182|datad
    Info (332115):     48.154      0.166 RR  CELL  alwaysud|solver|used[8][2]~182|combout
    Info (332115):     48.154      0.000 RR    IC  alwaysud|solver|used[8][2]|d
    Info (332115):     48.243      0.089 RR  CELL  alwaysud:alwaysud|alwaysud_solver:solver|used[8][2]
    Info (332115): Data Required Path:
    Info (332115): Total (ns)  Incr (ns)     Type  Element
    Info (332115): ==========  ========= ==  ====  ===================================
    Info (332115):      1.000      1.000           latch edge time
    Info (332115):      1.000      0.000           source latency
    Info (332115):      1.000      0.000           clk
    Info (332115):      1.000      0.000 RR    IC  clk~input|i
    Info (332115):      1.769      0.769 RR  CELL  clk~input|o
    Info (332115):      2.627      0.858 RR    IC  clk~inputclkctrl|inclk[0]
    Info (332115):      2.627      0.000 RR  CELL  clk~inputclkctrl|outclk
    Info (332115):      4.038      1.411 RR    IC  alwaysud|solver|used[8][2]|clk
    Info (332115):      4.513      0.475 RR  CELL  alwaysud:alwaysud|alwaysud_solver:solver|used[8][2]
    Info (332115):      4.550      0.037           clock pessimism removed
    Info (332115):      4.530     -0.020           clock uncertainty
    Info (332115):      4.543      0.013     uTsu  alwaysud:alwaysud|alwaysud_solver:solver|used[8][2]
    Info (332115): Data Arrival Time  :    48.243
    Info (332115): Data Required Time :     4.543
    Info (332115): Slack              :   -43.700 (VIOLATED)
    Info (332115): ===================================================================
Info (332115): Path #13: Setup slack is -43.697 (VIOLATED)
    Info (332115): ===================================================================
    Info (332115): From Node    : alwaysud:alwaysud|alwaysud_solver:solver|sol[46][3]
    Info (332115): To Node      : alwaysud:alwaysud|alwaysud_solver:solver|used[8][2]
    Info (332115): Launch Clock : clk
    Info (332115): Latch Clock  : clk
    Info (332115): Data Arrival Path:
    Info (332115): Total (ns)  Incr (ns)     Type  Element
    Info (332115): ==========  ========= ==  ====  ===================================
    Info (332115):      0.000      0.000           launch edge time
    Info (332115):      0.000      0.000           source latency
    Info (332115):      0.000      0.000           clk
    Info (332115):      0.000      0.000 RR    IC  clk~input|i
    Info (332115):      0.769      0.769 RR  CELL  clk~input|o
    Info (332115):      1.663      0.894 RR    IC  clk~inputclkctrl|inclk[0]
    Info (332115):      1.663      0.000 RR  CELL  clk~inputclkctrl|outclk
    Info (332115):      3.290      1.627 RR    IC  alwaysud|solver|sol[46][3]|clk
    Info (332115):      3.800      0.510 RR  CELL  alwaysud:alwaysud|alwaysud_solver:solver|sol[46][3]
    Info (332115):      4.007      0.207     uTco  alwaysud:alwaysud|alwaysud_solver:solver|sol[46][3]
    Info (332115):      4.007      0.000 FF  CELL  alwaysud|solver|sol[46][3]|q
    Info (332115):      4.392      0.385 FF    IC  alwaysud|solver|Equal46~3|datab
    Info (332115):      4.809      0.417 FR  CELL  alwaysud|solver|Equal46~3|combout
    Info (332115):      7.065      2.256 RR    IC  alwaysud|solver|Equal46~4|datac
    Info (332115):      7.370      0.305 RR  CELL  alwaysud|solver|Equal46~4|combout
    Info (332115):      9.081      1.711 RR    IC  alwaysud|solver|hs_spots[5][3][1]~2|datac
    Info (332115):      9.385      0.304 RR  CELL  alwaysud|solver|hs_spots[5][3][1]~2|combout
    Info (332115):     10.488      1.103 RR    IC  alwaysud|solver|hs_event[48]~505|datab
    Info (332115):     10.937      0.449 RF  CELL  alwaysud|solver|hs_event[48]~505|combout
    Info (332115):     11.177      0.240 FF    IC  alwaysud|solver|hs_event[48]~507|datac
    Info (332115):     11.480      0.303 FF  CELL  alwaysud|solver|hs_event[48]~507|combout
    Info (332115):     11.719      0.239 FF    IC  alwaysud|solver|hs_event[48]~508|datad
    Info (332115):     11.850      0.131 FF  CELL  alwaysud|solver|hs_event[48]~508|combout
    Info (332115):     12.083      0.233 FF    IC  alwaysud|solver|hs_event[48]~509|datad
    Info (332115):     12.214      0.131 FF  CELL  alwaysud|solver|hs_event[48]~509|combout
    Info (332115):     14.723      2.509 FF    IC  alwaysud|solver|WideOr26~0|datac
    Info (332115):     15.021      0.298 FF  CELL  alwaysud|solver|WideOr26~0|combout
    Info (332115):     15.278      0.257 FF    IC  alwaysud|solver|WideOr26~2|datac
    Info (332115):     15.576      0.298 FF  CELL  alwaysud|solver|WideOr26~2|combout
    Info (332115):     16.345      0.769 FF    IC  alwaysud|solver|ui[2]~2|datad
    Info (332115):     16.506      0.161 FR  CELL  alwaysud|solver|ui[2]~2|combout
    Info (332115):     17.258      0.752 RR    IC  alwaysud|solver|ui[4]~4|datad
    Info (332115):     17.424      0.166 RR  CELL  alwaysud|solver|ui[4]~4|combout
    Info (332115):     18.085      0.661 RR    IC  alwaysud|solver|ui[4]~5|datad
    Info (332115):     18.251      0.166 RR  CELL  alwaysud|solver|ui[4]~5|combout
    Info (332115):     18.949      0.698 RR    IC  alwaysud|solver|Add334~2|datac
    Info (332115):     19.254      0.305 RR  CELL  alwaysud|solver|Add334~2|combout
    Info (332115):     19.484      0.230 RR    IC  alwaysud|solver|Add334~3|datad
    Info (332115):     19.650      0.166 RR  CELL  alwaysud|solver|Add334~3|combout
    Info (332115):     19.872      0.222 RR    IC  alwaysud|solver|Add334~8|datad
    Info (332115):     20.038      0.166 RR  CELL  alwaysud|solver|Add334~8|combout
    Info (332115):     21.292      1.254 RR    IC  alwaysud|solver|Mux16~100|datad
    Info (332115):     21.437      0.145 RF  CELL  alwaysud|solver|Mux16~100|combout
    Info (332115):     21.670      0.233 FF    IC  alwaysud|solver|Mux16~101|datad
    Info (332115):     21.831      0.161 FR  CELL  alwaysud|solver|Mux16~101|combout
    Info (332115):     22.778      0.947 RR    IC  alwaysud|solver|Mux16~102|datac
    Info (332115):     23.083      0.305 RR  CELL  alwaysud|solver|Mux16~102|combout
    Info (332115):     23.294      0.211 RR    IC  alwaysud|solver|Mux16~103|datad
    Info (332115):     23.460      0.166 RR  CELL  alwaysud|solver|Mux16~103|combout
    Info (332115):     23.665      0.205 RR    IC  alwaysud|solver|Mux16~109|datad
    Info (332115):     23.831      0.166 RR  CELL  alwaysud|solver|Mux16~109|combout
    Info (332115):     24.593      0.762 RR    IC  alwaysud|solver|Mux16~264|datad
    Info (332115):     24.759      0.166 RR  CELL  alwaysud|solver|Mux16~264|combout
    Info (332115):     25.467      0.708 RR    IC  alwaysud|solver|Mux10~0|datad
    Info (332115):     25.633      0.166 RR  CELL  alwaysud|solver|Mux10~0|combout
    Info (332115):     25.836      0.203 RR    IC  alwaysud|solver|Mux10~1|datac
    Info (332115):     26.120      0.284 RF  CELL  alwaysud|solver|Mux10~1|combout
    Info (332115):     26.457      0.337 FF    IC  alwaysud|solver|dsel[1]~6|dataa
    Info (332115):     26.859      0.402 FR  CELL  alwaysud|solver|dsel[1]~6|combout
    Info (332115):     27.087      0.228 RR    IC  alwaysud|solver|dsel[1]~16|datad
    Info (332115):     27.253      0.166 RR  CELL  alwaysud|solver|dsel[1]~16|combout
    Info (332115):     27.473      0.220 RR    IC  alwaysud|solver|dsel[1]~19|datad
    Info (332115):     27.639      0.166 RR  CELL  alwaysud|solver|dsel[1]~19|combout
    Info (332115):     27.841      0.202 RR    IC  alwaysud|solver|dsel[1]~20|datad
    Info (332115):     28.007      0.166 RR  CELL  alwaysud|solver|dsel[1]~20|combout
    Info (332115):     29.762      1.755 RR    IC  alwaysud|solver|Mux64~2|datad
    Info (332115):     29.907      0.145 RF  CELL  alwaysud|solver|Mux64~2|combout
    Info (332115):     30.146      0.239 FF    IC  alwaysud|solver|Mux64~3|datad
    Info (332115):     30.307      0.161 FR  CELL  alwaysud|solver|Mux64~3|combout
    Info (332115):     31.843      1.536 RR    IC  alwaysud|solver|Mux100~24|datad
    Info (332115):     32.009      0.166 RR  CELL  alwaysud|solver|Mux100~24|combout
    Info (332115):     32.214      0.205 RR    IC  alwaysud|solver|Mux100~25|datad
    Info (332115):     32.380      0.166 RR  CELL  alwaysud|solver|Mux100~25|combout
    Info (332115):     32.603      0.223 RR    IC  alwaysud|solver|Mux100~27|datad
    Info (332115):     32.769      0.166 RR  CELL  alwaysud|solver|Mux100~27|combout
    Info (332115):     33.501      0.732 RR    IC  alwaysud|solver|Mux103~5|datac
    Info (332115):     33.806      0.305 RR  CELL  alwaysud|solver|Mux103~5|combout
    Info (332115):     34.011      0.205 RR    IC  alwaysud|solver|Mux103~6|datad
    Info (332115):     34.177      0.166 RR  CELL  alwaysud|solver|Mux103~6|combout
    Info (332115):     34.379      0.202 RR    IC  alwaysud|solver|Mux103~9|datad
    Info (332115):     34.545      0.166 RR  CELL  alwaysud|solver|Mux103~9|combout
    Info (332115):     34.961      0.416 RR    IC  alwaysud|solver|r~71|datac
    Info (332115):     35.241      0.280 RF  CELL  alwaysud|solver|r~71|combout
    Info (332115):     35.495      0.254 FF    IC  alwaysud|solver|r~76|datac
    Info (332115):     35.798      0.303 FF  CELL  alwaysud|solver|r~76|combout
    Info (332115):     36.279      0.481 FF    IC  alwaysud|solver|r~78|dataa
    Info (332115):     36.681      0.402 FF  CELL  alwaysud|solver|r~78|combout
    Info (332115):     37.495      0.814 FF    IC  alwaysud|solver|Decoder0~0|datac
    Info (332115):     37.776      0.281 FR  CELL  alwaysud|solver|Decoder0~0|combout
    Info (332115):     38.767      0.991 RR    IC  alwaysud|solver|Mux109~12|datac
    Info (332115):     39.071      0.304 RR  CELL  alwaysud|solver|Mux109~12|combout
    Info (332115):     39.274      0.203 RR    IC  alwaysud|solver|Mux109~13|datad
    Info (332115):     39.440      0.166 RR  CELL  alwaysud|solver|Mux109~13|combout
    Info (332115):     40.184      0.744 RR    IC  alwaysud|solver|Mux110~13|datad
    Info (332115):     40.350      0.166 RR  CELL  alwaysud|solver|Mux110~13|combout
    Info (332115):     40.553      0.203 RR    IC  alwaysud|solver|pick_cell[4]~23|datac
    Info (332115):     40.857      0.304 RR  CELL  alwaysud|solver|pick_cell[4]~23|combout
    Info (332115):     41.567      0.710 RR    IC  alwaysud|solver|pick_cell[4]~28|datad
    Info (332115):     41.733      0.166 RR  CELL  alwaysud|solver|pick_cell[4]~28|combout
    Info (332115):     42.791      1.058 RR    IC  alwaysud|solver|Decoder8~82|datac
    Info (332115):     43.095      0.304 RR  CELL  alwaysud|solver|Decoder8~82|combout
    Info (332115):     44.160      1.065 RR    IC  alwaysud|solver|WideOr127~1|datad
    Info (332115):     44.326      0.166 RR  CELL  alwaysud|solver|WideOr127~1|combout
    Info (332115):     47.476      3.150 RR    IC  alwaysud|solver|used~760|datac
    Info (332115):     47.780      0.304 RR  CELL  alwaysud|solver|used~760|combout
    Info (332115):     47.985      0.205 RR    IC  alwaysud|solver|used[8][2]~182|datad
    Info (332115):     48.151      0.166 RR  CELL  alwaysud|solver|used[8][2]~182|combout
    Info (332115):     48.151      0.000 RR    IC  alwaysud|solver|used[8][2]|d
    Info (332115):     48.240      0.089 RR  CELL  alwaysud:alwaysud|alwaysud_solver:solver|used[8][2]
    Info (332115): Data Required Path:
    Info (332115): Total (ns)  Incr (ns)     Type  Element
    Info (332115): ==========  ========= ==  ====  ===================================
    Info (332115):      1.000      1.000           latch edge time
    Info (332115):      1.000      0.000           source latency
    Info (332115):      1.000      0.000           clk
    Info (332115):      1.000      0.000 RR    IC  clk~input|i
    Info (332115):      1.769      0.769 RR  CELL  clk~input|o
    Info (332115):      2.627      0.858 RR    IC  clk~inputclkctrl|inclk[0]
    Info (332115):      2.627      0.000 RR  CELL  clk~inputclkctrl|outclk
    Info (332115):      4.038      1.411 RR    IC  alwaysud|solver|used[8][2]|clk
    Info (332115):      4.513      0.475 RR  CELL  alwaysud:alwaysud|alwaysud_solver:solver|used[8][2]
    Info (332115):      4.550      0.037           clock pessimism removed
    Info (332115):      4.530     -0.020           clock uncertainty
    Info (332115):      4.543      0.013     uTsu  alwaysud:alwaysud|alwaysud_solver:solver|used[8][2]
    Info (332115): Data Arrival Time  :    48.240
    Info (332115): Data Required Time :     4.543
    Info (332115): Slack              :   -43.697 (VIOLATED)
    Info (332115): ===================================================================
Info (332115): Path #14: Setup slack is -43.693 (VIOLATED)
    Info (332115): ===================================================================
    Info (332115): From Node    : alwaysud:alwaysud|alwaysud_solver:solver|sol[46][3]
    Info (332115): To Node      : alwaysud:alwaysud|alwaysud_solver:solver|used[8][2]
    Info (332115): Launch Clock : clk
    Info (332115): Latch Clock  : clk
    Info (332115): Data Arrival Path:
    Info (332115): Total (ns)  Incr (ns)     Type  Element
    Info (332115): ==========  ========= ==  ====  ===================================
    Info (332115):      0.000      0.000           launch edge time
    Info (332115):      0.000      0.000           source latency
    Info (332115):      0.000      0.000           clk
    Info (332115):      0.000      0.000 RR    IC  clk~input|i
    Info (332115):      0.769      0.769 RR  CELL  clk~input|o
    Info (332115):      1.663      0.894 RR    IC  clk~inputclkctrl|inclk[0]
    Info (332115):      1.663      0.000 RR  CELL  clk~inputclkctrl|outclk
    Info (332115):      3.290      1.627 RR    IC  alwaysud|solver|sol[46][3]|clk
    Info (332115):      3.800      0.510 RR  CELL  alwaysud:alwaysud|alwaysud_solver:solver|sol[46][3]
    Info (332115):      4.007      0.207     uTco  alwaysud:alwaysud|alwaysud_solver:solver|sol[46][3]
    Info (332115):      4.007      0.000 RR  CELL  alwaysud|solver|sol[46][3]|q
    Info (332115):      4.305      0.298 RR    IC  alwaysud|solver|Equal46~3|datab
    Info (332115):      4.747      0.442 RF  CELL  alwaysud|solver|Equal46~3|combout
    Info (332115):      7.008      2.261 FF    IC  alwaysud|solver|Equal46~4|datac
    Info (332115):      7.311      0.303 FF  CELL  alwaysud|solver|Equal46~4|combout
    Info (332115):      9.361      2.050 FF    IC  alwaysud|solver|Add133~2|dataa
    Info (332115):      9.743      0.382 FR  CELL  alwaysud|solver|Add133~2|cout
    Info (332115):      9.743      0.000 RR    IC  alwaysud|solver|Add133~4|cin
    Info (332115):      9.802      0.059 RF  CELL  alwaysud|solver|Add133~4|cout
    Info (332115):      9.802      0.000 FF    IC  alwaysud|solver|Add133~6|cin
    Info (332115):      9.861      0.059 FR  CELL  alwaysud|solver|Add133~6|cout
    Info (332115):      9.861      0.000 RR    IC  alwaysud|solver|Add133~8|cin
    Info (332115):      9.920      0.059 RF  CELL  alwaysud|solver|Add133~8|cout
    Info (332115):      9.920      0.000 FF    IC  alwaysud|solver|Add133~10|cin
    Info (332115):      9.979      0.059 FR  CELL  alwaysud|solver|Add133~10|cout
    Info (332115):      9.979      0.000 RR    IC  alwaysud|solver|Add133~12|cin
    Info (332115):     10.616      0.637 RR  CELL  alwaysud|solver|Add133~12|combout
    Info (332115):     10.854      0.238 RR    IC  alwaysud|solver|hs_event[48]~504|datab
    Info (332115):     11.303      0.449 RF  CELL  alwaysud|solver|hs_event[48]~504|combout
    Info (332115):     11.543      0.240 FF    IC  alwaysud|solver|hs_event[48]~508|datac
    Info (332115):     11.846      0.303 FF  CELL  alwaysud|solver|hs_event[48]~508|combout
    Info (332115):     12.079      0.233 FF    IC  alwaysud|solver|hs_event[48]~509|datad
    Info (332115):     12.210      0.131 FF  CELL  alwaysud|solver|hs_event[48]~509|combout
    Info (332115):     14.719      2.509 FF    IC  alwaysud|solver|WideOr26~0|datac
    Info (332115):     15.017      0.298 FF  CELL  alwaysud|solver|WideOr26~0|combout
    Info (332115):     15.274      0.257 FF    IC  alwaysud|solver|WideOr26~2|datac
    Info (332115):     15.572      0.298 FF  CELL  alwaysud|solver|WideOr26~2|combout
    Info (332115):     16.341      0.769 FF    IC  alwaysud|solver|ui[2]~2|datad
    Info (332115):     16.502      0.161 FR  CELL  alwaysud|solver|ui[2]~2|combout
    Info (332115):     17.254      0.752 RR    IC  alwaysud|solver|ui[4]~4|datad
    Info (332115):     17.420      0.166 RR  CELL  alwaysud|solver|ui[4]~4|combout
    Info (332115):     18.081      0.661 RR    IC  alwaysud|solver|ui[4]~5|datad
    Info (332115):     18.247      0.166 RR  CELL  alwaysud|solver|ui[4]~5|combout
    Info (332115):     18.945      0.698 RR    IC  alwaysud|solver|Add334~2|datac
    Info (332115):     19.250      0.305 RR  CELL  alwaysud|solver|Add334~2|combout
    Info (332115):     19.480      0.230 RR    IC  alwaysud|solver|Add334~3|datad
    Info (332115):     19.646      0.166 RR  CELL  alwaysud|solver|Add334~3|combout
    Info (332115):     19.868      0.222 RR    IC  alwaysud|solver|Add334~8|datad
    Info (332115):     20.034      0.166 RR  CELL  alwaysud|solver|Add334~8|combout
    Info (332115):     21.288      1.254 RR    IC  alwaysud|solver|Mux16~100|datad
    Info (332115):     21.433      0.145 RF  CELL  alwaysud|solver|Mux16~100|combout
    Info (332115):     21.666      0.233 FF    IC  alwaysud|solver|Mux16~101|datad
    Info (332115):     21.827      0.161 FR  CELL  alwaysud|solver|Mux16~101|combout
    Info (332115):     22.774      0.947 RR    IC  alwaysud|solver|Mux16~102|datac
    Info (332115):     23.079      0.305 RR  CELL  alwaysud|solver|Mux16~102|combout
    Info (332115):     23.290      0.211 RR    IC  alwaysud|solver|Mux16~103|datad
    Info (332115):     23.456      0.166 RR  CELL  alwaysud|solver|Mux16~103|combout
    Info (332115):     23.661      0.205 RR    IC  alwaysud|solver|Mux16~109|datad
    Info (332115):     23.827      0.166 RR  CELL  alwaysud|solver|Mux16~109|combout
    Info (332115):     24.589      0.762 RR    IC  alwaysud|solver|Mux16~264|datad
    Info (332115):     24.755      0.166 RR  CELL  alwaysud|solver|Mux16~264|combout
    Info (332115):     25.463      0.708 RR    IC  alwaysud|solver|Mux10~0|datad
    Info (332115):     25.629      0.166 RR  CELL  alwaysud|solver|Mux10~0|combout
    Info (332115):     25.832      0.203 RR    IC  alwaysud|solver|Mux10~1|datac
    Info (332115):     26.116      0.284 RF  CELL  alwaysud|solver|Mux10~1|combout
    Info (332115):     26.453      0.337 FF    IC  alwaysud|solver|dsel[1]~6|dataa
    Info (332115):     26.855      0.402 FR  CELL  alwaysud|solver|dsel[1]~6|combout
    Info (332115):     27.083      0.228 RR    IC  alwaysud|solver|dsel[1]~16|datad
    Info (332115):     27.249      0.166 RR  CELL  alwaysud|solver|dsel[1]~16|combout
    Info (332115):     27.469      0.220 RR    IC  alwaysud|solver|dsel[1]~19|datad
    Info (332115):     27.635      0.166 RR  CELL  alwaysud|solver|dsel[1]~19|combout
    Info (332115):     27.837      0.202 RR    IC  alwaysud|solver|dsel[1]~20|datad
    Info (332115):     28.003      0.166 RR  CELL  alwaysud|solver|dsel[1]~20|combout
    Info (332115):     29.758      1.755 RR    IC  alwaysud|solver|Mux64~2|datad
    Info (332115):     29.903      0.145 RF  CELL  alwaysud|solver|Mux64~2|combout
    Info (332115):     30.142      0.239 FF    IC  alwaysud|solver|Mux64~3|datad
    Info (332115):     30.303      0.161 FR  CELL  alwaysud|solver|Mux64~3|combout
    Info (332115):     31.839      1.536 RR    IC  alwaysud|solver|Mux100~24|datad
    Info (332115):     32.005      0.166 RR  CELL  alwaysud|solver|Mux100~24|combout
    Info (332115):     32.210      0.205 RR    IC  alwaysud|solver|Mux100~25|datad
    Info (332115):     32.376      0.166 RR  CELL  alwaysud|solver|Mux100~25|combout
    Info (332115):     32.599      0.223 RR    IC  alwaysud|solver|Mux100~27|datad
    Info (332115):     32.765      0.166 RR  CELL  alwaysud|solver|Mux100~27|combout
    Info (332115):     33.497      0.732 RR    IC  alwaysud|solver|Mux103~5|datac
    Info (332115):     33.802      0.305 RR  CELL  alwaysud|solver|Mux103~5|combout
    Info (332115):     34.007      0.205 RR    IC  alwaysud|solver|Mux103~6|datad
    Info (332115):     34.173      0.166 RR  CELL  alwaysud|solver|Mux103~6|combout
    Info (332115):     34.375      0.202 RR    IC  alwaysud|solver|Mux103~9|datad
    Info (332115):     34.541      0.166 RR  CELL  alwaysud|solver|Mux103~9|combout
    Info (332115):     34.957      0.416 RR    IC  alwaysud|solver|r~71|datac
    Info (332115):     35.237      0.280 RF  CELL  alwaysud|solver|r~71|combout
    Info (332115):     35.491      0.254 FF    IC  alwaysud|solver|r~76|datac
    Info (332115):     35.794      0.303 FF  CELL  alwaysud|solver|r~76|combout
    Info (332115):     36.275      0.481 FF    IC  alwaysud|solver|r~78|dataa
    Info (332115):     36.677      0.402 FF  CELL  alwaysud|solver|r~78|combout
    Info (332115):     37.491      0.814 FF    IC  alwaysud|solver|Decoder0~0|datac
    Info (332115):     37.772      0.281 FR  CELL  alwaysud|solver|Decoder0~0|combout
    Info (332115):     38.763      0.991 RR    IC  alwaysud|solver|Mux109~12|datac
    Info (332115):     39.067      0.304 RR  CELL  alwaysud|solver|Mux109~12|combout
    Info (332115):     39.270      0.203 RR    IC  alwaysud|solver|Mux109~13|datad
    Info (332115):     39.436      0.166 RR  CELL  alwaysud|solver|Mux109~13|combout
    Info (332115):     40.180      0.744 RR    IC  alwaysud|solver|Mux110~13|datad
    Info (332115):     40.346      0.166 RR  CELL  alwaysud|solver|Mux110~13|combout
    Info (332115):     40.549      0.203 RR    IC  alwaysud|solver|pick_cell[4]~23|datac
    Info (332115):     40.853      0.304 RR  CELL  alwaysud|solver|pick_cell[4]~23|combout
    Info (332115):     41.563      0.710 RR    IC  alwaysud|solver|pick_cell[4]~28|datad
    Info (332115):     41.729      0.166 RR  CELL  alwaysud|solver|pick_cell[4]~28|combout
    Info (332115):     42.787      1.058 RR    IC  alwaysud|solver|Decoder8~82|datac
    Info (332115):     43.091      0.304 RR  CELL  alwaysud|solver|Decoder8~82|combout
    Info (332115):     44.156      1.065 RR    IC  alwaysud|solver|WideOr127~1|datad
    Info (332115):     44.322      0.166 RR  CELL  alwaysud|solver|WideOr127~1|combout
    Info (332115):     47.472      3.150 RR    IC  alwaysud|solver|used~760|datac
    Info (332115):     47.776      0.304 RR  CELL  alwaysud|solver|used~760|combout
    Info (332115):     47.981      0.205 RR    IC  alwaysud|solver|used[8][2]~182|datad
    Info (332115):     48.147      0.166 RR  CELL  alwaysud|solver|used[8][2]~182|combout
    Info (332115):     48.147      0.000 RR    IC  alwaysud|solver|used[8][2]|d
    Info (332115):     48.236      0.089 RR  CELL  alwaysud:alwaysud|alwaysud_solver:solver|used[8][2]
    Info (332115): Data Required Path:
    Info (332115): Total (ns)  Incr (ns)     Type  Element
    Info (332115): ==========  ========= ==  ====  ===================================
    Info (332115):      1.000      1.000           latch edge time
    Info (332115):      1.000      0.000           source latency
    Info (332115):      1.000      0.000           clk
    Info (332115):      1.000      0.000 RR    IC  clk~input|i
    Info (332115):      1.769      0.769 RR  CELL  clk~input|o
    Info (332115):      2.627      0.858 RR    IC  clk~inputclkctrl|inclk[0]
    Info (332115):      2.627      0.000 RR  CELL  clk~inputclkctrl|outclk
    Info (332115):      4.038      1.411 RR    IC  alwaysud|solver|used[8][2]|clk
    Info (332115):      4.513      0.475 RR  CELL  alwaysud:alwaysud|alwaysud_solver:solver|used[8][2]
    Info (332115):      4.550      0.037           clock pessimism removed
    Info (332115):      4.530     -0.020           clock uncertainty
    Info (332115):      4.543      0.013     uTsu  alwaysud:alwaysud|alwaysud_solver:solver|used[8][2]
    Info (332115): Data Arrival Time  :    48.236
    Info (332115): Data Required Time :     4.543
    Info (332115): Slack              :   -43.693 (VIOLATED)
    Info (332115): ===================================================================
Info (332115): Path #15: Setup slack is -43.693 (VIOLATED)
    Info (332115): ===================================================================
    Info (332115): From Node    : alwaysud:alwaysud|alwaysud_solver:solver|sol[46][3]
    Info (332115): To Node      : alwaysud:alwaysud|alwaysud_solver:solver|used[8][2]
    Info (332115): Launch Clock : clk
    Info (332115): Latch Clock  : clk
    Info (332115): Data Arrival Path:
    Info (332115): Total (ns)  Incr (ns)     Type  Element
    Info (332115): ==========  ========= ==  ====  ===================================
    Info (332115):      0.000      0.000           launch edge time
    Info (332115):      0.000      0.000           source latency
    Info (332115):      0.000      0.000           clk
    Info (332115):      0.000      0.000 RR    IC  clk~input|i
    Info (332115):      0.769      0.769 RR  CELL  clk~input|o
    Info (332115):      1.663      0.894 RR    IC  clk~inputclkctrl|inclk[0]
    Info (332115):      1.663      0.000 RR  CELL  clk~inputclkctrl|outclk
    Info (332115):      3.290      1.627 RR    IC  alwaysud|solver|sol[46][3]|clk
    Info (332115):      3.800      0.510 RR  CELL  alwaysud:alwaysud|alwaysud_solver:solver|sol[46][3]
    Info (332115):      4.007      0.207     uTco  alwaysud:alwaysud|alwaysud_solver:solver|sol[46][3]
    Info (332115):      4.007      0.000 FF  CELL  alwaysud|solver|sol[46][3]|q
    Info (332115):      4.392      0.385 FF    IC  alwaysud|solver|Equal46~3|datab
    Info (332115):      4.809      0.417 FR  CELL  alwaysud|solver|Equal46~3|combout
    Info (332115):      7.065      2.256 RR    IC  alwaysud|solver|Equal46~4|datac
    Info (332115):      7.370      0.305 RR  CELL  alwaysud|solver|Equal46~4|combout
    Info (332115):      9.081      1.711 RR    IC  alwaysud|solver|hs_spots[5][3][1]~2|datac
    Info (332115):      9.385      0.304 RR  CELL  alwaysud|solver|hs_spots[5][3][1]~2|combout
    Info (332115):     10.488      1.103 RR    IC  alwaysud|solver|hs_event[48]~505|datab
    Info (332115):     10.937      0.449 RF  CELL  alwaysud|solver|hs_event[48]~505|combout
    Info (332115):     11.177      0.240 FF    IC  alwaysud|solver|hs_event[48]~507|datac
    Info (332115):     11.480      0.303 FF  CELL  alwaysud|solver|hs_event[48]~507|combout
    Info (332115):     11.719      0.239 FF    IC  alwaysud|solver|hs_event[48]~508|datad
    Info (332115):     11.850      0.131 FF  CELL  alwaysud|solver|hs_event[48]~508|combout
    Info (332115):     12.083      0.233 FF    IC  alwaysud|solver|hs_event[48]~509|datad
    Info (332115):     12.214      0.131 FF  CELL  alwaysud|solver|hs_event[48]~509|combout
    Info (332115):     14.723      2.509 FF    IC  alwaysud|solver|WideOr26~0|datac
    Info (332115):     15.021      0.298 FF  CELL  alwaysud|solver|WideOr26~0|combout
    Info (332115):     15.278      0.257 FF    IC  alwaysud|solver|WideOr26~2|datac
    Info (332115):     15.576      0.298 FF  CELL  alwaysud|solver|WideOr26~2|combout
    Info (332115):     16.345      0.769 FF    IC  alwaysud|solver|ui[2]~2|datad
    Info (332115):     16.506      0.161 FR  CELL  alwaysud|solver|ui[2]~2|combout
    Info (332115):     17.258      0.752 RR    IC  alwaysud|solver|ui[4]~4|datad
    Info (332115):     17.424      0.166 RR  CELL  alwaysud|solver|ui[4]~4|combout
    Info (332115):     18.085      0.661 RR    IC  alwaysud|solver|ui[4]~5|datad
    Info (332115):     18.251      0.166 RR  CELL  alwaysud|solver|ui[4]~5|combout
    Info (332115):     18.949      0.698 RR    IC  alwaysud|solver|Add334~2|datac
    Info (332115):     19.254      0.305 RR  CELL  alwaysud|solver|Add334~2|combout
    Info (332115):     19.484      0.230 RR    IC  alwaysud|solver|Add334~3|datad
    Info (332115):     19.650      0.166 RR  CELL  alwaysud|solver|Add334~3|combout
    Info (332115):     19.872      0.222 RR    IC  alwaysud|solver|Add334~8|datad
    Info (332115):     20.038      0.166 RR  CELL  alwaysud|solver|Add334~8|combout
    Info (332115):     21.293      1.255 RR    IC  alwaysud|solver|Mux16~98|datad
    Info (332115):     21.438      0.145 RF  CELL  alwaysud|solver|Mux16~98|combout
    Info (332115):     21.672      0.234 FF    IC  alwaysud|solver|Mux16~99|datad
    Info (332115):     21.833      0.161 FR  CELL  alwaysud|solver|Mux16~99|combout
    Info (332115):     22.851      1.018 RR    IC  alwaysud|solver|Mux16~102|datad
    Info (332115):     23.017      0.166 RR  CELL  alwaysud|solver|Mux16~102|combout
    Info (332115):     23.228      0.211 RR    IC  alwaysud|solver|Mux16~103|datad
    Info (332115):     23.394      0.166 RR  CELL  alwaysud|solver|Mux16~103|combout
    Info (332115):     23.599      0.205 RR    IC  alwaysud|solver|Mux16~109|datad
    Info (332115):     23.765      0.166 RR  CELL  alwaysud|solver|Mux16~109|combout
    Info (332115):     24.527      0.762 RR    IC  alwaysud|solver|Mux16~264|datad
    Info (332115):     24.693      0.166 RR  CELL  alwaysud|solver|Mux16~264|combout
    Info (332115):     25.401      0.708 RR    IC  alwaysud|solver|Mux10~0|datad
    Info (332115):     25.567      0.166 RR  CELL  alwaysud|solver|Mux10~0|combout
    Info (332115):     25.770      0.203 RR    IC  alwaysud|solver|Mux10~1|datac
    Info (332115):     26.054      0.284 RF  CELL  alwaysud|solver|Mux10~1|combout
    Info (332115):     26.391      0.337 FF    IC  alwaysud|solver|dsel[1]~6|dataa
    Info (332115):     26.793      0.402 FR  CELL  alwaysud|solver|dsel[1]~6|combout
    Info (332115):     27.021      0.228 RR    IC  alwaysud|solver|dsel[1]~16|datad
    Info (332115):     27.187      0.166 RR  CELL  alwaysud|solver|dsel[1]~16|combout
    Info (332115):     27.407      0.220 RR    IC  alwaysud|solver|dsel[1]~19|datad
    Info (332115):     27.573      0.166 RR  CELL  alwaysud|solver|dsel[1]~19|combout
    Info (332115):     27.775      0.202 RR    IC  alwaysud|solver|dsel[1]~20|datad
    Info (332115):     27.941      0.166 RR  CELL  alwaysud|solver|dsel[1]~20|combout
    Info (332115):     29.696      1.755 RR    IC  alwaysud|solver|Mux64~2|datad
    Info (332115):     29.841      0.145 RF  CELL  alwaysud|solver|Mux64~2|combout
    Info (332115):     30.080      0.239 FF    IC  alwaysud|solver|Mux64~3|datad
    Info (332115):     30.241      0.161 FR  CELL  alwaysud|solver|Mux64~3|combout
    Info (332115):     31.777      1.536 RR    IC  alwaysud|solver|Mux100~24|datad
    Info (332115):     31.943      0.166 RR  CELL  alwaysud|solver|Mux100~24|combout
    Info (332115):     32.148      0.205 RR    IC  alwaysud|solver|Mux100~25|datad
    Info (332115):     32.314      0.166 RR  CELL  alwaysud|solver|Mux100~25|combout
    Info (332115):     32.537      0.223 RR    IC  alwaysud|solver|Mux100~27|datad
    Info (332115):     32.703      0.166 RR  CELL  alwaysud|solver|Mux100~27|combout
    Info (332115):     33.435      0.732 RR    IC  alwaysud|solver|Mux103~5|datac
    Info (332115):     33.740      0.305 RR  CELL  alwaysud|solver|Mux103~5|combout
    Info (332115):     33.945      0.205 RR    IC  alwaysud|solver|Mux103~6|datad
    Info (332115):     34.111      0.166 RR  CELL  alwaysud|solver|Mux103~6|combout
    Info (332115):     34.313      0.202 RR    IC  alwaysud|solver|Mux103~9|datad
    Info (332115):     34.479      0.166 RR  CELL  alwaysud|solver|Mux103~9|combout
    Info (332115):     34.895      0.416 RR    IC  alwaysud|solver|r~71|datac
    Info (332115):     35.175      0.280 RF  CELL  alwaysud|solver|r~71|combout
    Info (332115):     35.429      0.254 FF    IC  alwaysud|solver|r~76|datac
    Info (332115):     35.732      0.303 FF  CELL  alwaysud|solver|r~76|combout
    Info (332115):     36.213      0.481 FF    IC  alwaysud|solver|r~78|dataa
    Info (332115):     36.615      0.402 FF  CELL  alwaysud|solver|r~78|combout
    Info (332115):     37.459      0.844 FF    IC  alwaysud|solver|WideOr49~0|datab
    Info (332115):     37.855      0.396 FR  CELL  alwaysud|solver|WideOr49~0|combout
    Info (332115):     39.072      1.217 RR    IC  alwaysud|solver|Mux110~2|datad
    Info (332115):     39.238      0.166 RR  CELL  alwaysud|solver|Mux110~2|combout
    Info (332115):     39.440      0.202 RR    IC  alwaysud|solver|Mux110~4|datad
    Info (332115):     39.606      0.166 RR  CELL  alwaysud|solver|Mux110~4|combout
    Info (332115):     39.811      0.205 RR    IC  alwaysud|solver|Mux110~5|datad
    Info (332115):     39.977      0.166 RR  CELL  alwaysud|solver|Mux110~5|combout
    Info (332115):     40.179      0.202 RR    IC  alwaysud|solver|Mux110~8|datac
    Info (332115):     40.484      0.305 RR  CELL  alwaysud|solver|Mux110~8|combout
    Info (332115):     40.687      0.203 RR    IC  alwaysud|solver|pick_cell[4]~23|datad
    Info (332115):     40.853      0.166 RR  CELL  alwaysud|solver|pick_cell[4]~23|combout
    Info (332115):     41.563      0.710 RR    IC  alwaysud|solver|pick_cell[4]~28|datad
    Info (332115):     41.729      0.166 RR  CELL  alwaysud|solver|pick_cell[4]~28|combout
    Info (332115):     42.787      1.058 RR    IC  alwaysud|solver|Decoder8~82|datac
    Info (332115):     43.091      0.304 RR  CELL  alwaysud|solver|Decoder8~82|combout
    Info (332115):     44.156      1.065 RR    IC  alwaysud|solver|WideOr127~1|datad
    Info (332115):     44.322      0.166 RR  CELL  alwaysud|solver|WideOr127~1|combout
    Info (332115):     47.472      3.150 RR    IC  alwaysud|solver|used~760|datac
    Info (332115):     47.776      0.304 RR  CELL  alwaysud|solver|used~760|combout
    Info (332115):     47.981      0.205 RR    IC  alwaysud|solver|used[8][2]~182|datad
    Info (332115):     48.147      0.166 RR  CELL  alwaysud|solver|used[8][2]~182|combout
    Info (332115):     48.147      0.000 RR    IC  alwaysud|solver|used[8][2]|d
    Info (332115):     48.236      0.089 RR  CELL  alwaysud:alwaysud|alwaysud_solver:solver|used[8][2]
    Info (332115): Data Required Path:
    Info (332115): Total (ns)  Incr (ns)     Type  Element
    Info (332115): ==========  ========= ==  ====  ===================================
    Info (332115):      1.000      1.000           latch edge time
    Info (332115):      1.000      0.000           source latency
    Info (332115):      1.000      0.000           clk
    Info (332115):      1.000      0.000 RR    IC  clk~input|i
    Info (332115):      1.769      0.769 RR  CELL  clk~input|o
    Info (332115):      2.627      0.858 RR    IC  clk~inputclkctrl|inclk[0]
    Info (332115):      2.627      0.000 RR  CELL  clk~inputclkctrl|outclk
    Info (332115):      4.038      1.411 RR    IC  alwaysud|solver|used[8][2]|clk
    Info (332115):      4.513      0.475 RR  CELL  alwaysud:alwaysud|alwaysud_solver:solver|used[8][2]
    Info (332115):      4.550      0.037           clock pessimism removed
    Info (332115):      4.530     -0.020           clock uncertainty
    Info (332115):      4.543      0.013     uTsu  alwaysud:alwaysud|alwaysud_solver:solver|used[8][2]
    Info (332115): Data Arrival Time  :    48.236
    Info (332115): Data Required Time :     4.543
    Info (332115): Slack              :   -43.693 (VIOLATED)
    Info (332115): ===================================================================
Info (332115): Path #16: Setup slack is -43.689 (VIOLATED)
    Info (332115): ===================================================================
    Info (332115): From Node    : alwaysud:alwaysud|alwaysud_solver:solver|sol[46][3]
    Info (332115): To Node      : alwaysud:alwaysud|alwaysud_solver:solver|used[8][2]
    Info (332115): Launch Clock : clk
    Info (332115): Latch Clock  : clk
    Info (332115): Data Arrival Path:
    Info (332115): Total (ns)  Incr (ns)     Type  Element
    Info (332115): ==========  ========= ==  ====  ===================================
    Info (332115):      0.000      0.000           launch edge time
    Info (332115):      0.000      0.000           source latency
    Info (332115):      0.000      0.000           clk
    Info (332115):      0.000      0.000 RR    IC  clk~input|i
    Info (332115):      0.769      0.769 RR  CELL  clk~input|o
    Info (332115):      1.663      0.894 RR    IC  clk~inputclkctrl|inclk[0]
    Info (332115):      1.663      0.000 RR  CELL  clk~inputclkctrl|outclk
    Info (332115):      3.290      1.627 RR    IC  alwaysud|solver|sol[46][3]|clk
    Info (332115):      3.800      0.510 RR  CELL  alwaysud:alwaysud|alwaysud_solver:solver|sol[46][3]
    Info (332115):      4.007      0.207     uTco  alwaysud:alwaysud|alwaysud_solver:solver|sol[46][3]
    Info (332115):      4.007      0.000 RR  CELL  alwaysud|solver|sol[46][3]|q
    Info (332115):      4.305      0.298 RR    IC  alwaysud|solver|Equal46~3|datab
    Info (332115):      4.747      0.442 RF  CELL  alwaysud|solver|Equal46~3|combout
    Info (332115):      7.008      2.261 FF    IC  alwaysud|solver|Equal46~4|datac
    Info (332115):      7.311      0.303 FF  CELL  alwaysud|solver|Equal46~4|combout
    Info (332115):      9.361      2.050 FF    IC  alwaysud|solver|Add133~2|dataa
    Info (332115):      9.743      0.382 FR  CELL  alwaysud|solver|Add133~2|cout
    Info (332115):      9.743      0.000 RR    IC  alwaysud|solver|Add133~4|cin
    Info (332115):      9.802      0.059 RF  CELL  alwaysud|solver|Add133~4|cout
    Info (332115):      9.802      0.000 FF    IC  alwaysud|solver|Add133~6|cin
    Info (332115):      9.861      0.059 FR  CELL  alwaysud|solver|Add133~6|cout
    Info (332115):      9.861      0.000 RR    IC  alwaysud|solver|Add133~8|cin
    Info (332115):      9.920      0.059 RF  CELL  alwaysud|solver|Add133~8|cout
    Info (332115):      9.920      0.000 FF    IC  alwaysud|solver|Add133~10|cin
    Info (332115):      9.979      0.059 FR  CELL  alwaysud|solver|Add133~10|cout
    Info (332115):      9.979      0.000 RR    IC  alwaysud|solver|Add133~12|cin
    Info (332115):     10.616      0.637 RR  CELL  alwaysud|solver|Add133~12|combout
    Info (332115):     10.854      0.238 RR    IC  alwaysud|solver|hs_event[48]~504|datab
    Info (332115):     11.303      0.449 RF  CELL  alwaysud|solver|hs_event[48]~504|combout
    Info (332115):     11.543      0.240 FF    IC  alwaysud|solver|hs_event[48]~508|datac
    Info (332115):     11.846      0.303 FF  CELL  alwaysud|solver|hs_event[48]~508|combout
    Info (332115):     12.079      0.233 FF    IC  alwaysud|solver|hs_event[48]~509|datad
    Info (332115):     12.210      0.131 FF  CELL  alwaysud|solver|hs_event[48]~509|combout
    Info (332115):     14.719      2.509 FF    IC  alwaysud|solver|WideOr26~0|datac
    Info (332115):     15.017      0.298 FF  CELL  alwaysud|solver|WideOr26~0|combout
    Info (332115):     15.274      0.257 FF    IC  alwaysud|solver|WideOr26~2|datac
    Info (332115):     15.572      0.298 FF  CELL  alwaysud|solver|WideOr26~2|combout
    Info (332115):     16.341      0.769 FF    IC  alwaysud|solver|ui[2]~2|datad
    Info (332115):     16.502      0.161 FR  CELL  alwaysud|solver|ui[2]~2|combout
    Info (332115):     17.254      0.752 RR    IC  alwaysud|solver|ui[4]~4|datad
    Info (332115):     17.420      0.166 RR  CELL  alwaysud|solver|ui[4]~4|combout
    Info (332115):     18.081      0.661 RR    IC  alwaysud|solver|ui[4]~5|datad
    Info (332115):     18.247      0.166 RR  CELL  alwaysud|solver|ui[4]~5|combout
    Info (332115):     18.945      0.698 RR    IC  alwaysud|solver|Add334~2|datac
    Info (332115):     19.250      0.305 RR  CELL  alwaysud|solver|Add334~2|combout
    Info (332115):     19.480      0.230 RR    IC  alwaysud|solver|Add334~3|datad
    Info (332115):     19.646      0.166 RR  CELL  alwaysud|solver|Add334~3|combout
    Info (332115):     19.868      0.222 RR    IC  alwaysud|solver|Add334~8|datad
    Info (332115):     20.034      0.166 RR  CELL  alwaysud|solver|Add334~8|combout
    Info (332115):     21.289      1.255 RR    IC  alwaysud|solver|Mux16~98|datad
    Info (332115):     21.434      0.145 RF  CELL  alwaysud|solver|Mux16~98|combout
    Info (332115):     21.668      0.234 FF    IC  alwaysud|solver|Mux16~99|datad
    Info (332115):     21.829      0.161 FR  CELL  alwaysud|solver|Mux16~99|combout
    Info (332115):     22.847      1.018 RR    IC  alwaysud|solver|Mux16~102|datad
    Info (332115):     23.013      0.166 RR  CELL  alwaysud|solver|Mux16~102|combout
    Info (332115):     23.224      0.211 RR    IC  alwaysud|solver|Mux16~103|datad
    Info (332115):     23.390      0.166 RR  CELL  alwaysud|solver|Mux16~103|combout
    Info (332115):     23.595      0.205 RR    IC  alwaysud|solver|Mux16~109|datad
    Info (332115):     23.761      0.166 RR  CELL  alwaysud|solver|Mux16~109|combout
    Info (332115):     24.523      0.762 RR    IC  alwaysud|solver|Mux16~264|datad
    Info (332115):     24.689      0.166 RR  CELL  alwaysud|solver|Mux16~264|combout
    Info (332115):     25.397      0.708 RR    IC  alwaysud|solver|Mux10~0|datad
    Info (332115):     25.563      0.166 RR  CELL  alwaysud|solver|Mux10~0|combout
    Info (332115):     25.766      0.203 RR    IC  alwaysud|solver|Mux10~1|datac
    Info (332115):     26.050      0.284 RF  CELL  alwaysud|solver|Mux10~1|combout
    Info (332115):     26.387      0.337 FF    IC  alwaysud|solver|dsel[1]~6|dataa
    Info (332115):     26.789      0.402 FR  CELL  alwaysud|solver|dsel[1]~6|combout
    Info (332115):     27.017      0.228 RR    IC  alwaysud|solver|dsel[1]~16|datad
    Info (332115):     27.183      0.166 RR  CELL  alwaysud|solver|dsel[1]~16|combout
    Info (332115):     27.403      0.220 RR    IC  alwaysud|solver|dsel[1]~19|datad
    Info (332115):     27.569      0.166 RR  CELL  alwaysud|solver|dsel[1]~19|combout
    Info (332115):     27.771      0.202 RR    IC  alwaysud|solver|dsel[1]~20|datad
    Info (332115):     27.937      0.166 RR  CELL  alwaysud|solver|dsel[1]~20|combout
    Info (332115):     29.692      1.755 RR    IC  alwaysud|solver|Mux64~2|datad
    Info (332115):     29.837      0.145 RF  CELL  alwaysud|solver|Mux64~2|combout
    Info (332115):     30.076      0.239 FF    IC  alwaysud|solver|Mux64~3|datad
    Info (332115):     30.237      0.161 FR  CELL  alwaysud|solver|Mux64~3|combout
    Info (332115):     31.773      1.536 RR    IC  alwaysud|solver|Mux100~24|datad
    Info (332115):     31.939      0.166 RR  CELL  alwaysud|solver|Mux100~24|combout
    Info (332115):     32.144      0.205 RR    IC  alwaysud|solver|Mux100~25|datad
    Info (332115):     32.310      0.166 RR  CELL  alwaysud|solver|Mux100~25|combout
    Info (332115):     32.533      0.223 RR    IC  alwaysud|solver|Mux100~27|datad
    Info (332115):     32.699      0.166 RR  CELL  alwaysud|solver|Mux100~27|combout
    Info (332115):     33.431      0.732 RR    IC  alwaysud|solver|Mux103~5|datac
    Info (332115):     33.736      0.305 RR  CELL  alwaysud|solver|Mux103~5|combout
    Info (332115):     33.941      0.205 RR    IC  alwaysud|solver|Mux103~6|datad
    Info (332115):     34.107      0.166 RR  CELL  alwaysud|solver|Mux103~6|combout
    Info (332115):     34.309      0.202 RR    IC  alwaysud|solver|Mux103~9|datad
    Info (332115):     34.475      0.166 RR  CELL  alwaysud|solver|Mux103~9|combout
    Info (332115):     34.891      0.416 RR    IC  alwaysud|solver|r~71|datac
    Info (332115):     35.171      0.280 RF  CELL  alwaysud|solver|r~71|combout
    Info (332115):     35.425      0.254 FF    IC  alwaysud|solver|r~76|datac
    Info (332115):     35.728      0.303 FF  CELL  alwaysud|solver|r~76|combout
    Info (332115):     36.209      0.481 FF    IC  alwaysud|solver|r~78|dataa
    Info (332115):     36.611      0.402 FF  CELL  alwaysud|solver|r~78|combout
    Info (332115):     37.455      0.844 FF    IC  alwaysud|solver|WideOr49~0|datab
    Info (332115):     37.851      0.396 FR  CELL  alwaysud|solver|WideOr49~0|combout
    Info (332115):     39.068      1.217 RR    IC  alwaysud|solver|Mux110~2|datad
    Info (332115):     39.234      0.166 RR  CELL  alwaysud|solver|Mux110~2|combout
    Info (332115):     39.436      0.202 RR    IC  alwaysud|solver|Mux110~4|datad
    Info (332115):     39.602      0.166 RR  CELL  alwaysud|solver|Mux110~4|combout
    Info (332115):     39.807      0.205 RR    IC  alwaysud|solver|Mux110~5|datad
    Info (332115):     39.973      0.166 RR  CELL  alwaysud|solver|Mux110~5|combout
    Info (332115):     40.175      0.202 RR    IC  alwaysud|solver|Mux110~8|datac
    Info (332115):     40.480      0.305 RR  CELL  alwaysud|solver|Mux110~8|combout
    Info (332115):     40.683      0.203 RR    IC  alwaysud|solver|pick_cell[4]~23|datad
    Info (332115):     40.849      0.166 RR  CELL  alwaysud|solver|pick_cell[4]~23|combout
    Info (332115):     41.559      0.710 RR    IC  alwaysud|solver|pick_cell[4]~28|datad
    Info (332115):     41.725      0.166 RR  CELL  alwaysud|solver|pick_cell[4]~28|combout
    Info (332115):     42.783      1.058 RR    IC  alwaysud|solver|Decoder8~82|datac
    Info (332115):     43.087      0.304 RR  CELL  alwaysud|solver|Decoder8~82|combout
    Info (332115):     44.152      1.065 RR    IC  alwaysud|solver|WideOr127~1|datad
    Info (332115):     44.318      0.166 RR  CELL  alwaysud|solver|WideOr127~1|combout
    Info (332115):     47.468      3.150 RR    IC  alwaysud|solver|used~760|datac
    Info (332115):     47.772      0.304 RR  CELL  alwaysud|solver|used~760|combout
    Info (332115):     47.977      0.205 RR    IC  alwaysud|solver|used[8][2]~182|datad
    Info (332115):     48.143      0.166 RR  CELL  alwaysud|solver|used[8][2]~182|combout
    Info (332115):     48.143      0.000 RR    IC  alwaysud|solver|used[8][2]|d
    Info (332115):     48.232      0.089 RR  CELL  alwaysud:alwaysud|alwaysud_solver:solver|used[8][2]
    Info (332115): Data Required Path:
    Info (332115): Total (ns)  Incr (ns)     Type  Element
    Info (332115): ==========  ========= ==  ====  ===================================
    Info (332115):      1.000      1.000           latch edge time
    Info (332115):      1.000      0.000           source latency
    Info (332115):      1.000      0.000           clk
    Info (332115):      1.000      0.000 RR    IC  clk~input|i
    Info (332115):      1.769      0.769 RR  CELL  clk~input|o
    Info (332115):      2.627      0.858 RR    IC  clk~inputclkctrl|inclk[0]
    Info (332115):      2.627      0.000 RR  CELL  clk~inputclkctrl|outclk
    Info (332115):      4.038      1.411 RR    IC  alwaysud|solver|used[8][2]|clk
    Info (332115):      4.513      0.475 RR  CELL  alwaysud:alwaysud|alwaysud_solver:solver|used[8][2]
    Info (332115):      4.550      0.037           clock pessimism removed
    Info (332115):      4.530     -0.020           clock uncertainty
    Info (332115):      4.543      0.013     uTsu  alwaysud:alwaysud|alwaysud_solver:solver|used[8][2]
    Info (332115): Data Arrival Time  :    48.232
    Info (332115): Data Required Time :     4.543
    Info (332115): Slack              :   -43.689 (VIOLATED)
    Info (332115): ===================================================================
Info (332115): Path #17: Setup slack is -43.687 (VIOLATED)
    Info (332115): ===================================================================
    Info (332115): From Node    : alwaysud:alwaysud|alwaysud_solver:solver|sol[46][5]
    Info (332115): To Node      : alwaysud:alwaysud|alwaysud_solver:solver|used[8][2]
    Info (332115): Launch Clock : clk
    Info (332115): Latch Clock  : clk
    Info (332115): Data Arrival Path:
    Info (332115): Total (ns)  Incr (ns)     Type  Element
    Info (332115): ==========  ========= ==  ====  ===================================
    Info (332115):      0.000      0.000           launch edge time
    Info (332115):      0.000      0.000           source latency
    Info (332115):      0.000      0.000           clk
    Info (332115):      0.000      0.000 RR    IC  clk~input|i
    Info (332115):      0.769      0.769 RR  CELL  clk~input|o
    Info (332115):      1.663      0.894 RR    IC  clk~inputclkctrl|inclk[0]
    Info (332115):      1.663      0.000 RR  CELL  clk~inputclkctrl|outclk
    Info (332115):      3.290      1.627 RR    IC  alwaysud|solver|sol[46][5]|clk
    Info (332115):      3.800      0.510 RR  CELL  alwaysud:alwaysud|alwaysud_solver:solver|sol[46][5]
    Info (332115):      4.007      0.207     uTco  alwaysud:alwaysud|alwaysud_solver:solver|sol[46][5]
    Info (332115):      4.007      0.000 RR  CELL  alwaysud|solver|sol[46][5]|q
    Info (332115):      4.322      0.315 RR    IC  alwaysud|solver|Equal46~3|dataa
    Info (332115):      4.741      0.419 RF  CELL  alwaysud|solver|Equal46~3|combout
    Info (332115):      7.002      2.261 FF    IC  alwaysud|solver|Equal46~4|datac
    Info (332115):      7.305      0.303 FF  CELL  alwaysud|solver|Equal46~4|combout
    Info (332115):      9.355      2.050 FF    IC  alwaysud|solver|Add133~2|dataa
    Info (332115):      9.737      0.382 FR  CELL  alwaysud|solver|Add133~2|cout
    Info (332115):      9.737      0.000 RR    IC  alwaysud|solver|Add133~4|cin
    Info (332115):      9.796      0.059 RF  CELL  alwaysud|solver|Add133~4|cout
    Info (332115):      9.796      0.000 FF    IC  alwaysud|solver|Add133~6|cin
    Info (332115):      9.855      0.059 FR  CELL  alwaysud|solver|Add133~6|cout
    Info (332115):      9.855      0.000 RR    IC  alwaysud|solver|Add133~8|cin
    Info (332115):      9.914      0.059 RF  CELL  alwaysud|solver|Add133~8|cout
    Info (332115):      9.914      0.000 FF    IC  alwaysud|solver|Add133~10|cin
    Info (332115):      9.973      0.059 FR  CELL  alwaysud|solver|Add133~10|cout
    Info (332115):      9.973      0.000 RR    IC  alwaysud|solver|Add133~12|cin
    Info (332115):     10.610      0.637 RR  CELL  alwaysud|solver|Add133~12|combout
    Info (332115):     10.848      0.238 RR    IC  alwaysud|solver|hs_event[48]~504|datab
    Info (332115):     11.297      0.449 RF  CELL  alwaysud|solver|hs_event[48]~504|combout
    Info (332115):     11.537      0.240 FF    IC  alwaysud|solver|hs_event[48]~508|datac
    Info (332115):     11.840      0.303 FF  CELL  alwaysud|solver|hs_event[48]~508|combout
    Info (332115):     12.073      0.233 FF    IC  alwaysud|solver|hs_event[48]~509|datad
    Info (332115):     12.204      0.131 FF  CELL  alwaysud|solver|hs_event[48]~509|combout
    Info (332115):     14.713      2.509 FF    IC  alwaysud|solver|WideOr26~0|datac
    Info (332115):     15.011      0.298 FF  CELL  alwaysud|solver|WideOr26~0|combout
    Info (332115):     15.268      0.257 FF    IC  alwaysud|solver|WideOr26~2|datac
    Info (332115):     15.566      0.298 FF  CELL  alwaysud|solver|WideOr26~2|combout
    Info (332115):     16.335      0.769 FF    IC  alwaysud|solver|ui[2]~2|datad
    Info (332115):     16.496      0.161 FR  CELL  alwaysud|solver|ui[2]~2|combout
    Info (332115):     17.248      0.752 RR    IC  alwaysud|solver|ui[4]~4|datad
    Info (332115):     17.414      0.166 RR  CELL  alwaysud|solver|ui[4]~4|combout
    Info (332115):     18.075      0.661 RR    IC  alwaysud|solver|ui[4]~5|datad
    Info (332115):     18.241      0.166 RR  CELL  alwaysud|solver|ui[4]~5|combout
    Info (332115):     18.939      0.698 RR    IC  alwaysud|solver|Add334~2|datac
    Info (332115):     19.244      0.305 RR  CELL  alwaysud|solver|Add334~2|combout
    Info (332115):     19.474      0.230 RR    IC  alwaysud|solver|Add334~3|datad
    Info (332115):     19.640      0.166 RR  CELL  alwaysud|solver|Add334~3|combout
    Info (332115):     19.862      0.222 RR    IC  alwaysud|solver|Add334~8|datad
    Info (332115):     20.028      0.166 RR  CELL  alwaysud|solver|Add334~8|combout
    Info (332115):     21.282      1.254 RR    IC  alwaysud|solver|Mux16~100|datad
    Info (332115):     21.427      0.145 RF  CELL  alwaysud|solver|Mux16~100|combout
    Info (332115):     21.660      0.233 FF    IC  alwaysud|solver|Mux16~101|datad
    Info (332115):     21.821      0.161 FR  CELL  alwaysud|solver|Mux16~101|combout
    Info (332115):     22.768      0.947 RR    IC  alwaysud|solver|Mux16~102|datac
    Info (332115):     23.073      0.305 RR  CELL  alwaysud|solver|Mux16~102|combout
    Info (332115):     23.284      0.211 RR    IC  alwaysud|solver|Mux16~103|datad
    Info (332115):     23.450      0.166 RR  CELL  alwaysud|solver|Mux16~103|combout
    Info (332115):     23.655      0.205 RR    IC  alwaysud|solver|Mux16~109|datad
    Info (332115):     23.821      0.166 RR  CELL  alwaysud|solver|Mux16~109|combout
    Info (332115):     24.583      0.762 RR    IC  alwaysud|solver|Mux16~264|datad
    Info (332115):     24.749      0.166 RR  CELL  alwaysud|solver|Mux16~264|combout
    Info (332115):     25.457      0.708 RR    IC  alwaysud|solver|Mux10~0|datad
    Info (332115):     25.623      0.166 RR  CELL  alwaysud|solver|Mux10~0|combout
    Info (332115):     25.826      0.203 RR    IC  alwaysud|solver|Mux10~1|datac
    Info (332115):     26.110      0.284 RF  CELL  alwaysud|solver|Mux10~1|combout
    Info (332115):     26.447      0.337 FF    IC  alwaysud|solver|dsel[1]~6|dataa
    Info (332115):     26.849      0.402 FR  CELL  alwaysud|solver|dsel[1]~6|combout
    Info (332115):     27.077      0.228 RR    IC  alwaysud|solver|dsel[1]~16|datad
    Info (332115):     27.243      0.166 RR  CELL  alwaysud|solver|dsel[1]~16|combout
    Info (332115):     27.463      0.220 RR    IC  alwaysud|solver|dsel[1]~19|datad
    Info (332115):     27.629      0.166 RR  CELL  alwaysud|solver|dsel[1]~19|combout
    Info (332115):     27.831      0.202 RR    IC  alwaysud|solver|dsel[1]~20|datad
    Info (332115):     27.997      0.166 RR  CELL  alwaysud|solver|dsel[1]~20|combout
    Info (332115):     29.752      1.755 RR    IC  alwaysud|solver|Mux64~2|datad
    Info (332115):     29.897      0.145 RF  CELL  alwaysud|solver|Mux64~2|combout
    Info (332115):     30.136      0.239 FF    IC  alwaysud|solver|Mux64~3|datad
    Info (332115):     30.297      0.161 FR  CELL  alwaysud|solver|Mux64~3|combout
    Info (332115):     31.833      1.536 RR    IC  alwaysud|solver|Mux100~24|datad
    Info (332115):     31.999      0.166 RR  CELL  alwaysud|solver|Mux100~24|combout
    Info (332115):     32.204      0.205 RR    IC  alwaysud|solver|Mux100~25|datad
    Info (332115):     32.370      0.166 RR  CELL  alwaysud|solver|Mux100~25|combout
    Info (332115):     32.593      0.223 RR    IC  alwaysud|solver|Mux100~27|datad
    Info (332115):     32.759      0.166 RR  CELL  alwaysud|solver|Mux100~27|combout
    Info (332115):     33.491      0.732 RR    IC  alwaysud|solver|Mux103~5|datac
    Info (332115):     33.796      0.305 RR  CELL  alwaysud|solver|Mux103~5|combout
    Info (332115):     34.001      0.205 RR    IC  alwaysud|solver|Mux103~6|datad
    Info (332115):     34.167      0.166 RR  CELL  alwaysud|solver|Mux103~6|combout
    Info (332115):     34.369      0.202 RR    IC  alwaysud|solver|Mux103~9|datad
    Info (332115):     34.535      0.166 RR  CELL  alwaysud|solver|Mux103~9|combout
    Info (332115):     34.951      0.416 RR    IC  alwaysud|solver|r~71|datac
    Info (332115):     35.231      0.280 RF  CELL  alwaysud|solver|r~71|combout
    Info (332115):     35.485      0.254 FF    IC  alwaysud|solver|r~76|datac
    Info (332115):     35.788      0.303 FF  CELL  alwaysud|solver|r~76|combout
    Info (332115):     36.269      0.481 FF    IC  alwaysud|solver|r~78|dataa
    Info (332115):     36.671      0.402 FF  CELL  alwaysud|solver|r~78|combout
    Info (332115):     37.485      0.814 FF    IC  alwaysud|solver|Decoder0~0|datac
    Info (332115):     37.766      0.281 FR  CELL  alwaysud|solver|Decoder0~0|combout
    Info (332115):     38.757      0.991 RR    IC  alwaysud|solver|Mux109~12|datac
    Info (332115):     39.061      0.304 RR  CELL  alwaysud|solver|Mux109~12|combout
    Info (332115):     39.264      0.203 RR    IC  alwaysud|solver|Mux109~13|datad
    Info (332115):     39.430      0.166 RR  CELL  alwaysud|solver|Mux109~13|combout
    Info (332115):     40.174      0.744 RR    IC  alwaysud|solver|Mux110~13|datad
    Info (332115):     40.340      0.166 RR  CELL  alwaysud|solver|Mux110~13|combout
    Info (332115):     40.543      0.203 RR    IC  alwaysud|solver|pick_cell[4]~23|datac
    Info (332115):     40.847      0.304 RR  CELL  alwaysud|solver|pick_cell[4]~23|combout
    Info (332115):     41.557      0.710 RR    IC  alwaysud|solver|pick_cell[4]~28|datad
    Info (332115):     41.723      0.166 RR  CELL  alwaysud|solver|pick_cell[4]~28|combout
    Info (332115):     42.781      1.058 RR    IC  alwaysud|solver|Decoder8~82|datac
    Info (332115):     43.085      0.304 RR  CELL  alwaysud|solver|Decoder8~82|combout
    Info (332115):     44.150      1.065 RR    IC  alwaysud|solver|WideOr127~1|datad
    Info (332115):     44.316      0.166 RR  CELL  alwaysud|solver|WideOr127~1|combout
    Info (332115):     47.466      3.150 RR    IC  alwaysud|solver|used~760|datac
    Info (332115):     47.770      0.304 RR  CELL  alwaysud|solver|used~760|combout
    Info (332115):     47.975      0.205 RR    IC  alwaysud|solver|used[8][2]~182|datad
    Info (332115):     48.141      0.166 RR  CELL  alwaysud|solver|used[8][2]~182|combout
    Info (332115):     48.141      0.000 RR    IC  alwaysud|solver|used[8][2]|d
    Info (332115):     48.230      0.089 RR  CELL  alwaysud:alwaysud|alwaysud_solver:solver|used[8][2]
    Info (332115): Data Required Path:
    Info (332115): Total (ns)  Incr (ns)     Type  Element
    Info (332115): ==========  ========= ==  ====  ===================================
    Info (332115):      1.000      1.000           latch edge time
    Info (332115):      1.000      0.000           source latency
    Info (332115):      1.000      0.000           clk
    Info (332115):      1.000      0.000 RR    IC  clk~input|i
    Info (332115):      1.769      0.769 RR  CELL  clk~input|o
    Info (332115):      2.627      0.858 RR    IC  clk~inputclkctrl|inclk[0]
    Info (332115):      2.627      0.000 RR  CELL  clk~inputclkctrl|outclk
    Info (332115):      4.038      1.411 RR    IC  alwaysud|solver|used[8][2]|clk
    Info (332115):      4.513      0.475 RR  CELL  alwaysud:alwaysud|alwaysud_solver:solver|used[8][2]
    Info (332115):      4.550      0.037           clock pessimism removed
    Info (332115):      4.530     -0.020           clock uncertainty
    Info (332115):      4.543      0.013     uTsu  alwaysud:alwaysud|alwaysud_solver:solver|used[8][2]
    Info (332115): Data Arrival Time  :    48.230
    Info (332115): Data Required Time :     4.543
    Info (332115): Slack              :   -43.687 (VIOLATED)
    Info (332115): ===================================================================
Info (332115): Path #18: Setup slack is -43.683 (VIOLATED)
    Info (332115): ===================================================================
    Info (332115): From Node    : alwaysud:alwaysud|alwaysud_solver:solver|sol[46][5]
    Info (332115): To Node      : alwaysud:alwaysud|alwaysud_solver:solver|used[8][2]
    Info (332115): Launch Clock : clk
    Info (332115): Latch Clock  : clk
    Info (332115): Data Arrival Path:
    Info (332115): Total (ns)  Incr (ns)     Type  Element
    Info (332115): ==========  ========= ==  ====  ===================================
    Info (332115):      0.000      0.000           launch edge time
    Info (332115):      0.000      0.000           source latency
    Info (332115):      0.000      0.000           clk
    Info (332115):      0.000      0.000 RR    IC  clk~input|i
    Info (332115):      0.769      0.769 RR  CELL  clk~input|o
    Info (332115):      1.663      0.894 RR    IC  clk~inputclkctrl|inclk[0]
    Info (332115):      1.663      0.000 RR  CELL  clk~inputclkctrl|outclk
    Info (332115):      3.290      1.627 RR    IC  alwaysud|solver|sol[46][5]|clk
    Info (332115):      3.800      0.510 RR  CELL  alwaysud:alwaysud|alwaysud_solver:solver|sol[46][5]
    Info (332115):      4.007      0.207     uTco  alwaysud:alwaysud|alwaysud_solver:solver|sol[46][5]
    Info (332115):      4.007      0.000 RR  CELL  alwaysud|solver|sol[46][5]|q
    Info (332115):      4.322      0.315 RR    IC  alwaysud|solver|Equal46~3|dataa
    Info (332115):      4.741      0.419 RF  CELL  alwaysud|solver|Equal46~3|combout
    Info (332115):      7.002      2.261 FF    IC  alwaysud|solver|Equal46~4|datac
    Info (332115):      7.305      0.303 FF  CELL  alwaysud|solver|Equal46~4|combout
    Info (332115):      9.355      2.050 FF    IC  alwaysud|solver|Add133~2|dataa
    Info (332115):      9.737      0.382 FR  CELL  alwaysud|solver|Add133~2|cout
    Info (332115):      9.737      0.000 RR    IC  alwaysud|solver|Add133~4|cin
    Info (332115):      9.796      0.059 RF  CELL  alwaysud|solver|Add133~4|cout
    Info (332115):      9.796      0.000 FF    IC  alwaysud|solver|Add133~6|cin
    Info (332115):      9.855      0.059 FR  CELL  alwaysud|solver|Add133~6|cout
    Info (332115):      9.855      0.000 RR    IC  alwaysud|solver|Add133~8|cin
    Info (332115):      9.914      0.059 RF  CELL  alwaysud|solver|Add133~8|cout
    Info (332115):      9.914      0.000 FF    IC  alwaysud|solver|Add133~10|cin
    Info (332115):      9.973      0.059 FR  CELL  alwaysud|solver|Add133~10|cout
    Info (332115):      9.973      0.000 RR    IC  alwaysud|solver|Add133~12|cin
    Info (332115):     10.610      0.637 RR  CELL  alwaysud|solver|Add133~12|combout
    Info (332115):     10.848      0.238 RR    IC  alwaysud|solver|hs_event[48]~504|datab
    Info (332115):     11.297      0.449 RF  CELL  alwaysud|solver|hs_event[48]~504|combout
    Info (332115):     11.537      0.240 FF    IC  alwaysud|solver|hs_event[48]~508|datac
    Info (332115):     11.840      0.303 FF  CELL  alwaysud|solver|hs_event[48]~508|combout
    Info (332115):     12.073      0.233 FF    IC  alwaysud|solver|hs_event[48]~509|datad
    Info (332115):     12.204      0.131 FF  CELL  alwaysud|solver|hs_event[48]~509|combout
    Info (332115):     14.713      2.509 FF    IC  alwaysud|solver|WideOr26~0|datac
    Info (332115):     15.011      0.298 FF  CELL  alwaysud|solver|WideOr26~0|combout
    Info (332115):     15.268      0.257 FF    IC  alwaysud|solver|WideOr26~2|datac
    Info (332115):     15.566      0.298 FF  CELL  alwaysud|solver|WideOr26~2|combout
    Info (332115):     16.335      0.769 FF    IC  alwaysud|solver|ui[2]~2|datad
    Info (332115):     16.496      0.161 FR  CELL  alwaysud|solver|ui[2]~2|combout
    Info (332115):     17.248      0.752 RR    IC  alwaysud|solver|ui[4]~4|datad
    Info (332115):     17.414      0.166 RR  CELL  alwaysud|solver|ui[4]~4|combout
    Info (332115):     18.075      0.661 RR    IC  alwaysud|solver|ui[4]~5|datad
    Info (332115):     18.241      0.166 RR  CELL  alwaysud|solver|ui[4]~5|combout
    Info (332115):     18.939      0.698 RR    IC  alwaysud|solver|Add334~2|datac
    Info (332115):     19.244      0.305 RR  CELL  alwaysud|solver|Add334~2|combout
    Info (332115):     19.474      0.230 RR    IC  alwaysud|solver|Add334~3|datad
    Info (332115):     19.640      0.166 RR  CELL  alwaysud|solver|Add334~3|combout
    Info (332115):     19.862      0.222 RR    IC  alwaysud|solver|Add334~8|datad
    Info (332115):     20.028      0.166 RR  CELL  alwaysud|solver|Add334~8|combout
    Info (332115):     21.283      1.255 RR    IC  alwaysud|solver|Mux16~98|datad
    Info (332115):     21.428      0.145 RF  CELL  alwaysud|solver|Mux16~98|combout
    Info (332115):     21.662      0.234 FF    IC  alwaysud|solver|Mux16~99|datad
    Info (332115):     21.823      0.161 FR  CELL  alwaysud|solver|Mux16~99|combout
    Info (332115):     22.841      1.018 RR    IC  alwaysud|solver|Mux16~102|datad
    Info (332115):     23.007      0.166 RR  CELL  alwaysud|solver|Mux16~102|combout
    Info (332115):     23.218      0.211 RR    IC  alwaysud|solver|Mux16~103|datad
    Info (332115):     23.384      0.166 RR  CELL  alwaysud|solver|Mux16~103|combout
    Info (332115):     23.589      0.205 RR    IC  alwaysud|solver|Mux16~109|datad
    Info (332115):     23.755      0.166 RR  CELL  alwaysud|solver|Mux16~109|combout
    Info (332115):     24.517      0.762 RR    IC  alwaysud|solver|Mux16~264|datad
    Info (332115):     24.683      0.166 RR  CELL  alwaysud|solver|Mux16~264|combout
    Info (332115):     25.391      0.708 RR    IC  alwaysud|solver|Mux10~0|datad
    Info (332115):     25.557      0.166 RR  CELL  alwaysud|solver|Mux10~0|combout
    Info (332115):     25.760      0.203 RR    IC  alwaysud|solver|Mux10~1|datac
    Info (332115):     26.044      0.284 RF  CELL  alwaysud|solver|Mux10~1|combout
    Info (332115):     26.381      0.337 FF    IC  alwaysud|solver|dsel[1]~6|dataa
    Info (332115):     26.783      0.402 FR  CELL  alwaysud|solver|dsel[1]~6|combout
    Info (332115):     27.011      0.228 RR    IC  alwaysud|solver|dsel[1]~16|datad
    Info (332115):     27.177      0.166 RR  CELL  alwaysud|solver|dsel[1]~16|combout
    Info (332115):     27.397      0.220 RR    IC  alwaysud|solver|dsel[1]~19|datad
    Info (332115):     27.563      0.166 RR  CELL  alwaysud|solver|dsel[1]~19|combout
    Info (332115):     27.765      0.202 RR    IC  alwaysud|solver|dsel[1]~20|datad
    Info (332115):     27.931      0.166 RR  CELL  alwaysud|solver|dsel[1]~20|combout
    Info (332115):     29.686      1.755 RR    IC  alwaysud|solver|Mux64~2|datad
    Info (332115):     29.831      0.145 RF  CELL  alwaysud|solver|Mux64~2|combout
    Info (332115):     30.070      0.239 FF    IC  alwaysud|solver|Mux64~3|datad
    Info (332115):     30.231      0.161 FR  CELL  alwaysud|solver|Mux64~3|combout
    Info (332115):     31.767      1.536 RR    IC  alwaysud|solver|Mux100~24|datad
    Info (332115):     31.933      0.166 RR  CELL  alwaysud|solver|Mux100~24|combout
    Info (332115):     32.138      0.205 RR    IC  alwaysud|solver|Mux100~25|datad
    Info (332115):     32.304      0.166 RR  CELL  alwaysud|solver|Mux100~25|combout
    Info (332115):     32.527      0.223 RR    IC  alwaysud|solver|Mux100~27|datad
    Info (332115):     32.693      0.166 RR  CELL  alwaysud|solver|Mux100~27|combout
    Info (332115):     33.425      0.732 RR    IC  alwaysud|solver|Mux103~5|datac
    Info (332115):     33.730      0.305 RR  CELL  alwaysud|solver|Mux103~5|combout
    Info (332115):     33.935      0.205 RR    IC  alwaysud|solver|Mux103~6|datad
    Info (332115):     34.101      0.166 RR  CELL  alwaysud|solver|Mux103~6|combout
    Info (332115):     34.303      0.202 RR    IC  alwaysud|solver|Mux103~9|datad
    Info (332115):     34.469      0.166 RR  CELL  alwaysud|solver|Mux103~9|combout
    Info (332115):     34.885      0.416 RR    IC  alwaysud|solver|r~71|datac
    Info (332115):     35.165      0.280 RF  CELL  alwaysud|solver|r~71|combout
    Info (332115):     35.419      0.254 FF    IC  alwaysud|solver|r~76|datac
    Info (332115):     35.722      0.303 FF  CELL  alwaysud|solver|r~76|combout
    Info (332115):     36.203      0.481 FF    IC  alwaysud|solver|r~78|dataa
    Info (332115):     36.605      0.402 FF  CELL  alwaysud|solver|r~78|combout
    Info (332115):     37.449      0.844 FF    IC  alwaysud|solver|WideOr49~0|datab
    Info (332115):     37.845      0.396 FR  CELL  alwaysud|solver|WideOr49~0|combout
    Info (332115):     39.062      1.217 RR    IC  alwaysud|solver|Mux110~2|datad
    Info (332115):     39.228      0.166 RR  CELL  alwaysud|solver|Mux110~2|combout
    Info (332115):     39.430      0.202 RR    IC  alwaysud|solver|Mux110~4|datad
    Info (332115):     39.596      0.166 RR  CELL  alwaysud|solver|Mux110~4|combout
    Info (332115):     39.801      0.205 RR    IC  alwaysud|solver|Mux110~5|datad
    Info (332115):     39.967      0.166 RR  CELL  alwaysud|solver|Mux110~5|combout
    Info (332115):     40.169      0.202 RR    IC  alwaysud|solver|Mux110~8|datac
    Info (332115):     40.474      0.305 RR  CELL  alwaysud|solver|Mux110~8|combout
    Info (332115):     40.677      0.203 RR    IC  alwaysud|solver|pick_cell[4]~23|datad
    Info (332115):     40.843      0.166 RR  CELL  alwaysud|solver|pick_cell[4]~23|combout
    Info (332115):     41.553      0.710 RR    IC  alwaysud|solver|pick_cell[4]~28|datad
    Info (332115):     41.719      0.166 RR  CELL  alwaysud|solver|pick_cell[4]~28|combout
    Info (332115):     42.777      1.058 RR    IC  alwaysud|solver|Decoder8~82|datac
    Info (332115):     43.081      0.304 RR  CELL  alwaysud|solver|Decoder8~82|combout
    Info (332115):     44.146      1.065 RR    IC  alwaysud|solver|WideOr127~1|datad
    Info (332115):     44.312      0.166 RR  CELL  alwaysud|solver|WideOr127~1|combout
    Info (332115):     47.462      3.150 RR    IC  alwaysud|solver|used~760|datac
    Info (332115):     47.766      0.304 RR  CELL  alwaysud|solver|used~760|combout
    Info (332115):     47.971      0.205 RR    IC  alwaysud|solver|used[8][2]~182|datad
    Info (332115):     48.137      0.166 RR  CELL  alwaysud|solver|used[8][2]~182|combout
    Info (332115):     48.137      0.000 RR    IC  alwaysud|solver|used[8][2]|d
    Info (332115):     48.226      0.089 RR  CELL  alwaysud:alwaysud|alwaysud_solver:solver|used[8][2]
    Info (332115): Data Required Path:
    Info (332115): Total (ns)  Incr (ns)     Type  Element
    Info (332115): ==========  ========= ==  ====  ===================================
    Info (332115):      1.000      1.000           latch edge time
    Info (332115):      1.000      0.000           source latency
    Info (332115):      1.000      0.000           clk
    Info (332115):      1.000      0.000 RR    IC  clk~input|i
    Info (332115):      1.769      0.769 RR  CELL  clk~input|o
    Info (332115):      2.627      0.858 RR    IC  clk~inputclkctrl|inclk[0]
    Info (332115):      2.627      0.000 RR  CELL  clk~inputclkctrl|outclk
    Info (332115):      4.038      1.411 RR    IC  alwaysud|solver|used[8][2]|clk
    Info (332115):      4.513      0.475 RR  CELL  alwaysud:alwaysud|alwaysud_solver:solver|used[8][2]
    Info (332115):      4.550      0.037           clock pessimism removed
    Info (332115):      4.530     -0.020           clock uncertainty
    Info (332115):      4.543      0.013     uTsu  alwaysud:alwaysud|alwaysud_solver:solver|used[8][2]
    Info (332115): Data Arrival Time  :    48.226
    Info (332115): Data Required Time :     4.543
    Info (332115): Slack              :   -43.683 (VIOLATED)
    Info (332115): ===================================================================
Info (332115): Path #19: Setup slack is -43.663 (VIOLATED)
    Info (332115): ===================================================================
    Info (332115): From Node    : alwaysud:alwaysud|alwaysud_solver:solver|sol[46][5]
    Info (332115): To Node      : alwaysud:alwaysud|alwaysud_solver:solver|used[8][2]
    Info (332115): Launch Clock : clk
    Info (332115): Latch Clock  : clk
    Info (332115): Data Arrival Path:
    Info (332115): Total (ns)  Incr (ns)     Type  Element
    Info (332115): ==========  ========= ==  ====  ===================================
    Info (332115):      0.000      0.000           launch edge time
    Info (332115):      0.000      0.000           source latency
    Info (332115):      0.000      0.000           clk
    Info (332115):      0.000      0.000 RR    IC  clk~input|i
    Info (332115):      0.769      0.769 RR  CELL  clk~input|o
    Info (332115):      1.663      0.894 RR    IC  clk~inputclkctrl|inclk[0]
    Info (332115):      1.663      0.000 RR  CELL  clk~inputclkctrl|outclk
    Info (332115):      3.290      1.627 RR    IC  alwaysud|solver|sol[46][5]|clk
    Info (332115):      3.800      0.510 RR  CELL  alwaysud:alwaysud|alwaysud_solver:solver|sol[46][5]
    Info (332115):      4.007      0.207     uTco  alwaysud:alwaysud|alwaysud_solver:solver|sol[46][5]
    Info (332115):      4.007      0.000 FF  CELL  alwaysud|solver|sol[46][5]|q
    Info (332115):      4.415      0.408 FF    IC  alwaysud|solver|Equal46~3|dataa
    Info (332115):      4.817      0.402 FR  CELL  alwaysud|solver|Equal46~3|combout
    Info (332115):      7.073      2.256 RR    IC  alwaysud|solver|Equal46~4|datac
    Info (332115):      7.378      0.305 RR  CELL  alwaysud|solver|Equal46~4|combout
    Info (332115):      9.812      2.434 RR    IC  alwaysud|solver|Add177~10|datab
    Info (332115):     10.336      0.524 RF  CELL  alwaysud|solver|Add177~10|cout
    Info (332115):     10.336      0.000 FF    IC  alwaysud|solver|Add177~12|cin
    Info (332115):     10.838      0.502 FF  CELL  alwaysud|solver|Add177~12|combout
    Info (332115):     11.119      0.281 FF    IC  alwaysud|solver|hs_event[92]~606|datab
    Info (332115):     11.564      0.445 FR  CELL  alwaysud|solver|hs_event[92]~606|combout
    Info (332115):     11.800      0.236 RR    IC  alwaysud|solver|hs_event[92]~610|datab
    Info (332115):     12.210      0.410 RR  CELL  alwaysud|solver|hs_event[92]~610|combout
    Info (332115):     12.449      0.239 RR    IC  alwaysud|solver|hs_event[92]~611|datab
    Info (332115):     12.872      0.423 RR  CELL  alwaysud|solver|hs_event[92]~611|combout
    Info (332115):     14.986      2.114 RR    IC  alwaysud|solver|WideOr31~0|dataa
    Info (332115):     15.408      0.422 RR  CELL  alwaysud|solver|WideOr31~0|combout
    Info (332115):     15.611      0.203 RR    IC  alwaysud|solver|WideOr31~2|datac
    Info (332115):     15.915      0.304 RR  CELL  alwaysud|solver|WideOr31~2|combout
    Info (332115):     16.713      0.798 RR    IC  alwaysud|solver|ui~32|datab
    Info (332115):     17.086      0.373 RF  CELL  alwaysud|solver|ui~32|combout
    Info (332115):     17.350      0.264 FF    IC  alwaysud|solver|ui~39|datac
    Info (332115):     17.653      0.303 FF  CELL  alwaysud|solver|ui~39|combout
    Info (332115):     17.894      0.241 FF    IC  alwaysud|solver|ui[0]~43|datac
    Info (332115):     18.192      0.298 FF  CELL  alwaysud|solver|ui[0]~43|combout
    Info (332115):     18.721      0.529 FF    IC  alwaysud|solver|Add334~2|dataa
    Info (332115):     19.126      0.405 FF  CELL  alwaysud|solver|Add334~2|combout
    Info (332115):     19.394      0.268 FF    IC  alwaysud|solver|Add334~3|datad
    Info (332115):     19.525      0.131 FF  CELL  alwaysud|solver|Add334~3|combout
    Info (332115):     19.781      0.256 FF    IC  alwaysud|solver|Add334~8|datad
    Info (332115):     19.942      0.161 FR  CELL  alwaysud|solver|Add334~8|combout
    Info (332115):     21.196      1.254 RR    IC  alwaysud|solver|Mux16~100|datad
    Info (332115):     21.341      0.145 RF  CELL  alwaysud|solver|Mux16~100|combout
    Info (332115):     21.574      0.233 FF    IC  alwaysud|solver|Mux16~101|datad
    Info (332115):     21.735      0.161 FR  CELL  alwaysud|solver|Mux16~101|combout
    Info (332115):     22.682      0.947 RR    IC  alwaysud|solver|Mux16~102|datac
    Info (332115):     22.987      0.305 RR  CELL  alwaysud|solver|Mux16~102|combout
    Info (332115):     23.198      0.211 RR    IC  alwaysud|solver|Mux16~103|datad
    Info (332115):     23.364      0.166 RR  CELL  alwaysud|solver|Mux16~103|combout
    Info (332115):     23.569      0.205 RR    IC  alwaysud|solver|Mux16~109|datad
    Info (332115):     23.735      0.166 RR  CELL  alwaysud|solver|Mux16~109|combout
    Info (332115):     24.497      0.762 RR    IC  alwaysud|solver|Mux16~264|datad
    Info (332115):     24.663      0.166 RR  CELL  alwaysud|solver|Mux16~264|combout
    Info (332115):     25.371      0.708 RR    IC  alwaysud|solver|Mux10~0|datad
    Info (332115):     25.537      0.166 RR  CELL  alwaysud|solver|Mux10~0|combout
    Info (332115):     25.740      0.203 RR    IC  alwaysud|solver|Mux10~1|datac
    Info (332115):     26.024      0.284 RF  CELL  alwaysud|solver|Mux10~1|combout
    Info (332115):     26.361      0.337 FF    IC  alwaysud|solver|dsel[1]~6|dataa
    Info (332115):     26.763      0.402 FR  CELL  alwaysud|solver|dsel[1]~6|combout
    Info (332115):     26.991      0.228 RR    IC  alwaysud|solver|dsel[1]~16|datad
    Info (332115):     27.157      0.166 RR  CELL  alwaysud|solver|dsel[1]~16|combout
    Info (332115):     27.377      0.220 RR    IC  alwaysud|solver|dsel[1]~19|datad
    Info (332115):     27.543      0.166 RR  CELL  alwaysud|solver|dsel[1]~19|combout
    Info (332115):     27.745      0.202 RR    IC  alwaysud|solver|dsel[1]~20|datad
    Info (332115):     27.911      0.166 RR  CELL  alwaysud|solver|dsel[1]~20|combout
    Info (332115):     29.666      1.755 RR    IC  alwaysud|solver|Mux64~2|datad
    Info (332115):     29.811      0.145 RF  CELL  alwaysud|solver|Mux64~2|combout
    Info (332115):     30.050      0.239 FF    IC  alwaysud|solver|Mux64~3|datad
    Info (332115):     30.211      0.161 FR  CELL  alwaysud|solver|Mux64~3|combout
    Info (332115):     31.747      1.536 RR    IC  alwaysud|solver|Mux100~24|datad
    Info (332115):     31.913      0.166 RR  CELL  alwaysud|solver|Mux100~24|combout
    Info (332115):     32.118      0.205 RR    IC  alwaysud|solver|Mux100~25|datad
    Info (332115):     32.284      0.166 RR  CELL  alwaysud|solver|Mux100~25|combout
    Info (332115):     32.507      0.223 RR    IC  alwaysud|solver|Mux100~27|datad
    Info (332115):     32.673      0.166 RR  CELL  alwaysud|solver|Mux100~27|combout
    Info (332115):     33.405      0.732 RR    IC  alwaysud|solver|Mux103~5|datac
    Info (332115):     33.710      0.305 RR  CELL  alwaysud|solver|Mux103~5|combout
    Info (332115):     33.915      0.205 RR    IC  alwaysud|solver|Mux103~6|datad
    Info (332115):     34.081      0.166 RR  CELL  alwaysud|solver|Mux103~6|combout
    Info (332115):     34.283      0.202 RR    IC  alwaysud|solver|Mux103~9|datad
    Info (332115):     34.449      0.166 RR  CELL  alwaysud|solver|Mux103~9|combout
    Info (332115):     34.865      0.416 RR    IC  alwaysud|solver|r~71|datac
    Info (332115):     35.145      0.280 RF  CELL  alwaysud|solver|r~71|combout
    Info (332115):     35.399      0.254 FF    IC  alwaysud|solver|r~76|datac
    Info (332115):     35.702      0.303 FF  CELL  alwaysud|solver|r~76|combout
    Info (332115):     36.183      0.481 FF    IC  alwaysud|solver|r~78|dataa
    Info (332115):     36.585      0.402 FF  CELL  alwaysud|solver|r~78|combout
    Info (332115):     37.429      0.844 FF    IC  alwaysud|solver|WideOr49~0|datab
    Info (332115):     37.825      0.396 FR  CELL  alwaysud|solver|WideOr49~0|combout
    Info (332115):     39.042      1.217 RR    IC  alwaysud|solver|Mux110~2|datad
    Info (332115):     39.208      0.166 RR  CELL  alwaysud|solver|Mux110~2|combout
    Info (332115):     39.410      0.202 RR    IC  alwaysud|solver|Mux110~4|datad
    Info (332115):     39.576      0.166 RR  CELL  alwaysud|solver|Mux110~4|combout
    Info (332115):     39.781      0.205 RR    IC  alwaysud|solver|Mux110~5|datad
    Info (332115):     39.947      0.166 RR  CELL  alwaysud|solver|Mux110~5|combout
    Info (332115):     40.149      0.202 RR    IC  alwaysud|solver|Mux110~8|datac
    Info (332115):     40.454      0.305 RR  CELL  alwaysud|solver|Mux110~8|combout
    Info (332115):     40.657      0.203 RR    IC  alwaysud|solver|pick_cell[4]~23|datad
    Info (332115):     40.823      0.166 RR  CELL  alwaysud|solver|pick_cell[4]~23|combout
    Info (332115):     41.533      0.710 RR    IC  alwaysud|solver|pick_cell[4]~28|datad
    Info (332115):     41.699      0.166 RR  CELL  alwaysud|solver|pick_cell[4]~28|combout
    Info (332115):     42.757      1.058 RR    IC  alwaysud|solver|Decoder8~82|datac
    Info (332115):     43.061      0.304 RR  CELL  alwaysud|solver|Decoder8~82|combout
    Info (332115):     44.126      1.065 RR    IC  alwaysud|solver|WideOr127~1|datad
    Info (332115):     44.292      0.166 RR  CELL  alwaysud|solver|WideOr127~1|combout
    Info (332115):     47.442      3.150 RR    IC  alwaysud|solver|used~760|datac
    Info (332115):     47.746      0.304 RR  CELL  alwaysud|solver|used~760|combout
    Info (332115):     47.951      0.205 RR    IC  alwaysud|solver|used[8][2]~182|datad
    Info (332115):     48.117      0.166 RR  CELL  alwaysud|solver|used[8][2]~182|combout
    Info (332115):     48.117      0.000 RR    IC  alwaysud|solver|used[8][2]|d
    Info (332115):     48.206      0.089 RR  CELL  alwaysud:alwaysud|alwaysud_solver:solver|used[8][2]
    Info (332115): Data Required Path:
    Info (332115): Total (ns)  Incr (ns)     Type  Element
    Info (332115): ==========  ========= ==  ====  ===================================
    Info (332115):      1.000      1.000           latch edge time
    Info (332115):      1.000      0.000           source latency
    Info (332115):      1.000      0.000           clk
    Info (332115):      1.000      0.000 RR    IC  clk~input|i
    Info (332115):      1.769      0.769 RR  CELL  clk~input|o
    Info (332115):      2.627      0.858 RR    IC  clk~inputclkctrl|inclk[0]
    Info (332115):      2.627      0.000 RR  CELL  clk~inputclkctrl|outclk
    Info (332115):      4.038      1.411 RR    IC  alwaysud|solver|used[8][2]|clk
    Info (332115):      4.513      0.475 RR  CELL  alwaysud:alwaysud|alwaysud_solver:solver|used[8][2]
    Info (332115):      4.550      0.037           clock pessimism removed
    Info (332115):      4.530     -0.020           clock uncertainty
    Info (332115):      4.543      0.013     uTsu  alwaysud:alwaysud|alwaysud_solver:solver|used[8][2]
    Info (332115): Data Arrival Time  :    48.206
    Info (332115): Data Required Time :     4.543
    Info (332115): Slack              :   -43.663 (VIOLATED)
    Info (332115): ===================================================================
Info (332115): Path #20: Setup slack is -43.662 (VIOLATED)
    Info (332115): ===================================================================
    Info (332115): From Node    : alwaysud:alwaysud|alwaysud_solver:solver|sol[46][5]
    Info (332115): To Node      : alwaysud:alwaysud|alwaysud_solver:solver|used[8][2]
    Info (332115): Launch Clock : clk
    Info (332115): Latch Clock  : clk
    Info (332115): Data Arrival Path:
    Info (332115): Total (ns)  Incr (ns)     Type  Element
    Info (332115): ==========  ========= ==  ====  ===================================
    Info (332115):      0.000      0.000           launch edge time
    Info (332115):      0.000      0.000           source latency
    Info (332115):      0.000      0.000           clk
    Info (332115):      0.000      0.000 RR    IC  clk~input|i
    Info (332115):      0.769      0.769 RR  CELL  clk~input|o
    Info (332115):      1.663      0.894 RR    IC  clk~inputclkctrl|inclk[0]
    Info (332115):      1.663      0.000 RR  CELL  clk~inputclkctrl|outclk
    Info (332115):      3.290      1.627 RR    IC  alwaysud|solver|sol[46][5]|clk
    Info (332115):      3.800      0.510 RR  CELL  alwaysud:alwaysud|alwaysud_solver:solver|sol[46][5]
    Info (332115):      4.007      0.207     uTco  alwaysud:alwaysud|alwaysud_solver:solver|sol[46][5]
    Info (332115):      4.007      0.000 FF  CELL  alwaysud|solver|sol[46][5]|q
    Info (332115):      4.415      0.408 FF    IC  alwaysud|solver|Equal46~3|dataa
    Info (332115):      4.817      0.402 FR  CELL  alwaysud|solver|Equal46~3|combout
    Info (332115):      7.073      2.256 RR    IC  alwaysud|solver|Equal46~4|datac
    Info (332115):      7.378      0.305 RR  CELL  alwaysud|solver|Equal46~4|combout
    Info (332115):      9.812      2.434 RR    IC  alwaysud|solver|Add177~10|datab
    Info (332115):     10.336      0.524 RF  CELL  alwaysud|solver|Add177~10|cout
    Info (332115):     10.336      0.000 FF    IC  alwaysud|solver|Add177~12|cin
    Info (332115):     10.838      0.502 FF  CELL  alwaysud|solver|Add177~12|combout
    Info (332115):     11.119      0.281 FF    IC  alwaysud|solver|hs_event[92]~606|datab
    Info (332115):     11.564      0.445 FR  CELL  alwaysud|solver|hs_event[92]~606|combout
    Info (332115):     11.800      0.236 RR    IC  alwaysud|solver|hs_event[92]~610|datab
    Info (332115):     12.210      0.410 RR  CELL  alwaysud|solver|hs_event[92]~610|combout
    Info (332115):     12.449      0.239 RR    IC  alwaysud|solver|hs_event[92]~611|datab
    Info (332115):     12.872      0.423 RR  CELL  alwaysud|solver|hs_event[92]~611|combout
    Info (332115):     14.986      2.114 RR    IC  alwaysud|solver|WideOr31~0|dataa
    Info (332115):     15.408      0.422 RR  CELL  alwaysud|solver|WideOr31~0|combout
    Info (332115):     15.611      0.203 RR    IC  alwaysud|solver|WideOr31~2|datac
    Info (332115):     15.915      0.304 RR  CELL  alwaysud|solver|WideOr31~2|combout
    Info (332115):     16.701      0.786 RR    IC  alwaysud|solver|ui[4]~3|datad
    Info (332115):     16.846      0.145 RF  CELL  alwaysud|solver|ui[4]~3|combout
    Info (332115):     17.088      0.242 FF    IC  alwaysud|solver|ui[4]~4|datac
    Info (332115):     17.391      0.303 FF  CELL  alwaysud|solver|ui[4]~4|combout
    Info (332115):     18.049      0.658 FF    IC  alwaysud|solver|ui[4]~5|datad
    Info (332115):     18.180      0.131 FF  CELL  alwaysud|solver|ui[4]~5|combout
    Info (332115):     18.868      0.688 FF    IC  alwaysud|solver|Add334~2|datac
    Info (332115):     19.171      0.303 FF  CELL  alwaysud|solver|Add334~2|combout
    Info (332115):     19.439      0.268 FF    IC  alwaysud|solver|Add334~3|datad
    Info (332115):     19.570      0.131 FF  CELL  alwaysud|solver|Add334~3|combout
    Info (332115):     19.826      0.256 FF    IC  alwaysud|solver|Add334~8|datad
    Info (332115):     19.987      0.161 FR  CELL  alwaysud|solver|Add334~8|combout
    Info (332115):     21.241      1.254 RR    IC  alwaysud|solver|Mux16~100|datad
    Info (332115):     21.386      0.145 RF  CELL  alwaysud|solver|Mux16~100|combout
    Info (332115):     21.619      0.233 FF    IC  alwaysud|solver|Mux16~101|datad
    Info (332115):     21.780      0.161 FR  CELL  alwaysud|solver|Mux16~101|combout
    Info (332115):     22.727      0.947 RR    IC  alwaysud|solver|Mux16~102|datac
    Info (332115):     23.032      0.305 RR  CELL  alwaysud|solver|Mux16~102|combout
    Info (332115):     23.243      0.211 RR    IC  alwaysud|solver|Mux16~103|datad
    Info (332115):     23.409      0.166 RR  CELL  alwaysud|solver|Mux16~103|combout
    Info (332115):     23.614      0.205 RR    IC  alwaysud|solver|Mux16~109|datad
    Info (332115):     23.780      0.166 RR  CELL  alwaysud|solver|Mux16~109|combout
    Info (332115):     24.542      0.762 RR    IC  alwaysud|solver|Mux16~264|datad
    Info (332115):     24.708      0.166 RR  CELL  alwaysud|solver|Mux16~264|combout
    Info (332115):     25.416      0.708 RR    IC  alwaysud|solver|Mux10~0|datad
    Info (332115):     25.582      0.166 RR  CELL  alwaysud|solver|Mux10~0|combout
    Info (332115):     25.785      0.203 RR    IC  alwaysud|solver|Mux10~1|datac
    Info (332115):     26.069      0.284 RF  CELL  alwaysud|solver|Mux10~1|combout
    Info (332115):     26.406      0.337 FF    IC  alwaysud|solver|dsel[1]~6|dataa
    Info (332115):     26.808      0.402 FR  CELL  alwaysud|solver|dsel[1]~6|combout
    Info (332115):     27.036      0.228 RR    IC  alwaysud|solver|dsel[1]~8|datad
    Info (332115):     27.181      0.145 RF  CELL  alwaysud|solver|dsel[1]~8|combout
    Info (332115):     27.480      0.299 FF    IC  alwaysud|solver|dsel[1]~20|datab
    Info (332115):     27.904      0.424 FF  CELL  alwaysud|solver|dsel[1]~20|combout
    Info (332115):     29.678      1.774 FF    IC  alwaysud|solver|Mux64~2|datad
    Info (332115):     29.839      0.161 FR  CELL  alwaysud|solver|Mux64~2|combout
    Info (332115):     30.044      0.205 RR    IC  alwaysud|solver|Mux64~3|datad
    Info (332115):     30.210      0.166 RR  CELL  alwaysud|solver|Mux64~3|combout
    Info (332115):     31.746      1.536 RR    IC  alwaysud|solver|Mux100~24|datad
    Info (332115):     31.912      0.166 RR  CELL  alwaysud|solver|Mux100~24|combout
    Info (332115):     32.117      0.205 RR    IC  alwaysud|solver|Mux100~25|datad
    Info (332115):     32.283      0.166 RR  CELL  alwaysud|solver|Mux100~25|combout
    Info (332115):     32.506      0.223 RR    IC  alwaysud|solver|Mux100~27|datad
    Info (332115):     32.672      0.166 RR  CELL  alwaysud|solver|Mux100~27|combout
    Info (332115):     33.404      0.732 RR    IC  alwaysud|solver|Mux103~5|datac
    Info (332115):     33.709      0.305 RR  CELL  alwaysud|solver|Mux103~5|combout
    Info (332115):     33.914      0.205 RR    IC  alwaysud|solver|Mux103~6|datad
    Info (332115):     34.080      0.166 RR  CELL  alwaysud|solver|Mux103~6|combout
    Info (332115):     34.282      0.202 RR    IC  alwaysud|solver|Mux103~9|datad
    Info (332115):     34.448      0.166 RR  CELL  alwaysud|solver|Mux103~9|combout
    Info (332115):     34.864      0.416 RR    IC  alwaysud|solver|r~71|datac
    Info (332115):     35.144      0.280 RF  CELL  alwaysud|solver|r~71|combout
    Info (332115):     35.398      0.254 FF    IC  alwaysud|solver|r~76|datac
    Info (332115):     35.701      0.303 FF  CELL  alwaysud|solver|r~76|combout
    Info (332115):     36.182      0.481 FF    IC  alwaysud|solver|r~78|dataa
    Info (332115):     36.584      0.402 FF  CELL  alwaysud|solver|r~78|combout
    Info (332115):     37.428      0.844 FF    IC  alwaysud|solver|WideOr49~0|datab
    Info (332115):     37.824      0.396 FR  CELL  alwaysud|solver|WideOr49~0|combout
    Info (332115):     39.041      1.217 RR    IC  alwaysud|solver|Mux110~2|datad
    Info (332115):     39.207      0.166 RR  CELL  alwaysud|solver|Mux110~2|combout
    Info (332115):     39.409      0.202 RR    IC  alwaysud|solver|Mux110~4|datad
    Info (332115):     39.575      0.166 RR  CELL  alwaysud|solver|Mux110~4|combout
    Info (332115):     39.780      0.205 RR    IC  alwaysud|solver|Mux110~5|datad
    Info (332115):     39.946      0.166 RR  CELL  alwaysud|solver|Mux110~5|combout
    Info (332115):     40.148      0.202 RR    IC  alwaysud|solver|Mux110~8|datac
    Info (332115):     40.453      0.305 RR  CELL  alwaysud|solver|Mux110~8|combout
    Info (332115):     40.656      0.203 RR    IC  alwaysud|solver|pick_cell[4]~23|datad
    Info (332115):     40.822      0.166 RR  CELL  alwaysud|solver|pick_cell[4]~23|combout
    Info (332115):     41.532      0.710 RR    IC  alwaysud|solver|pick_cell[4]~28|datad
    Info (332115):     41.698      0.166 RR  CELL  alwaysud|solver|pick_cell[4]~28|combout
    Info (332115):     42.756      1.058 RR    IC  alwaysud|solver|Decoder8~82|datac
    Info (332115):     43.060      0.304 RR  CELL  alwaysud|solver|Decoder8~82|combout
    Info (332115):     44.125      1.065 RR    IC  alwaysud|solver|WideOr127~1|datad
    Info (332115):     44.291      0.166 RR  CELL  alwaysud|solver|WideOr127~1|combout
    Info (332115):     47.441      3.150 RR    IC  alwaysud|solver|used~760|datac
    Info (332115):     47.745      0.304 RR  CELL  alwaysud|solver|used~760|combout
    Info (332115):     47.950      0.205 RR    IC  alwaysud|solver|used[8][2]~182|datad
    Info (332115):     48.116      0.166 RR  CELL  alwaysud|solver|used[8][2]~182|combout
    Info (332115):     48.116      0.000 RR    IC  alwaysud|solver|used[8][2]|d
    Info (332115):     48.205      0.089 RR  CELL  alwaysud:alwaysud|alwaysud_solver:solver|used[8][2]
    Info (332115): Data Required Path:
    Info (332115): Total (ns)  Incr (ns)     Type  Element
    Info (332115): ==========  ========= ==  ====  ===================================
    Info (332115):      1.000      1.000           latch edge time
    Info (332115):      1.000      0.000           source latency
    Info (332115):      1.000      0.000           clk
    Info (332115):      1.000      0.000 RR    IC  clk~input|i
    Info (332115):      1.769      0.769 RR  CELL  clk~input|o
    Info (332115):      2.627      0.858 RR    IC  clk~inputclkctrl|inclk[0]
    Info (332115):      2.627      0.000 RR  CELL  clk~inputclkctrl|outclk
    Info (332115):      4.038      1.411 RR    IC  alwaysud|solver|used[8][2]|clk
    Info (332115):      4.513      0.475 RR  CELL  alwaysud:alwaysud|alwaysud_solver:solver|used[8][2]
    Info (332115):      4.550      0.037           clock pessimism removed
    Info (332115):      4.530     -0.020           clock uncertainty
    Info (332115):      4.543      0.013     uTsu  alwaysud:alwaysud|alwaysud_solver:solver|used[8][2]
    Info (332115): Data Arrival Time  :    48.205
    Info (332115): Data Required Time :     4.543
    Info (332115): Slack              :   -43.662 (VIOLATED)
    Info (332115): ===================================================================
Info (23030): Evaluation of Tcl script /data/project/tsmc65/shared/qsyn/util/report_worst.tcl was successful
Info: Quartus Prime Timing Analyzer was successful. 0 errors, 1 warning
    Info: Peak virtual memory: 836 megabytes
    Info: Processing ended: Fri Sep  4 19:44:48 2026
    Info: Elapsed time: 00:00:06
    Info: Total CPU time (on all processors): 00:00:00
