Fitter report for alwaysud
Fri Sep  4 23:49:11 2026
Quartus Prime Version 24.1std.0 Build 1077 03/04/2025 SC Lite Edition


---------------------
; Table of Contents ;
---------------------
  1. Legal Notice
  2. Fitter Summary
  3. Fitter Settings
  4. Parallel Compilation
  5. Incremental Compilation Preservation Summary
  6. Incremental Compilation Partition Settings
  7. Incremental Compilation Placement Preservation
  8. Pin-Out File
  9. Fitter Resource Usage Summary
 10. Fitter Partition Statistics
 11. Input Pins
 12. Output Pins
 13. Dual Purpose and Dedicated Pins
 14. I/O Bank Usage
 15. All Package Pins
 16. I/O Assignment Warnings
 17. Fitter Resource Utilization by Entity
 18. Delay Chain Summary
 19. Pad To Core Delay Chain Fanout
 20. Control Signals
 21. Global & Other Fast Signals
 22. Non-Global High Fan-Out Signals
 23. Routing Usage Summary
 24. LAB Logic Elements
 25. LAB-wide Signals
 26. LAB Signals Sourced
 27. LAB Signals Sourced Out
 28. LAB Distinct Inputs
 29. I/O Rules Summary
 30. I/O Rules Details
 31. I/O Rules Matrix
 32. Fitter Device Options
 33. Operating Settings and Conditions
 34. Estimated Delay Added for Hold Timing Summary
 35. Estimated Delay Added for Hold Timing Details
 36. Fitter Messages
 37. Fitter Suppressed Messages



----------------
; Legal Notice ;
----------------
Copyright (C) 2025  Altera Corporation. All rights reserved.
Your use of Altera Corporation's design tools, logic functions 
and other software and tools, and any partner logic 
functions, and any output files from any of the foregoing 
(including device programming or simulation files), and any 
associated documentation or information are expressly subject 
to the terms and conditions of the Altera Program License 
Subscription Agreement, the Altera Quartus Prime License Agreement,
the Altera IP License Agreement, or other applicable license
agreement, including, without limitation, that your use is for
the sole purpose of programming logic devices manufactured by
Altera and sold by Altera or its authorized distributors.  Please
refer to the Altera Software License Subscription Agreements 
on the Quartus Prime software download page.



+--------------------------------------------------------------------------------------+
; Fitter Summary                                                                       ;
+------------------------------------+-------------------------------------------------+
; Fitter Status                      ; Successful - Fri Sep  4 23:49:10 2026           ;
; Quartus Prime Version              ; 24.1std.0 Build 1077 03/04/2025 SC Lite Edition ;
; Revision Name                      ; alwaysud                                        ;
; Top-level Entity Name              ; qsyn_dummy_xlr_wrap                             ;
; Family                             ; MAX 10                                          ;
; Device                             ; 10M50DAF484C7G                                  ;
; Timing Models                      ; Final                                           ;
; Total logic elements               ; 24,384 / 49,760 ( 49 % )                        ;
;     Total combinational functions  ; 23,673 / 49,760 ( 48 % )                        ;
;     Dedicated logic registers      ; 2,907 / 49,760 ( 6 % )                          ;
; Total registers                    ; 2907                                            ;
; Total pins                         ; 120 / 360 ( 33 % )                              ;
; Total virtual pins                 ; 0                                               ;
; Total memory bits                  ; 0 / 1,677,312 ( 0 % )                           ;
; Embedded Multiplier 9-bit elements ; 0 / 288 ( 0 % )                                 ;
; Total PLLs                         ; 0 / 4 ( 0 % )                                   ;
; UFM blocks                         ; 0 / 1 ( 0 % )                                   ;
; ADC blocks                         ; 0 / 2 ( 0 % )                                   ;
+------------------------------------+-------------------------------------------------+


+----------------------------------------------------------------------------------------------------------------------------------------------------+
; Fitter Settings                                                                                                                                    ;
+--------------------------------------------------------------------+---------------------------------------+---------------------------------------+
; Option                                                             ; Setting                               ; Default Value                         ;
+--------------------------------------------------------------------+---------------------------------------+---------------------------------------+
; Device                                                             ; 10M50DAF484C7G                        ;                                       ;
; Maximum processors allowed for parallel compilation                ; 1                                     ;                                       ;
; Fit Attempts to Skip                                               ; 0                                     ; 0.0                                   ;
; Use smart compilation                                              ; Off                                   ; Off                                   ;
; Enable parallel Assembler and Timing Analyzer during compilation   ; On                                    ; On                                    ;
; Enable compact report table                                        ; Off                                   ; Off                                   ;
; Auto Merge PLLs                                                    ; On                                    ; On                                    ;
; Router Timing Optimization Level                                   ; Normal                                ; Normal                                ;
; Perform Clocking Topology Analysis During Routing                  ; Off                                   ; Off                                   ;
; Placement Effort Multiplier                                        ; 1.0                                   ; 1.0                                   ;
; Router Effort Multiplier                                           ; 1.0                                   ; 1.0                                   ;
; Optimize Hold Timing                                               ; All Paths                             ; All Paths                             ;
; Optimize Multi-Corner Timing                                       ; On                                    ; On                                    ;
; Power Optimization During Fitting                                  ; Normal compilation                    ; Normal compilation                    ;
; SSN Optimization                                                   ; Off                                   ; Off                                   ;
; Optimize Timing                                                    ; Normal compilation                    ; Normal compilation                    ;
; Optimize Timing for ECOs                                           ; Off                                   ; Off                                   ;
; Regenerate Full Fit Report During ECO Compiles                     ; Off                                   ; Off                                   ;
; Optimize IOC Register Placement for Timing                         ; Normal                                ; Normal                                ;
; Final Placement Optimizations                                      ; Automatically                         ; Automatically                         ;
; Fitter Initial Placement Seed                                      ; 1                                     ; 1                                     ;
; Periphery to Core Placement and Routing Optimization               ; Off                                   ; Off                                   ;
; PCI I/O                                                            ; Off                                   ; Off                                   ;
; Weak Pull-Up Resistor                                              ; Off                                   ; Off                                   ;
; Enable Bus-Hold Circuitry                                          ; Off                                   ; Off                                   ;
; Auto Packed Registers                                              ; Auto                                  ; Auto                                  ;
; Auto Delay Chains                                                  ; On                                    ; On                                    ;
; Auto Delay Chains for High Fanout Input Pins                       ; Off                                   ; Off                                   ;
; Allow Single-ended Buffer for Differential-XSTL Input              ; Off                                   ; Off                                   ;
; Treat Bidirectional Pin as Output Pin                              ; Off                                   ; Off                                   ;
; Perform Physical Synthesis for Combinational Logic for Fitting     ; Off                                   ; Off                                   ;
; Perform Physical Synthesis for Combinational Logic for Performance ; Off                                   ; Off                                   ;
; Perform Register Duplication for Performance                       ; Off                                   ; Off                                   ;
; Perform Logic to Memory Mapping for Fitting                        ; Off                                   ; Off                                   ;
; Perform Register Retiming for Performance                          ; Off                                   ; Off                                   ;
; Perform Asynchronous Signal Pipelining                             ; Off                                   ; Off                                   ;
; Fitter Effort                                                      ; Auto Fit                              ; Auto Fit                              ;
; Physical Synthesis Effort Level                                    ; Normal                                ; Normal                                ;
; Logic Cell Insertion - Logic Duplication                           ; Auto                                  ; Auto                                  ;
; Auto Register Duplication                                          ; Auto                                  ; Auto                                  ;
; Auto Global Clock                                                  ; On                                    ; On                                    ;
; Auto Global Register Control Signals                               ; On                                    ; On                                    ;
; Reserve all unused pins                                            ; As input tri-stated with weak pull-up ; As input tri-stated with weak pull-up ;
; Synchronizer Identification                                        ; Auto                                  ; Auto                                  ;
; Enable Beneficial Skew Optimization                                ; On                                    ; On                                    ;
; Optimize Design for Metastability                                  ; On                                    ; On                                    ;
; Force Fitter to Avoid Periphery Placement Warnings                 ; Off                                   ; Off                                   ;
; Enable input tri-state on active configuration pins in user mode   ; Off                                   ; Off                                   ;
+--------------------------------------------------------------------+---------------------------------------+---------------------------------------+


Parallel compilation was disabled, but you have multiple processors available. Enable parallel compilation to reduce compilation time.
+-------------------------------------+
; Parallel Compilation                ;
+----------------------------+--------+
; Processors                 ; Number ;
+----------------------------+--------+
; Number detected on machine ; 2      ;
; Maximum allowed            ; 1      ;
+----------------------------+--------+


+----------------------------------------------------------------------------------------------------+
; Incremental Compilation Preservation Summary                                                       ;
+---------------------+----------------------+----------------------------+--------------------------+
; Type                ; Total [A + B]        ; From Design Partitions [A] ; From Rapid Recompile [B] ;
+---------------------+----------------------+----------------------------+--------------------------+
; Placement (by node) ;                      ;                            ;                          ;
;     -- Requested    ; 0.00 % ( 0 / 26841 ) ; 0.00 % ( 0 / 26841 )       ; 0.00 % ( 0 / 26841 )     ;
;     -- Achieved     ; 0.00 % ( 0 / 26841 ) ; 0.00 % ( 0 / 26841 )       ; 0.00 % ( 0 / 26841 )     ;
;                     ;                      ;                            ;                          ;
; Routing (by net)    ;                      ;                            ;                          ;
;     -- Requested    ; 0.00 % ( 0 / 0 )     ; 0.00 % ( 0 / 0 )           ; 0.00 % ( 0 / 0 )         ;
;     -- Achieved     ; 0.00 % ( 0 / 0 )     ; 0.00 % ( 0 / 0 )           ; 0.00 % ( 0 / 0 )         ;
+---------------------+----------------------+----------------------------+--------------------------+


+----------------------------------------------------------------------------------------------------------------------------------------------------------------------------------------+
; Incremental Compilation Partition Settings                                                                                                                                             ;
+--------------------------------+----------------+-------------------+-------------------------+------------------------+------------------------------+--------------------------------+
; Partition Name                 ; Partition Type ; Netlist Type Used ; Preservation Level Used ; Netlist Type Requested ; Preservation Level Requested ; Contents                       ;
+--------------------------------+----------------+-------------------+-------------------------+------------------------+------------------------------+--------------------------------+
; Top                            ; User-created   ; Source File       ; N/A                     ; Source File            ; N/A                          ;                                ;
; hard_block:auto_generated_inst ; Auto-generated ; Source File       ; N/A                     ; Source File            ; N/A                          ; hard_block:auto_generated_inst ;
+--------------------------------+----------------+-------------------+-------------------------+------------------------+------------------------------+--------------------------------+


+------------------------------------------------------------------------------------------------------------------------------------+
; Incremental Compilation Placement Preservation                                                                                     ;
+--------------------------------+-----------------------+-------------------------+-------------------+---------------------+-------+
; Partition Name                 ; Preservation Achieved ; Preservation Level Used ; Netlist Type Used ; Preservation Method ; Notes ;
+--------------------------------+-----------------------+-------------------------+-------------------+---------------------+-------+
; Top                            ; 0.00 % ( 0 / 26825 )  ; N/A                     ; Source File       ; N/A                 ;       ;
; hard_block:auto_generated_inst ; 0.00 % ( 0 / 16 )     ; N/A                     ; Source File       ; N/A                 ;       ;
+--------------------------------+-----------------------+-------------------------+-------------------+---------------------+-------+


+--------------+
; Pin-Out File ;
+--------------+
The pin-out file can be found in /project/tsmc65/users/perezba/ws/my_k5_proj/hw/xlrs/alwaysud/qsyn_output_files/alwaysud.pin.


+------------------------------------------------------------------------+
; Fitter Resource Usage Summary                                          ;
+---------------------------------------------+--------------------------+
; Resource                                    ; Usage                    ;
+---------------------------------------------+--------------------------+
; Total logic elements                        ; 24,384 / 49,760 ( 49 % ) ;
;     -- Combinational with no register       ; 21477                    ;
;     -- Register only                        ; 711                      ;
;     -- Combinational with a register        ; 2196                     ;
;                                             ;                          ;
; Logic element usage by number of LUT inputs ;                          ;
;     -- 4 input functions                    ; 18114                    ;
;     -- 3 input functions                    ; 4744                     ;
;     -- <=2 input functions                  ; 815                      ;
;     -- Register only                        ; 711                      ;
;                                             ;                          ;
; Logic elements by mode                      ;                          ;
;     -- normal mode                          ; 23492                    ;
;     -- arithmetic mode                      ; 181                      ;
;                                             ;                          ;
; Total registers*                            ; 2,907 / 51,509 ( 6 % )   ;
;     -- Dedicated logic registers            ; 2,907 / 49,760 ( 6 % )   ;
;     -- I/O registers                        ; 0 / 1,749 ( 0 % )        ;
;                                             ;                          ;
; Total LABs:  partially or completely used   ; 1,762 / 3,110 ( 57 % )   ;
; Virtual pins                                ; 0                        ;
; I/O pins                                    ; 120 / 360 ( 33 % )       ;
;     -- Clock pins                           ; 5 / 8 ( 63 % )           ;
;     -- Dedicated input pins                 ; 1 / 1 ( 100 % )          ;
;                                             ;                          ;
; M9Ks                                        ; 0 / 182 ( 0 % )          ;
; UFM blocks                                  ; 0 / 1 ( 0 % )            ;
; ADC blocks                                  ; 0 / 2 ( 0 % )            ;
; Total block memory bits                     ; 0 / 1,677,312 ( 0 % )    ;
; Total block memory implementation bits      ; 0 / 1,677,312 ( 0 % )    ;
; Embedded Multiplier 9-bit elements          ; 0 / 288 ( 0 % )          ;
; PLLs                                        ; 0 / 4 ( 0 % )            ;
; Global signals                              ; 2                        ;
;     -- Global clocks                        ; 2 / 20 ( 10 % )          ;
; JTAGs                                       ; 0 / 1 ( 0 % )            ;
; CRC blocks                                  ; 0 / 1 ( 0 % )            ;
; Remote update blocks                        ; 0 / 1 ( 0 % )            ;
; Oscillator blocks                           ; 0 / 1 ( 0 % )            ;
; Impedance control blocks                    ; 0 / 1 ( 0 % )            ;
; Average interconnect usage (total/H/V)      ; 39.7% / 38.4% / 41.4%    ;
; Peak interconnect usage (total/H/V)         ; 91.9% / 89.6% / 96.1%    ;
; Maximum fan-out                             ; 2907                     ;
; Highest non-global fan-out                  ; 1237                     ;
; Total fan-out                               ; 100247                   ;
; Average fan-out                             ; 3.64                     ;
+---------------------------------------------+--------------------------+
*  Register count does not include registers inside RAM blocks or DSP blocks.



+-------------------------------------------------------------------------------------------------------+
; Fitter Partition Statistics                                                                           ;
+---------------------------------------------+------------------------+--------------------------------+
; Statistic                                   ; Top                    ; hard_block:auto_generated_inst ;
+---------------------------------------------+------------------------+--------------------------------+
; Difficulty Clustering Region                ; Low                    ; Low                            ;
;                                             ;                        ;                                ;
; Total logic elements                        ; 24384 / 49760 ( 49 % ) ; 0 / 49760 ( 0 % )              ;
;     -- Combinational with no register       ; 21477                  ; 0                              ;
;     -- Register only                        ; 711                    ; 0                              ;
;     -- Combinational with a register        ; 2196                   ; 0                              ;
;                                             ;                        ;                                ;
; Logic element usage by number of LUT inputs ;                        ;                                ;
;     -- 4 input functions                    ; 18114                  ; 0                              ;
;     -- 3 input functions                    ; 4744                   ; 0                              ;
;     -- <=2 input functions                  ; 815                    ; 0                              ;
;     -- Register only                        ; 711                    ; 0                              ;
;                                             ;                        ;                                ;
; Logic elements by mode                      ;                        ;                                ;
;     -- normal mode                          ; 23492                  ; 0                              ;
;     -- arithmetic mode                      ; 181                    ; 0                              ;
;                                             ;                        ;                                ;
; Total registers                             ; 2907                   ; 0                              ;
;     -- Dedicated logic registers            ; 2907 / 49760 ( 6 % )   ; 0 / 49760 ( 0 % )              ;
;     -- I/O registers                        ; 0                      ; 0                              ;
;                                             ;                        ;                                ;
; Total LABs:  partially or completely used   ; 1762 / 3110 ( 57 % )   ; 0 / 3110 ( 0 % )               ;
;                                             ;                        ;                                ;
; Virtual pins                                ; 0                      ; 0                              ;
; I/O pins                                    ; 120                    ; 0                              ;
; Embedded Multiplier 9-bit elements          ; 0 / 288 ( 0 % )        ; 0 / 288 ( 0 % )                ;
; Total memory bits                           ; 0                      ; 0                              ;
; Total RAM block bits                        ; 0                      ; 0                              ;
; Clock control block                         ; 2 / 24 ( 8 % )         ; 0 / 24 ( 0 % )                 ;
; User Flash Memory                           ; 1 / 1 ( 100 % )        ; 0 / 1 ( 0 % )                  ;
; Analog-to-Digital Converter                 ; 2 / 2 ( 100 % )        ; 0 / 2 ( 0 % )                  ;
;                                             ;                        ;                                ;
; Connections                                 ;                        ;                                ;
;     -- Input Connections                    ; 0                      ; 0                              ;
;     -- Registered Input Connections         ; 0                      ; 0                              ;
;     -- Output Connections                   ; 0                      ; 0                              ;
;     -- Registered Output Connections        ; 0                      ; 0                              ;
;                                             ;                        ;                                ;
; Internal Connections                        ;                        ;                                ;
;     -- Total Connections                    ; 100253                 ; 8                              ;
;     -- Registered Connections               ; 18814                  ; 0                              ;
;                                             ;                        ;                                ;
; External Connections                        ;                        ;                                ;
;     -- Top                                  ; 0                      ; 0                              ;
;     -- hard_block:auto_generated_inst       ; 0                      ; 0                              ;
;                                             ;                        ;                                ;
; Partition Interface                         ;                        ;                                ;
;     -- Input Ports                          ; 63                     ; 0                              ;
;     -- Output Ports                         ; 57                     ; 0                              ;
;     -- Bidir Ports                          ; 0                      ; 0                              ;
;                                             ;                        ;                                ;
; Registered Ports                            ;                        ;                                ;
;     -- Registered Input Ports               ; 0                      ; 0                              ;
;     -- Registered Output Ports              ; 0                      ; 0                              ;
;                                             ;                        ;                                ;
; Port Connectivity                           ;                        ;                                ;
;     -- Input Ports driven by GND            ; 0                      ; 0                              ;
;     -- Output Ports driven by GND           ; 0                      ; 0                              ;
;     -- Input Ports driven by VCC            ; 0                      ; 0                              ;
;     -- Output Ports driven by VCC           ; 0                      ; 0                              ;
;     -- Input Ports with no Source           ; 0                      ; 0                              ;
;     -- Output Ports with no Source          ; 0                      ; 0                              ;
;     -- Input Ports with no Fanout           ; 0                      ; 0                              ;
;     -- Output Ports with no Fanout          ; 0                      ; 0                              ;
+---------------------------------------------+------------------------+--------------------------------+


+-----------------------------------------------------------------------------------------------------------------------------------------------------------------------------------------------------------------------------------------------------------------------------------------------------------+
; Input Pins                                                                                                                                                                                                                                                                                                ;
+--------------------------+-------+----------+--------------+--------------+--------------+-----------------------+--------------------+--------+----------------+---------------+-----------------+----------+--------------+--------------+---------------------------+----------------------+-----------+
; Name                     ; Pin # ; I/O Bank ; X coordinate ; Y coordinate ; Z coordinate ; Combinational Fan-Out ; Registered Fan-Out ; Global ; Input Register ; Power Up High ; PCI I/O Enabled ; Bus Hold ; Weak Pull Up ; I/O Standard ; Termination Control Block ; Location assigned by ; Slew Rate ;
+--------------------------+-------+----------+--------------+--------------+--------------+-----------------------+--------------------+--------+----------------+---------------+-----------------+----------+--------------+--------------+---------------------------+----------------------+-----------+
; clk                      ; M8    ; 2        ; 0            ; 18           ; 14           ; 2907                  ; 0                  ; yes    ; no             ; no            ; yes             ; no       ; Off          ; 2.5 V        ; --                        ; Fitter               ; 0         ;
; dummy_din[0]             ; AA7   ; 3        ; 29           ; 0            ; 14           ; 10                    ; 0                  ; no     ; no             ; no            ; yes             ; no       ; Off          ; 2.5 V        ; --                        ; Fitter               ; 0         ;
; dummy_din[10]            ; AA9   ; 3        ; 34           ; 0            ; 21           ; 9                     ; 0                  ; no     ; no             ; no            ; yes             ; no       ; Off          ; 2.5 V        ; --                        ; Fitter               ; 0         ;
; dummy_din[11]            ; AB8   ; 3        ; 31           ; 0            ; 7            ; 9                     ; 0                  ; no     ; no             ; no            ; yes             ; no       ; Off          ; 2.5 V        ; --                        ; Fitter               ; 0         ;
; dummy_din[12]            ; W8    ; 3        ; 24           ; 0            ; 0            ; 1                     ; 0                  ; no     ; no             ; no            ; yes             ; no       ; Off          ; 2.5 V        ; --                        ; Fitter               ; 0         ;
; dummy_din[13]            ; W7    ; 3        ; 24           ; 0            ; 7            ; 1                     ; 0                  ; no     ; no             ; no            ; yes             ; no       ; Off          ; 2.5 V        ; --                        ; Fitter               ; 0         ;
; dummy_din[14]            ; Y1    ; 3        ; 16           ; 0            ; 21           ; 1                     ; 0                  ; no     ; no             ; no            ; yes             ; no       ; Off          ; 2.5 V        ; --                        ; Fitter               ; 0         ;
; dummy_din[15]            ; AA5   ; 3        ; 26           ; 0            ; 0            ; 1                     ; 0                  ; no     ; no             ; no            ; yes             ; no       ; Off          ; 2.5 V        ; --                        ; Fitter               ; 0         ;
; dummy_din[16]            ; V10   ; 3        ; 31           ; 0            ; 21           ; 8                     ; 0                  ; no     ; no             ; no            ; yes             ; no       ; Off          ; 2.5 V        ; --                        ; Fitter               ; 0         ;
; dummy_din[17]            ; AB7   ; 3        ; 29           ; 0            ; 0            ; 8                     ; 0                  ; no     ; no             ; no            ; yes             ; no       ; Off          ; 2.5 V        ; --                        ; Fitter               ; 0         ;
; dummy_din[18]            ; AB9   ; 3        ; 34           ; 0            ; 14           ; 8                     ; 0                  ; no     ; no             ; no            ; yes             ; no       ; Off          ; 2.5 V        ; --                        ; Fitter               ; 0         ;
; dummy_din[19]            ; AA6   ; 3        ; 29           ; 0            ; 21           ; 8                     ; 0                  ; no     ; no             ; no            ; yes             ; no       ; Off          ; 2.5 V        ; --                        ; Fitter               ; 0         ;
; dummy_din[1]             ; R10   ; 3        ; 26           ; 0            ; 14           ; 10                    ; 0                  ; no     ; no             ; no            ; yes             ; no       ; Off          ; 2.5 V        ; --                        ; Fitter               ; 0         ;
; dummy_din[20]            ; R5    ; 2        ; 0            ; 15           ; 21           ; 0                     ; 0                  ; no     ; no             ; no            ; yes             ; no       ; Off          ; 2.5 V        ; --                        ; Fitter               ; 0         ;
; dummy_din[21]            ; W11   ; 4        ; 36           ; 0            ; 7            ; 0                     ; 0                  ; no     ; no             ; no            ; yes             ; no       ; Off          ; 2.5 V        ; --                        ; Fitter               ; 0         ;
; dummy_din[22]            ; E19   ; 6        ; 78           ; 40           ; 21           ; 0                     ; 0                  ; no     ; no             ; no            ; yes             ; no       ; Off          ; 2.5 V        ; --                        ; Fitter               ; 0         ;
; dummy_din[23]            ; F5    ; 1A       ; 0            ; 37           ; 14           ; 0                     ; 0                  ; no     ; no             ; no            ; yes             ; no       ; Off          ; 2.5 V        ; --                        ; Fitter               ; 0         ;
; dummy_din[24]            ; V9    ; 3        ; 31           ; 0            ; 28           ; 8                     ; 0                  ; no     ; no             ; no            ; yes             ; no       ; Off          ; 2.5 V        ; --                        ; Fitter               ; 0         ;
; dummy_din[25]            ; AB5   ; 3        ; 29           ; 0            ; 28           ; 8                     ; 0                  ; no     ; no             ; no            ; yes             ; no       ; Off          ; 2.5 V        ; --                        ; Fitter               ; 0         ;
; dummy_din[26]            ; Y10   ; 3        ; 34           ; 0            ; 7            ; 8                     ; 0                  ; no     ; no             ; no            ; yes             ; no       ; Off          ; 2.5 V        ; --                        ; Fitter               ; 0         ;
; dummy_din[27]            ; AA8   ; 3        ; 31           ; 0            ; 14           ; 8                     ; 0                  ; no     ; no             ; no            ; yes             ; no       ; Off          ; 2.5 V        ; --                        ; Fitter               ; 0         ;
; dummy_din[28]            ; A18   ; 7        ; 66           ; 54           ; 28           ; 0                     ; 0                  ; no     ; no             ; no            ; yes             ; no       ; Off          ; 2.5 V        ; --                        ; Fitter               ; 0         ;
; dummy_din[29]            ; C21   ; 6        ; 78           ; 36           ; 0            ; 0                     ; 0                  ; no     ; no             ; no            ; yes             ; no       ; Off          ; 2.5 V        ; --                        ; Fitter               ; 0         ;
; dummy_din[2]             ; AA10  ; 3        ; 34           ; 0            ; 0            ; 9                     ; 0                  ; no     ; no             ; no            ; yes             ; no       ; Off          ; 2.5 V        ; --                        ; Fitter               ; 0         ;
; dummy_din[30]            ; D12   ; 7        ; 51           ; 54           ; 0            ; 0                     ; 0                  ; no     ; no             ; no            ; yes             ; no       ; Off          ; 2.5 V        ; --                        ; Fitter               ; 0         ;
; dummy_din[31]            ; B8    ; 7        ; 46           ; 54           ; 28           ; 0                     ; 0                  ; no     ; no             ; no            ; yes             ; no       ; Off          ; 2.5 V        ; --                        ; Fitter               ; 0         ;
; dummy_din[3]             ; P11   ; 3        ; 34           ; 0            ; 28           ; 9                     ; 0                  ; no     ; no             ; no            ; yes             ; no       ; Off          ; 2.5 V        ; --                        ; Fitter               ; 0         ;
; dummy_din[4]             ; Y4    ; 3        ; 24           ; 0            ; 14           ; 1                     ; 0                  ; no     ; no             ; no            ; yes             ; no       ; Off          ; 2.5 V        ; --                        ; Fitter               ; 0         ;
; dummy_din[5]             ; Y3    ; 3        ; 24           ; 0            ; 21           ; 1                     ; 0                  ; no     ; no             ; no            ; yes             ; no       ; Off          ; 2.5 V        ; --                        ; Fitter               ; 0         ;
; dummy_din[6]             ; V7    ; 3        ; 20           ; 0            ; 21           ; 1                     ; 0                  ; no     ; no             ; no            ; yes             ; no       ; Off          ; 2.5 V        ; --                        ; Fitter               ; 0         ;
; dummy_din[7]             ; W10   ; 3        ; 24           ; 0            ; 28           ; 1                     ; 0                  ; no     ; no             ; no            ; yes             ; no       ; Off          ; 2.5 V        ; --                        ; Fitter               ; 0         ;
; dummy_din[8]             ; R11   ; 3        ; 31           ; 0            ; 0            ; 9                     ; 0                  ; no     ; no             ; no            ; yes             ; no       ; Off          ; 2.5 V        ; --                        ; Fitter               ; 0         ;
; dummy_din[9]             ; AB6   ; 3        ; 29           ; 0            ; 7            ; 9                     ; 0                  ; no     ; no             ; no            ; yes             ; no       ; Off          ; 2.5 V        ; --                        ; Fitter               ; 0         ;
; host_regs_read_pulse[0]  ; W18   ; 4        ; 62           ; 0            ; 7            ; 0                     ; 0                  ; no     ; no             ; no            ; yes             ; no       ; Off          ; 2.5 V        ; --                        ; Fitter               ; 0         ;
; host_regs_read_pulse[10] ; W13   ; 4        ; 46           ; 0            ; 0            ; 0                     ; 0                  ; no     ; no             ; no            ; yes             ; no       ; Off          ; 2.5 V        ; --                        ; Fitter               ; 0         ;
; host_regs_read_pulse[11] ; R15   ; 5        ; 78           ; 18           ; 21           ; 0                     ; 0                  ; no     ; no             ; no            ; yes             ; no       ; Off          ; 2.5 V        ; --                        ; Fitter               ; 0         ;
; host_regs_read_pulse[12] ; N19   ; 6        ; 78           ; 34           ; 14           ; 0                     ; 0                  ; no     ; no             ; no            ; yes             ; no       ; Off          ; 2.5 V        ; --                        ; Fitter               ; 0         ;
; host_regs_read_pulse[13] ; Y13   ; 4        ; 51           ; 0            ; 7            ; 0                     ; 0                  ; no     ; no             ; no            ; yes             ; no       ; Off          ; 2.5 V        ; --                        ; Fitter               ; 0         ;
; host_regs_read_pulse[14] ; C10   ; 7        ; 51           ; 54           ; 28           ; 0                     ; 0                  ; no     ; no             ; no            ; yes             ; no       ; Off          ; 2.5 V        ; --                        ; Fitter               ; 0         ;
; host_regs_read_pulse[15] ; R22   ; 5        ; 78           ; 21           ; 7            ; 0                     ; 0                  ; no     ; no             ; no            ; yes             ; no       ; Off          ; 2.5 V        ; --                        ; Fitter               ; 0         ;
; host_regs_read_pulse[1]  ; D17   ; 7        ; 74           ; 54           ; 14           ; 0                     ; 0                  ; no     ; no             ; no            ; yes             ; no       ; Off          ; 2.5 V        ; --                        ; Fitter               ; 0         ;
; host_regs_read_pulse[2]  ; D14   ; 7        ; 56           ; 54           ; 7            ; 0                     ; 0                  ; no     ; no             ; no            ; yes             ; no       ; Off          ; 2.5 V        ; --                        ; Fitter               ; 0         ;
; host_regs_read_pulse[3]  ; N18   ; 6        ; 78           ; 34           ; 22           ; 0                     ; 0                  ; no     ; no             ; no            ; yes             ; no       ; Off          ; 2.5 V        ; --                        ; Fitter               ; 0         ;
; host_regs_read_pulse[4]  ; F15   ; 7        ; 69           ; 54           ; 0            ; 0                     ; 0                  ; no     ; no             ; no            ; yes             ; no       ; Off          ; 2.5 V        ; --                        ; Fitter               ; 0         ;
; host_regs_read_pulse[5]  ; R1    ; 2        ; 0            ; 3            ; 0            ; 0                     ; 0                  ; no     ; no             ; no            ; yes             ; no       ; Off          ; 2.5 V        ; --                        ; Fitter               ; 0         ;
; host_regs_read_pulse[6]  ; Y14   ; 4        ; 51           ; 0            ; 0            ; 0                     ; 0                  ; no     ; no             ; no            ; yes             ; no       ; Off          ; 2.5 V        ; --                        ; Fitter               ; 0         ;
; host_regs_read_pulse[7]  ; G20   ; 6        ; 78           ; 31           ; 21           ; 0                     ; 0                  ; no     ; no             ; no            ; yes             ; no       ; Off          ; 2.5 V        ; --                        ; Fitter               ; 0         ;
; host_regs_read_pulse[8]  ; E15   ; 7        ; 74           ; 54           ; 7            ; 0                     ; 0                  ; no     ; no             ; no            ; yes             ; no       ; Off          ; 2.5 V        ; --                        ; Fitter               ; 0         ;
; host_regs_read_pulse[9]  ; N9    ; 2        ; 0            ; 13           ; 21           ; 0                     ; 0                  ; no     ; no             ; no            ; yes             ; no       ; Off          ; 2.5 V        ; --                        ; Fitter               ; 0         ;
; host_regs_valid_pulse    ; C4    ; 8        ; 24           ; 39           ; 0            ; 1                     ; 0                  ; no     ; no             ; no            ; yes             ; no       ; Off          ; 2.5 V        ; --                        ; Fitter               ; 0         ;
; mem_ack                  ; F7    ; 8        ; 24           ; 39           ; 14           ; 1                     ; 0                  ; no     ; no             ; no            ; yes             ; no       ; Off          ; 2.5 V        ; --                        ; Fitter               ; 0         ;
; mem_valid                ; D5    ; 8        ; 24           ; 39           ; 28           ; 1                     ; 0                  ; no     ; no             ; no            ; yes             ; no       ; Off          ; 2.5 V        ; --                        ; Fitter               ; 0         ;
; reg_idx[0]               ; D7    ; 8        ; 29           ; 39           ; 14           ; 4                     ; 0                  ; no     ; no             ; no            ; yes             ; no       ; Off          ; 2.5 V        ; --                        ; Fitter               ; 0         ;
; reg_idx[1]               ; C6    ; 8        ; 29           ; 39           ; 7            ; 4                     ; 0                  ; no     ; no             ; no            ; yes             ; no       ; Off          ; 2.5 V        ; --                        ; Fitter               ; 0         ;
; reg_idx[2]               ; D8    ; 8        ; 31           ; 39           ; 0            ; 4                     ; 0                  ; no     ; no             ; no            ; yes             ; no       ; Off          ; 2.5 V        ; --                        ; Fitter               ; 0         ;
; reg_idx[3]               ; E9    ; 8        ; 29           ; 39           ; 0            ; 4                     ; 0                  ; no     ; no             ; no            ; yes             ; no       ; Off          ; 2.5 V        ; --                        ; Fitter               ; 0         ;
; rst_n                    ; M9    ; 2        ; 0            ; 18           ; 21           ; 1533                  ; 0                  ; yes    ; no             ; no            ; yes             ; no       ; Off          ; 2.5 V        ; --                        ; Fitter               ; 0         ;
; sel_word_idx[0]          ; L9    ; 1B       ; 0            ; 27           ; 21           ; 60                    ; 0                  ; no     ; no             ; no            ; yes             ; no       ; Off          ; 2.5 V        ; --                        ; Fitter               ; 0         ;
; sel_word_idx[1]          ; F2    ; 1B       ; 0            ; 27           ; 7            ; 56                    ; 0                  ; no     ; no             ; no            ; yes             ; no       ; Off          ; 2.5 V        ; --                        ; Fitter               ; 0         ;
; sel_word_idx[2]          ; L8    ; 1B       ; 0            ; 27           ; 14           ; 24                    ; 0                  ; no     ; no             ; no            ; yes             ; no       ; Off          ; 2.5 V        ; --                        ; Fitter               ; 0         ;
; sel_word_idx[3]          ; AB4   ; 3        ; 26           ; 0            ; 21           ; 8                     ; 0                  ; no     ; no             ; no            ; yes             ; no       ; Off          ; 2.5 V        ; --                        ; Fitter               ; 0         ;
; sel_wr                   ; AA2   ; 3        ; 18           ; 0            ; 21           ; 38                    ; 0                  ; no     ; no             ; no            ; yes             ; no       ; Off          ; 2.5 V        ; --                        ; Fitter               ; 0         ;
; sel_xmem                 ; A3    ; 8        ; 26           ; 39           ; 7            ; 16                    ; 0                  ; no     ; no             ; no            ; yes             ; no       ; Off          ; 2.5 V        ; --                        ; Fitter               ; 0         ;
+--------------------------+-------+----------+--------------+--------------+--------------+-----------------------+--------------------+--------+----------------+---------------+-----------------+----------+--------------+--------------+---------------------------+----------------------+-----------+


+----------------------------------------------------------------------------------------------------------------------------------------------------------------------------------------------------------------------------------------------------------------------------------------------------------------------------------------------------------------------------------------------------------------------------------------------------------------------+
; Output Pins                                                                                                                                                                                                                                                                                                                                                                                                                                                          ;
+---------------------+-------+----------+--------------+--------------+--------------+-----------------+------------------------+---------------+-----------+-----------------+------------+---------------+----------+--------------+--------------+------------------+-----------------------------------+---------------------------+----------------------------+-----------------------------+----------------------+----------------------+---------------------+
; Name                ; Pin # ; I/O Bank ; X coordinate ; Y coordinate ; Z coordinate ; Output Register ; Output Enable Register ; Power Up High ; Slew Rate ; PCI I/O Enabled ; Open Drain ; TRI Primitive ; Bus Hold ; Weak Pull Up ; I/O Standard ; Current Strength ; Termination                       ; Termination Control Block ; Output Buffer Pre-emphasis ; Voltage Output Differential ; Location assigned by ; Output Enable Source ; Output Enable Group ;
+---------------------+-------+----------+--------------+--------------+--------------+-----------------+------------------------+---------------+-----------+-----------------+------------+---------------+----------+--------------+--------------+------------------+-----------------------------------+---------------------------+----------------------------+-----------------------------+----------------------+----------------------+---------------------+
; dummy_dout[0]       ; E8    ; 8        ; 24           ; 39           ; 7            ; no              ; no                     ; no            ; 2         ; no              ; no         ; no            ; no       ; Off          ; 2.5 V        ; Default          ; Series 50 Ohm without Calibration ; --                        ; no                         ; no                          ; Fitter               ; -                    ; -                   ;
; dummy_dout[10]      ; K5    ; 1A       ; 0            ; 34           ; 14           ; no              ; no                     ; no            ; 2         ; no              ; no         ; no            ; no       ; Off          ; 2.5 V        ; Default          ; Series 50 Ohm without Calibration ; --                        ; no                         ; no                          ; Fitter               ; -                    ; -                   ;
; dummy_dout[11]      ; C3    ; 8        ; 20           ; 39           ; 7            ; no              ; no                     ; no            ; 2         ; no              ; no         ; no            ; no       ; Off          ; 2.5 V        ; Default          ; Series 50 Ohm without Calibration ; --                        ; no                         ; no                          ; Fitter               ; -                    ; -                   ;
; dummy_dout[12]      ; A10   ; 7        ; 51           ; 54           ; 14           ; no              ; no                     ; no            ; 2         ; no              ; no         ; no            ; no       ; Off          ; 2.5 V        ; Default          ; Series 50 Ohm without Calibration ; --                        ; no                         ; no                          ; Fitter               ; -                    ; -                   ;
; dummy_dout[13]      ; J12   ; 7        ; 54           ; 54           ; 7            ; no              ; no                     ; no            ; 2         ; no              ; no         ; no            ; no       ; Off          ; 2.5 V        ; Default          ; Series 50 Ohm without Calibration ; --                        ; no                         ; no                          ; Fitter               ; -                    ; -                   ;
; dummy_dout[14]      ; C19   ; 7        ; 69           ; 54           ; 7            ; no              ; no                     ; no            ; 2         ; no              ; no         ; no            ; no       ; Off          ; 2.5 V        ; Default          ; Series 50 Ohm without Calibration ; --                        ; no                         ; no                          ; Fitter               ; -                    ; -                   ;
; dummy_dout[15]      ; J10   ; 8        ; 34           ; 39           ; 7            ; no              ; no                     ; no            ; 2         ; no              ; no         ; no            ; no       ; Off          ; 2.5 V        ; Default          ; Series 50 Ohm without Calibration ; --                        ; no                         ; no                          ; Fitter               ; -                    ; -                   ;
; dummy_dout[16]      ; G3    ; 1A       ; 0            ; 35           ; 7            ; no              ; no                     ; no            ; 2         ; no              ; no         ; no            ; no       ; Off          ; 2.5 V        ; Default          ; Series 50 Ohm without Calibration ; --                        ; no                         ; no                          ; Fitter               ; -                    ; -                   ;
; dummy_dout[17]      ; B1    ; 8        ; 22           ; 39           ; 21           ; no              ; no                     ; no            ; 2         ; no              ; no         ; no            ; no       ; Off          ; 2.5 V        ; Default          ; Series 50 Ohm without Calibration ; --                        ; no                         ; no                          ; Fitter               ; -                    ; -                   ;
; dummy_dout[18]      ; J3    ; 1A       ; 0            ; 34           ; 7            ; no              ; no                     ; no            ; 2         ; no              ; no         ; no            ; no       ; Off          ; 2.5 V        ; Default          ; Series 50 Ohm without Calibration ; --                        ; no                         ; no                          ; Fitter               ; -                    ; -                   ;
; dummy_dout[19]      ; J4    ; 1A       ; 0            ; 35           ; 14           ; no              ; no                     ; no            ; 2         ; no              ; no         ; no            ; no       ; Off          ; 2.5 V        ; Default          ; Series 50 Ohm without Calibration ; --                        ; no                         ; no                          ; Fitter               ; -                    ; -                   ;
; dummy_dout[1]       ; B4    ; 8        ; 26           ; 39           ; 21           ; no              ; no                     ; no            ; 2         ; no              ; no         ; no            ; no       ; Off          ; 2.5 V        ; Default          ; Series 50 Ohm without Calibration ; --                        ; no                         ; no                          ; Fitter               ; -                    ; -                   ;
; dummy_dout[20]      ; J1    ; 1B       ; 0            ; 26           ; 21           ; no              ; no                     ; no            ; 2         ; no              ; no         ; no            ; no       ; Off          ; 2.5 V        ; Default          ; Series 50 Ohm without Calibration ; --                        ; no                         ; no                          ; Fitter               ; -                    ; -                   ;
; dummy_dout[21]      ; P1    ; 2        ; 0            ; 13           ; 0            ; no              ; no                     ; no            ; 2         ; no              ; no         ; no            ; no       ; Off          ; 2.5 V        ; Default          ; Series 50 Ohm without Calibration ; --                        ; no                         ; no                          ; Fitter               ; -                    ; -                   ;
; dummy_dout[22]      ; A17   ; 7        ; 64           ; 54           ; 0            ; no              ; no                     ; no            ; 2         ; no              ; no         ; no            ; no       ; Off          ; 2.5 V        ; Default          ; Series 50 Ohm without Calibration ; --                        ; no                         ; no                          ; Fitter               ; -                    ; -                   ;
; dummy_dout[23]      ; A13   ; 7        ; 54           ; 54           ; 14           ; no              ; no                     ; no            ; 2         ; no              ; no         ; no            ; no       ; Off          ; 2.5 V        ; Default          ; Series 50 Ohm without Calibration ; --                        ; no                         ; no                          ; Fitter               ; -                    ; -                   ;
; dummy_dout[24]      ; H3    ; 1A       ; 0            ; 35           ; 21           ; no              ; no                     ; no            ; 2         ; no              ; no         ; no            ; no       ; Off          ; 2.5 V        ; Default          ; Series 50 Ohm without Calibration ; --                        ; no                         ; no                          ; Fitter               ; -                    ; -                   ;
; dummy_dout[25]      ; E6    ; 8        ; 20           ; 39           ; 0            ; no              ; no                     ; no            ; 2         ; no              ; no         ; no            ; no       ; Off          ; 2.5 V        ; Default          ; Series 50 Ohm without Calibration ; --                        ; no                         ; no                          ; Fitter               ; -                    ; -                   ;
; dummy_dout[26]      ; K4    ; 1A       ; 0            ; 34           ; 0            ; no              ; no                     ; no            ; 2         ; no              ; no         ; no            ; no       ; Off          ; 2.5 V        ; Default          ; Series 50 Ohm without Calibration ; --                        ; no                         ; no                          ; Fitter               ; -                    ; -                   ;
; dummy_dout[27]      ; B2    ; 8        ; 22           ; 39           ; 14           ; no              ; no                     ; no            ; 2         ; no              ; no         ; no            ; no       ; Off          ; 2.5 V        ; Default          ; Series 50 Ohm without Calibration ; --                        ; no                         ; no                          ; Fitter               ; -                    ; -                   ;
; dummy_dout[28]      ; B16   ; 7        ; 60           ; 54           ; 7            ; no              ; no                     ; no            ; 2         ; no              ; no         ; no            ; no       ; Off          ; 2.5 V        ; Default          ; Series 50 Ohm without Calibration ; --                        ; no                         ; no                          ; Fitter               ; -                    ; -                   ;
; dummy_dout[29]      ; Y19   ; 4        ; 62           ; 0            ; 14           ; no              ; no                     ; no            ; 2         ; no              ; no         ; no            ; no       ; Off          ; 2.5 V        ; Default          ; Series 50 Ohm without Calibration ; --                        ; no                         ; no                          ; Fitter               ; -                    ; -                   ;
; dummy_dout[2]       ; B5    ; 8        ; 26           ; 39           ; 28           ; no              ; no                     ; no            ; 2         ; no              ; no         ; no            ; no       ; Off          ; 2.5 V        ; Default          ; Series 50 Ohm without Calibration ; --                        ; no                         ; no                          ; Fitter               ; -                    ; -                   ;
; dummy_dout[30]      ; AB14  ; 4        ; 49           ; 0            ; 7            ; no              ; no                     ; no            ; 2         ; no              ; no         ; no            ; no       ; Off          ; 2.5 V        ; Default          ; Series 50 Ohm without Calibration ; --                        ; no                         ; no                          ; Fitter               ; -                    ; -                   ;
; dummy_dout[31]      ; A8    ; 7        ; 46           ; 54           ; 0            ; no              ; no                     ; no            ; 2         ; no              ; no         ; no            ; no       ; Off          ; 2.5 V        ; Default          ; Series 50 Ohm without Calibration ; --                        ; no                         ; no                          ; Fitter               ; -                    ; -                   ;
; dummy_dout[3]       ; D6    ; 8        ; 22           ; 39           ; 28           ; no              ; no                     ; no            ; 2         ; no              ; no         ; no            ; no       ; Off          ; 2.5 V        ; Default          ; Series 50 Ohm without Calibration ; --                        ; no                         ; no                          ; Fitter               ; -                    ; -                   ;
; dummy_dout[4]       ; B17   ; 7        ; 69           ; 54           ; 28           ; no              ; no                     ; no            ; 2         ; no              ; no         ; no            ; no       ; Off          ; 2.5 V        ; Default          ; Series 50 Ohm without Calibration ; --                        ; no                         ; no                          ; Fitter               ; -                    ; -                   ;
; dummy_dout[5]       ; N4    ; 2        ; 0            ; 23           ; 14           ; no              ; no                     ; no            ; 2         ; no              ; no         ; no            ; no       ; Off          ; 2.5 V        ; Default          ; Series 50 Ohm without Calibration ; --                        ; no                         ; no                          ; Fitter               ; -                    ; -                   ;
; dummy_dout[6]       ; A19   ; 7        ; 66           ; 54           ; 7            ; no              ; no                     ; no            ; 2         ; no              ; no         ; no            ; no       ; Off          ; 2.5 V        ; Default          ; Series 50 Ohm without Calibration ; --                        ; no                         ; no                          ; Fitter               ; -                    ; -                   ;
; dummy_dout[7]       ; V12   ; 4        ; 38           ; 0            ; 21           ; no              ; no                     ; no            ; 2         ; no              ; no         ; no            ; no       ; Off          ; 2.5 V        ; Default          ; Series 50 Ohm without Calibration ; --                        ; no                         ; no                          ; Fitter               ; -                    ; -                   ;
; dummy_dout[8]       ; C2    ; 8        ; 20           ; 39           ; 14           ; no              ; no                     ; no            ; 2         ; no              ; no         ; no            ; no       ; Off          ; 2.5 V        ; Default          ; Series 50 Ohm without Calibration ; --                        ; no                         ; no                          ; Fitter               ; -                    ; -                   ;
; dummy_dout[9]       ; H4    ; 1A       ; 0            ; 35           ; 0            ; no              ; no                     ; no            ; 2         ; no              ; no         ; no            ; no       ; Off          ; 2.5 V        ; Default          ; Series 50 Ohm without Calibration ; --                        ; no                         ; no                          ; Fitter               ; -                    ; -                   ;
; host_regs_valid_out ; B3    ; 8        ; 26           ; 39           ; 14           ; no              ; no                     ; no            ; 2         ; no              ; no         ; no            ; no       ; Off          ; 2.5 V        ; Default          ; Series 50 Ohm without Calibration ; --                        ; no                         ; no                          ; Fitter               ; -                    ; -                   ;
; mem_size_bytes[0]   ; V4    ; 3        ; 14           ; 0            ; 14           ; no              ; no                     ; no            ; 2         ; no              ; no         ; no            ; no       ; Off          ; 2.5 V        ; Default          ; Series 50 Ohm without Calibration ; --                        ; no                         ; no                          ; Fitter               ; -                    ; -                   ;
; mem_size_bytes[1]   ; W6    ; 3        ; 16           ; 0            ; 28           ; no              ; no                     ; no            ; 2         ; no              ; no         ; no            ; no       ; Off          ; 2.5 V        ; Default          ; Series 50 Ohm without Calibration ; --                        ; no                         ; no                          ; Fitter               ; -                    ; -                   ;
; mem_size_bytes[2]   ; V5    ; 3        ; 14           ; 0            ; 7            ; no              ; no                     ; no            ; 2         ; no              ; no         ; no            ; no       ; Off          ; 2.5 V        ; Default          ; Series 50 Ohm without Calibration ; --                        ; no                         ; no                          ; Fitter               ; -                    ; -                   ;
; mem_size_bytes[3]   ; Y5    ; 3        ; 18           ; 0            ; 0            ; no              ; no                     ; no            ; 2         ; no              ; no         ; no            ; no       ; Off          ; 2.5 V        ; Default          ; Series 50 Ohm without Calibration ; --                        ; no                         ; no                          ; Fitter               ; -                    ; -                   ;
; mem_size_bytes[4]   ; W5    ; 3        ; 14           ; 0            ; 0            ; no              ; no                     ; no            ; 2         ; no              ; no         ; no            ; no       ; Off          ; 2.5 V        ; Default          ; Series 50 Ohm without Calibration ; --                        ; no                         ; no                          ; Fitter               ; -                    ; -                   ;
; mem_size_bytes[5]   ; W3    ; 3        ; 18           ; 0            ; 7            ; no              ; no                     ; no            ; 2         ; no              ; no         ; no            ; no       ; Off          ; 2.5 V        ; Default          ; Series 50 Ohm without Calibration ; --                        ; no                         ; no                          ; Fitter               ; -                    ; -                   ;
; mem_start_addr[0]   ; V8    ; 3        ; 20           ; 0            ; 14           ; no              ; no                     ; no            ; 2         ; no              ; no         ; no            ; no       ; Off          ; 2.5 V        ; Default          ; Series 50 Ohm without Calibration ; --                        ; no                         ; no                          ; Fitter               ; -                    ; -                   ;
; mem_start_addr[10]  ; AB2   ; 3        ; 22           ; 0            ; 14           ; no              ; no                     ; no            ; 2         ; no              ; no         ; no            ; no       ; Off          ; 2.5 V        ; Default          ; Series 50 Ohm without Calibration ; --                        ; no                         ; no                          ; Fitter               ; -                    ; -                   ;
; mem_start_addr[11]  ; P9    ; 3        ; 22           ; 0            ; 21           ; no              ; no                     ; no            ; 2         ; no              ; no         ; no            ; no       ; Off          ; 2.5 V        ; Default          ; Series 50 Ohm without Calibration ; --                        ; no                         ; no                          ; Fitter               ; -                    ; -                   ;
; mem_start_addr[12]  ; W4    ; 3        ; 18           ; 0            ; 14           ; no              ; no                     ; no            ; 2         ; no              ; no         ; no            ; no       ; Off          ; 2.5 V        ; Default          ; Series 50 Ohm without Calibration ; --                        ; no                         ; no                          ; Fitter               ; -                    ; -                   ;
; mem_start_addr[13]  ; P10   ; 3        ; 26           ; 0            ; 7            ; no              ; no                     ; no            ; 2         ; no              ; no         ; no            ; no       ; Off          ; 2.5 V        ; Default          ; Series 50 Ohm without Calibration ; --                        ; no                         ; no                          ; Fitter               ; -                    ; -                   ;
; mem_start_addr[14]  ; AB3   ; 3        ; 22           ; 0            ; 7            ; no              ; no                     ; no            ; 2         ; no              ; no         ; no            ; no       ; Off          ; 2.5 V        ; Default          ; Series 50 Ohm without Calibration ; --                        ; no                         ; no                          ; Fitter               ; -                    ; -                   ;
; mem_start_addr[15]  ; Y8    ; 3        ; 20           ; 0            ; 0            ; no              ; no                     ; no            ; 2         ; no              ; no         ; no            ; no       ; Off          ; 2.5 V        ; Default          ; Series 50 Ohm without Calibration ; --                        ; no                         ; no                          ; Fitter               ; -                    ; -                   ;
; mem_start_addr[1]   ; U7    ; 3        ; 16           ; 0            ; 0            ; no              ; no                     ; no            ; 2         ; no              ; no         ; no            ; no       ; Off          ; 2.5 V        ; Default          ; Series 50 Ohm without Calibration ; --                        ; no                         ; no                          ; Fitter               ; -                    ; -                   ;
; mem_start_addr[2]   ; Y7    ; 3        ; 20           ; 0            ; 7            ; no              ; no                     ; no            ; 2         ; no              ; no         ; no            ; no       ; Off          ; 2.5 V        ; Default          ; Series 50 Ohm without Calibration ; --                        ; no                         ; no                          ; Fitter               ; -                    ; -                   ;
; mem_start_addr[3]   ; Y2    ; 3        ; 16           ; 0            ; 14           ; no              ; no                     ; no            ; 2         ; no              ; no         ; no            ; no       ; Off          ; 2.5 V        ; Default          ; Series 50 Ohm without Calibration ; --                        ; no                         ; no                          ; Fitter               ; -                    ; -                   ;
; mem_start_addr[4]   ; AA1   ; 3        ; 18           ; 0            ; 28           ; no              ; no                     ; no            ; 2         ; no              ; no         ; no            ; no       ; Off          ; 2.5 V        ; Default          ; Series 50 Ohm without Calibration ; --                        ; no                         ; no                          ; Fitter               ; -                    ; -                   ;
; mem_start_addr[5]   ; U6    ; 3        ; 16           ; 0            ; 7            ; no              ; no                     ; no            ; 2         ; no              ; no         ; no            ; no       ; Off          ; 2.5 V        ; Default          ; Series 50 Ohm without Calibration ; --                        ; no                         ; no                          ; Fitter               ; -                    ; -                   ;
; mem_start_addr[6]   ; Y6    ; 3        ; 20           ; 0            ; 28           ; no              ; no                     ; no            ; 2         ; no              ; no         ; no            ; no       ; Off          ; 2.5 V        ; Default          ; Series 50 Ohm without Calibration ; --                        ; no                         ; no                          ; Fitter               ; -                    ; -                   ;
; mem_start_addr[7]   ; W9    ; 3        ; 22           ; 0            ; 0            ; no              ; no                     ; no            ; 2         ; no              ; no         ; no            ; no       ; Off          ; 2.5 V        ; Default          ; Series 50 Ohm without Calibration ; --                        ; no                         ; no                          ; Fitter               ; -                    ; -                   ;
; mem_start_addr[8]   ; R9    ; 3        ; 22           ; 0            ; 28           ; no              ; no                     ; no            ; 2         ; no              ; no         ; no            ; no       ; Off          ; 2.5 V        ; Default          ; Series 50 Ohm without Calibration ; --                        ; no                         ; no                          ; Fitter               ; -                    ; -                   ;
; mem_start_addr[9]   ; AA3   ; 3        ; 26           ; 0            ; 28           ; no              ; no                     ; no            ; 2         ; no              ; no         ; no            ; no       ; Off          ; 2.5 V        ; Default          ; Series 50 Ohm without Calibration ; --                        ; no                         ; no                          ; Fitter               ; -                    ; -                   ;
; read_mem_req        ; C5    ; 8        ; 24           ; 39           ; 21           ; no              ; no                     ; no            ; 2         ; no              ; no         ; no            ; no       ; Off          ; 2.5 V        ; Default          ; Series 50 Ohm without Calibration ; --                        ; no                         ; no                          ; Fitter               ; -                    ; -                   ;
; write_mem_req       ; A2    ; 8        ; 26           ; 39           ; 0            ; no              ; no                     ; no            ; 2         ; no              ; no         ; no            ; no       ; Off          ; 2.5 V        ; Default          ; Series 50 Ohm without Calibration ; --                        ; no                         ; no                          ; Fitter               ; -                    ; -                   ;
+---------------------+-------+----------+--------------+--------------+--------------+-----------------+------------------------+---------------+-----------+-----------------+------------+---------------+----------+--------------+--------------+------------------+-----------------------------------+---------------------------+----------------------------+-----------------------------+----------------------+----------------------+---------------------+


+-----------------------------------------------------------------------------------------------------------------------------------------+
; Dual Purpose and Dedicated Pins                                                                                                         ;
+----------+----------------------------------------------------+--------------------------------+---------------------+------------------+
; Location ; Pin Name                                           ; Reserved As                    ; User Signal Name    ; Pin Type         ;
+----------+----------------------------------------------------+--------------------------------+---------------------+------------------+
; H2       ; DIFFIO_RX_L17n, DIFFOUT_L17n, TMS, Low_Speed       ; Reserved as secondary function ; ~ALTERA_TMS~        ; Dual Purpose Pin ;
; G2       ; DIFFIO_RX_L17p, DIFFOUT_L17p, TCK, Low_Speed       ; Reserved as secondary function ; ~ALTERA_TCK~        ; Dual Purpose Pin ;
; L4       ; DIFFIO_RX_L18n, DIFFOUT_L18n, TDI, Low_Speed       ; Reserved as secondary function ; ~ALTERA_TDI~        ; Dual Purpose Pin ;
; M5       ; DIFFIO_RX_L18p, DIFFOUT_L18p, TDO, Low_Speed       ; Reserved as secondary function ; ~ALTERA_TDO~        ; Dual Purpose Pin ;
; H10      ; CONFIG_SEL, Low_Speed                              ; Reserved as secondary function ; ~ALTERA_CONFIG_SEL~ ; Dual Purpose Pin ;
; H9       ; nCONFIG, Low_Speed                                 ; Reserved as secondary function ; ~ALTERA_nCONFIG~    ; Dual Purpose Pin ;
; F7       ; DIFFIO_RX_T48n, DIFFOUT_T48n, CRC_ERROR, Low_Speed ; Use as regular IO              ; mem_ack             ; Dual Purpose Pin ;
; G9       ; DIFFIO_RX_T50p, DIFFOUT_T50p, nSTATUS, Low_Speed   ; Reserved as secondary function ; ~ALTERA_nSTATUS~    ; Dual Purpose Pin ;
; F8       ; DIFFIO_RX_T50n, DIFFOUT_T50n, CONF_DONE, Low_Speed ; Reserved as secondary function ; ~ALTERA_CONF_DONE~  ; Dual Purpose Pin ;
+----------+----------------------------------------------------+--------------------------------+---------------------+------------------+


+-------------------------------------------------------------+
; I/O Bank Usage                                              ;
+----------+-------------------+---------------+--------------+
; I/O Bank ; Usage             ; VCCIO Voltage ; VREF Voltage ;
+----------+-------------------+---------------+--------------+
; 1A       ; 8 / 16 ( 50 % )   ; 2.5V          ; --           ;
; 1B       ; 8 / 24 ( 33 % )   ; 2.5V          ; --           ;
; 2        ; 7 / 36 ( 19 % )   ; 2.5V          ; --           ;
; 3        ; 48 / 48 ( 100 % ) ; 2.5V          ; --           ;
; 4        ; 8 / 48 ( 17 % )   ; 2.5V          ; --           ;
; 5        ; 2 / 40 ( 5 % )    ; 2.5V          ; --           ;
; 6        ; 5 / 60 ( 8 % )    ; 2.5V          ; --           ;
; 7        ; 17 / 52 ( 33 % )  ; 2.5V          ; --           ;
; 8        ; 25 / 36 ( 69 % )  ; 2.5V          ; --           ;
+----------+-------------------+---------------+--------------+


+---------------------------------------------------------------------------------------------------------------------------------------------------------------------------------------+
; All Package Pins                                                                                                                                                                      ;
+----------+------------+----------+------------------------------------------------+--------+-----------------------+---------+------------+-----------------+----------+--------------+
; Location ; Pad Number ; I/O Bank ; Pin Name/Usage                                 ; Dir.   ; I/O Standard          ; Voltage ; I/O Type   ; User Assignment ; Bus Hold ; Weak Pull Up ;
+----------+------------+----------+------------------------------------------------+--------+-----------------------+---------+------------+-----------------+----------+--------------+
; A1       ;            ;          ; GND                                            ; gnd    ;                       ;         ; --         ;                 ; --       ; --           ;
; A2       ; 481        ; 8        ; write_mem_req                                  ; output ; 2.5 V                 ;         ; Column I/O ; N               ; no       ; Off          ;
; A3       ; 483        ; 8        ; sel_xmem                                       ; input  ; 2.5 V                 ;         ; Column I/O ; N               ; no       ; Off          ;
; A4       ; 475        ; 8        ; RESERVED_INPUT_WITH_WEAK_PULLUP                ;        ;                       ;         ; Column I/O ;                 ; no       ; On           ;
; A5       ; 473        ; 8        ; RESERVED_INPUT_WITH_WEAK_PULLUP                ;        ;                       ;         ; Column I/O ;                 ; no       ; On           ;
; A6       ; 471        ; 8        ; RESERVED_INPUT_WITH_WEAK_PULLUP                ;        ;                       ;         ; Column I/O ;                 ; no       ; On           ;
; A7       ; 445        ; 7        ; RESERVED_INPUT_WITH_WEAK_PULLUP                ;        ;                       ;         ; Column I/O ;                 ; no       ; On           ;
; A8       ; 447        ; 7        ; dummy_dout[31]                                 ; output ; 2.5 V                 ;         ; Column I/O ; N               ; no       ; Off          ;
; A9       ; 449        ; 7        ; RESERVED_INPUT_WITH_WEAK_PULLUP                ;        ;                       ;         ; Column I/O ;                 ; no       ; On           ;
; A10      ; 439        ; 7        ; dummy_dout[12]                                 ; output ; 2.5 V                 ;         ; Column I/O ; N               ; no       ; Off          ;
; A11      ; 437        ; 7        ; RESERVED_INPUT_WITH_WEAK_PULLUP                ;        ;                       ;         ; Column I/O ;                 ; no       ; On           ;
; A12      ; 435        ; 7        ; RESERVED_INPUT_WITH_WEAK_PULLUP                ;        ;                       ;         ; Column I/O ;                 ; no       ; On           ;
; A13      ; 433        ; 7        ; dummy_dout[23]                                 ; output ; 2.5 V                 ;         ; Column I/O ; N               ; no       ; Off          ;
; A14      ; 425        ; 7        ; RESERVED_INPUT_WITH_WEAK_PULLUP                ;        ;                       ;         ; Column I/O ;                 ; no       ; On           ;
; A15      ; 421        ; 7        ; RESERVED_INPUT_WITH_WEAK_PULLUP                ;        ;                       ;         ; Column I/O ;                 ; no       ; On           ;
; A16      ; 419        ; 7        ; RESERVED_INPUT_WITH_WEAK_PULLUP                ;        ;                       ;         ; Column I/O ;                 ; no       ; On           ;
; A17      ; 407        ; 7        ; dummy_dout[22]                                 ; output ; 2.5 V                 ;         ; Column I/O ; N               ; no       ; Off          ;
; A18      ; 405        ; 7        ; dummy_din[28]                                  ; input  ; 2.5 V                 ;         ; Column I/O ; N               ; no       ; Off          ;
; A19      ; 403        ; 7        ; dummy_dout[6]                                  ; output ; 2.5 V                 ;         ; Column I/O ; N               ; no       ; Off          ;
; A20      ; 401        ; 7        ; RESERVED_INPUT_WITH_WEAK_PULLUP                ;        ;                       ;         ; Column I/O ;                 ; no       ; On           ;
; A21      ; 371        ; 6        ; RESERVED_INPUT_WITH_WEAK_PULLUP                ;        ;                       ;         ; Row I/O    ;                 ; no       ; On           ;
; A22      ;            ;          ; GND                                            ; gnd    ;                       ;         ; --         ;                 ; --       ; --           ;
; AA1      ; 133        ; 3        ; mem_start_addr[4]                              ; output ; 2.5 V                 ;         ; Column I/O ; N               ; no       ; Off          ;
; AA2      ; 135        ; 3        ; sel_wr                                         ; input  ; 2.5 V                 ;         ; Column I/O ; N               ; no       ; Off          ;
; AA3      ; 153        ; 3        ; mem_start_addr[9]                              ; output ; 2.5 V                 ;         ; Column I/O ; N               ; no       ; Off          ;
; AA4      ;            ;          ; GND                                            ; gnd    ;                       ;         ; --         ;                 ; --       ; --           ;
; AA5      ; 157        ; 3        ; dummy_din[15]                                  ; input  ; 2.5 V                 ;         ; Column I/O ; N               ; no       ; Off          ;
; AA6      ; 156        ; 3        ; dummy_din[19]                                  ; input  ; 2.5 V                 ;         ; Column I/O ; N               ; no       ; Off          ;
; AA7      ; 158        ; 3        ; dummy_din[0]                                   ; input  ; 2.5 V                 ;         ; Column I/O ; N               ; no       ; Off          ;
; AA8      ; 165        ; 3        ; dummy_din[27]                                  ; input  ; 2.5 V                 ;         ; Column I/O ; N               ; no       ; Off          ;
; AA9      ; 169        ; 3        ; dummy_din[10]                                  ; input  ; 2.5 V                 ;         ; Column I/O ; N               ; no       ; Off          ;
; AA10     ; 170        ; 3        ; dummy_din[2]                                   ; input  ; 2.5 V                 ;         ; Column I/O ; N               ; no       ; Off          ;
; AA11     ; 180        ; 4        ; RESERVED_INPUT_WITH_WEAK_PULLUP                ;        ;                       ;         ; Column I/O ;                 ; no       ; On           ;
; AA12     ; 182        ; 4        ; RESERVED_INPUT_WITH_WEAK_PULLUP                ;        ;                       ;         ; Column I/O ;                 ; no       ; On           ;
; AA13     ; 197        ; 4        ; RESERVED_INPUT_WITH_WEAK_PULLUP                ;        ;                       ;         ; Column I/O ;                 ; --       ; --           ;
; AA14     ; 201        ; 4        ; RESERVED_INPUT_WITH_WEAK_PULLUP                ;        ;                       ;         ; Column I/O ;                 ; no       ; On           ;
; AA15     ; 205        ; 4        ; RESERVED_INPUT_WITH_WEAK_PULLUP                ;        ;                       ;         ; Column I/O ;                 ; no       ; On           ;
; AA16     ; 211        ; 4        ; RESERVED_INPUT_WITH_WEAK_PULLUP                ;        ;                       ;         ; Column I/O ;                 ; no       ; On           ;
; AA17     ; 212        ; 4        ; RESERVED_INPUT_WITH_WEAK_PULLUP                ;        ;                       ;         ; Column I/O ;                 ; no       ; On           ;
; AA18     ;            ;          ; GND                                            ; gnd    ;                       ;         ; --         ;                 ; --       ; --           ;
; AA19     ; 217        ; 4        ; RESERVED_INPUT_WITH_WEAK_PULLUP                ;        ;                       ;         ; Column I/O ;                 ; no       ; On           ;
; AA20     ; 227        ; 4        ; RESERVED_INPUT_WITH_WEAK_PULLUP                ;        ;                       ;         ; Column I/O ;                 ; no       ; On           ;
; AA21     ; 245        ; 5        ; RESERVED_INPUT_WITH_WEAK_PULLUP                ;        ;                       ;         ; Row I/O    ;                 ; no       ; On           ;
; AA22     ; 247        ; 5        ; RESERVED_INPUT_WITH_WEAK_PULLUP                ;        ;                       ;         ; Row I/O    ;                 ; no       ; On           ;
; AB1      ;            ;          ; GND                                            ; gnd    ;                       ;         ; --         ;                 ; --       ; --           ;
; AB2      ; 145        ; 3        ; mem_start_addr[10]                             ; output ; 2.5 V                 ;         ; Column I/O ; N               ; no       ; Off          ;
; AB3      ; 147        ; 3        ; mem_start_addr[14]                             ; output ; 2.5 V                 ;         ; Column I/O ; N               ; no       ; Off          ;
; AB4      ; 155        ; 3        ; sel_word_idx[3]                                ; input  ; 2.5 V                 ;         ; Column I/O ; N               ; no       ; Off          ;
; AB5      ; 159        ; 3        ; dummy_din[25]                                  ; input  ; 2.5 V                 ;         ; Column I/O ; N               ; no       ; Off          ;
; AB6      ; 161        ; 3        ; dummy_din[9]                                   ; input  ; 2.5 V                 ;         ; Column I/O ; N               ; no       ; Off          ;
; AB7      ; 163        ; 3        ; dummy_din[17]                                  ; input  ; 2.5 V                 ;         ; Column I/O ; N               ; no       ; Off          ;
; AB8      ; 167        ; 3        ; dummy_din[11]                                  ; input  ; 2.5 V                 ;         ; Column I/O ; N               ; no       ; Off          ;
; AB9      ; 171        ; 3        ; dummy_din[18]                                  ; input  ; 2.5 V                 ;         ; Column I/O ; N               ; no       ; Off          ;
; AB10     ; 177        ; 4        ; RESERVED_INPUT_WITH_WEAK_PULLUP                ;        ;                       ;         ; Column I/O ;                 ; no       ; On           ;
; AB11     ; 179        ; 4        ; RESERVED_INPUT_WITH_WEAK_PULLUP                ;        ;                       ;         ; Column I/O ;                 ; no       ; On           ;
; AB12     ; 181        ; 4        ; RESERVED_INPUT_WITH_WEAK_PULLUP                ;        ;                       ;         ; Column I/O ;                 ; no       ; On           ;
; AB13     ; 183        ; 4        ; RESERVED_INPUT_WITH_WEAK_PULLUP                ;        ;                       ;         ; Column I/O ;                 ; no       ; On           ;
; AB14     ; 199        ; 4        ; dummy_dout[30]                                 ; output ; 2.5 V                 ;         ; Column I/O ; N               ; no       ; Off          ;
; AB15     ; 203        ; 4        ; RESERVED_INPUT_WITH_WEAK_PULLUP                ;        ;                       ;         ; Column I/O ;                 ; no       ; On           ;
; AB16     ; 209        ; 4        ; RESERVED_INPUT_WITH_WEAK_PULLUP                ;        ;                       ;         ; Column I/O ;                 ; no       ; On           ;
; AB17     ; 241        ; 4        ; RESERVED_INPUT_WITH_WEAK_PULLUP                ;        ;                       ;         ; Column I/O ;                 ; no       ; On           ;
; AB18     ; 243        ; 4        ; RESERVED_INPUT_WITH_WEAK_PULLUP                ;        ;                       ;         ; Column I/O ;                 ; no       ; On           ;
; AB19     ; 213        ; 4        ; RESERVED_INPUT_WITH_WEAK_PULLUP                ;        ;                       ;         ; Column I/O ;                 ; no       ; On           ;
; AB20     ; 215        ; 4        ; RESERVED_INPUT_WITH_WEAK_PULLUP                ;        ;                       ;         ; Column I/O ;                 ; no       ; On           ;
; AB21     ; 225        ; 4        ; RESERVED_INPUT_WITH_WEAK_PULLUP                ;        ;                       ;         ; Column I/O ;                 ; no       ; On           ;
; AB22     ;            ;          ; GND                                            ; gnd    ;                       ;         ; --         ;                 ; --       ; --           ;
; B1       ; 495        ; 8        ; dummy_dout[17]                                 ; output ; 2.5 V                 ;         ; Column I/O ; N               ; no       ; Off          ;
; B2       ; 493        ; 8        ; dummy_dout[27]                                 ; output ; 2.5 V                 ;         ; Column I/O ; N               ; no       ; Off          ;
; B3       ; 484        ; 8        ; host_regs_valid_out                            ; output ; 2.5 V                 ;         ; Column I/O ; N               ; no       ; Off          ;
; B4       ; 486        ; 8        ; dummy_dout[1]                                  ; output ; 2.5 V                 ;         ; Column I/O ; N               ; no       ; Off          ;
; B5       ; 485        ; 8        ; dummy_dout[2]                                  ; output ; 2.5 V                 ;         ; Column I/O ; N               ; no       ; Off          ;
; B6       ;            ;          ; GND                                            ; gnd    ;                       ;         ; --         ;                 ; --       ; --           ;
; B7       ; 469        ; 8        ; RESERVED_INPUT_WITH_WEAK_PULLUP                ;        ;                       ;         ; Column I/O ;                 ; no       ; On           ;
; B8       ; 451        ; 7        ; dummy_din[31]                                  ; input  ; 2.5 V                 ;         ; Column I/O ; N               ; no       ; Off          ;
; B9       ;            ;          ; GND                                            ; gnd    ;                       ;         ; --         ;                 ; --       ; --           ;
; B10      ; 448        ; 7        ; RESERVED_INPUT_WITH_WEAK_PULLUP                ;        ;                       ;         ; Column I/O ;                 ; no       ; On           ;
; B11      ; 443        ; 7        ; RESERVED_INPUT_WITH_WEAK_PULLUP                ;        ;                       ;         ; Column I/O ;                 ; no       ; On           ;
; B12      ; 441        ; 7        ; RESERVED_INPUT_WITH_WEAK_PULLUP                ;        ;                       ;         ; Column I/O ;                 ; no       ; On           ;
; B13      ;            ;          ; GND                                            ; gnd    ;                       ;         ; --         ;                 ; --       ; --           ;
; B14      ; 427        ; 7        ; RESERVED_INPUT_WITH_WEAK_PULLUP                ;        ;                       ;         ; Column I/O ;                 ; no       ; On           ;
; B15      ; 423        ; 7        ; RESERVED_INPUT_WITH_WEAK_PULLUP                ;        ;                       ;         ; Column I/O ;                 ; --       ; --           ;
; B16      ; 417        ; 7        ; dummy_dout[28]                                 ; output ; 2.5 V                 ;         ; Column I/O ; N               ; no       ; Off          ;
; B17      ; 402        ; 7        ; dummy_dout[4]                                  ; output ; 2.5 V                 ;         ; Column I/O ; N               ; no       ; Off          ;
; B18      ;            ;          ; GND                                            ; gnd    ;                       ;         ; --         ;                 ; --       ; --           ;
; B19      ; 399        ; 7        ; RESERVED_INPUT_WITH_WEAK_PULLUP                ;        ;                       ;         ; Column I/O ;                 ; no       ; On           ;
; B20      ; 369        ; 6        ; RESERVED_INPUT_WITH_WEAK_PULLUP                ;        ;                       ;         ; Row I/O    ;                 ; no       ; On           ;
; B21      ; 367        ; 6        ; RESERVED_INPUT_WITH_WEAK_PULLUP                ;        ;                       ;         ; Row I/O    ;                 ; no       ; On           ;
; B22      ; 365        ; 6        ; RESERVED_INPUT_WITH_WEAK_PULLUP                ;        ;                       ;         ; Row I/O    ;                 ; no       ; On           ;
; C1       ; 33         ; 1B       ; RESERVED_INPUT_WITH_WEAK_PULLUP                ;        ;                       ;         ; Row I/O    ;                 ; --       ; --           ;
; C2       ; 499        ; 8        ; dummy_dout[8]                                  ; output ; 2.5 V                 ;         ; Column I/O ; N               ; no       ; Off          ;
; C3       ; 497        ; 8        ; dummy_dout[11]                                 ; output ; 2.5 V                 ;         ; Column I/O ; N               ; no       ; Off          ;
; C4       ; 487        ; 8        ; host_regs_valid_pulse                          ; input  ; 2.5 V                 ;         ; Column I/O ; N               ; no       ; Off          ;
; C5       ; 489        ; 8        ; read_mem_req                                   ; output ; 2.5 V                 ;         ; Column I/O ; N               ; no       ; Off          ;
; C6       ; 477        ; 8        ; reg_idx[1]                                     ; input  ; 2.5 V                 ;         ; Column I/O ; N               ; no       ; Off          ;
; C7       ; 467        ; 8        ; RESERVED_INPUT_WITH_WEAK_PULLUP                ;        ;                       ;         ; Column I/O ;                 ; no       ; On           ;
; C8       ; 465        ; 8        ; RESERVED_INPUT_WITH_WEAK_PULLUP                ;        ;                       ;         ; Column I/O ;                 ; no       ; On           ;
; C9       ; 450        ; 7        ; RESERVED_INPUT_WITH_WEAK_PULLUP                ;        ;                       ;         ; Column I/O ;                 ; no       ; On           ;
; C10      ; 442        ; 7        ; host_regs_read_pulse[14]                       ; input  ; 2.5 V                 ;         ; Column I/O ; N               ; no       ; Off          ;
; C11      ; 440        ; 7        ; RESERVED_INPUT_WITH_WEAK_PULLUP                ;        ;                       ;         ; Column I/O ;                 ; no       ; On           ;
; C12      ; 436        ; 7        ; RESERVED_INPUT_WITH_WEAK_PULLUP                ;        ;                       ;         ; Column I/O ;                 ; no       ; On           ;
; C13      ; 426        ; 7        ; RESERVED_INPUT_WITH_WEAK_PULLUP                ;        ;                       ;         ; Column I/O ;                 ; no       ; On           ;
; C14      ; 424        ; 7        ; RESERVED_INPUT_WITH_WEAK_PULLUP                ;        ;                       ;         ; Column I/O ;                 ; no       ; On           ;
; C15      ; 418        ; 7        ; RESERVED_INPUT_WITH_WEAK_PULLUP                ;        ;                       ;         ; Column I/O ;                 ; no       ; On           ;
; C16      ; 416        ; 7        ; RESERVED_INPUT_WITH_WEAK_PULLUP                ;        ;                       ;         ; Column I/O ;                 ; no       ; On           ;
; C17      ; 391        ; 7        ; RESERVED_INPUT_WITH_WEAK_PULLUP                ;        ;                       ;         ; Column I/O ;                 ; no       ; On           ;
; C18      ; 400        ; 7        ; RESERVED_INPUT_WITH_WEAK_PULLUP                ;        ;                       ;         ; Column I/O ;                 ; no       ; On           ;
; C19      ; 397        ; 7        ; dummy_dout[14]                                 ; output ; 2.5 V                 ;         ; Column I/O ; N               ; no       ; Off          ;
; C20      ; 357        ; 6        ; RESERVED_INPUT_WITH_WEAK_PULLUP                ;        ;                       ;         ; Row I/O    ;                 ; no       ; On           ;
; C21      ; 347        ; 6        ; dummy_din[29]                                  ; input  ; 2.5 V                 ;         ; Row I/O    ; N               ; no       ; Off          ;
; C22      ; 343        ; 6        ; RESERVED_INPUT_WITH_WEAK_PULLUP                ;        ;                       ;         ; Row I/O    ;                 ; no       ; On           ;
; D1       ; 35         ; 1B       ; RESERVED_INPUT_WITH_WEAK_PULLUP                ;        ;                       ;         ; Row I/O    ;                 ; no       ; On           ;
; D2       ; 31         ; 1B       ; RESERVED_INPUT_WITH_WEAK_PULLUP                ;        ;                       ;         ; Row I/O    ;                 ; no       ; On           ;
; D3       ; 29         ; 1B       ; RESERVED_INPUT_WITH_WEAK_PULLUP                ;        ;                       ;         ; Row I/O    ;                 ; no       ; On           ;
; D4       ;            ;          ; GND                                            ; gnd    ;                       ;         ; --         ;                 ; --       ; --           ;
; D5       ; 491        ; 8        ; mem_valid                                      ; input  ; 2.5 V                 ;         ; Column I/O ; N               ; no       ; Off          ;
; D6       ; 496        ; 8        ; dummy_dout[3]                                  ; output ; 2.5 V                 ;         ; Column I/O ; N               ; no       ; Off          ;
; D7       ; 479        ; 8        ; reg_idx[0]                                     ; input  ; 2.5 V                 ;         ; Column I/O ; N               ; no       ; Off          ;
; D8       ; 472        ; 8        ; reg_idx[2]                                     ; input  ; 2.5 V                 ;         ; Column I/O ; N               ; no       ; Off          ;
; D9       ; 474        ; 8        ; RESERVED_INPUT_WITH_WEAK_PULLUP                ;        ;                       ;         ; Column I/O ;                 ; no       ; On           ;
; D10      ; 476        ; 8        ; RESERVED_INPUT_WITH_WEAK_PULLUP                ;        ;                       ;         ; Column I/O ;                 ; no       ; On           ;
; D11      ;            ;          ; GND                                            ; gnd    ;                       ;         ; --         ;                 ; --       ; --           ;
; D12      ; 438        ; 7        ; dummy_din[30]                                  ; input  ; 2.5 V                 ;         ; Column I/O ; N               ; no       ; Off          ;
; D13      ; 431        ; 7        ; RESERVED_INPUT_WITH_WEAK_PULLUP                ;        ;                       ;         ; Column I/O ;                 ; no       ; On           ;
; D14      ; 428        ; 7        ; host_regs_read_pulse[2]                        ; input  ; 2.5 V                 ;         ; Column I/O ; N               ; no       ; Off          ;
; D15      ; 404        ; 7        ; RESERVED_INPUT_WITH_WEAK_PULLUP                ;        ;                       ;         ; Column I/O ;                 ; no       ; On           ;
; D16      ;            ;          ; GND                                            ; gnd    ;                       ;         ; --         ;                 ; --       ; --           ;
; D17      ; 389        ; 7        ; host_regs_read_pulse[1]                        ; input  ; 2.5 V                 ;         ; Column I/O ; N               ; no       ; Off          ;
; D18      ; 385        ; 6        ; RESERVED_INPUT_WITH_WEAK_PULLUP                ;        ;                       ;         ; Row I/O    ;                 ; no       ; On           ;
; D19      ; 359        ; 6        ; RESERVED_INPUT_WITH_WEAK_PULLUP                ;        ;                       ;         ; Row I/O    ;                 ; no       ; On           ;
; D20      ;            ;          ; GND                                            ; gnd    ;                       ;         ; --         ;                 ; --       ; --           ;
; D21      ; 345        ; 6        ; RESERVED_INPUT_WITH_WEAK_PULLUP                ;        ;                       ;         ; Row I/O    ;                 ; --       ; --           ;
; D22      ; 341        ; 6        ; RESERVED_INPUT_WITH_WEAK_PULLUP                ;        ;                       ;         ; Row I/O    ;                 ; no       ; On           ;
; E1       ; 41         ; 1B       ; RESERVED_INPUT_WITH_WEAK_PULLUP                ;        ;                       ;         ; Row I/O    ;                 ; no       ; On           ;
; E2       ;            ;          ; GND                                            ; gnd    ;                       ;         ; --         ;                 ; --       ; --           ;
; E3       ; 3          ; 1A       ; RESERVED_INPUT_WITH_WEAK_PULLUP                ;        ;                       ;         ; Row I/O    ;                 ; no       ; On           ;
; E4       ; 1          ; 1A       ; RESERVED_INPUT_WITH_WEAK_PULLUP                ;        ;                       ;         ; Row I/O    ;                 ; no       ; On           ;
; E5       ;            ;          ; NC                                             ;        ;                       ;         ; --         ;                 ; --       ; --           ;
; E6       ; 498        ; 8        ; dummy_dout[25]                                 ; output ; 2.5 V                 ;         ; Column I/O ; N               ; no       ; Off          ;
; E7       ;            ;          ; GND                                            ; gnd    ;                       ;         ; --         ;                 ; --       ; --           ;
; E8       ; 488        ; 8        ; dummy_dout[0]                                  ; output ; 2.5 V                 ;         ; Column I/O ; N               ; no       ; Off          ;
; E9       ; 478        ; 8        ; reg_idx[3]                                     ; input  ; 2.5 V                 ;         ; Column I/O ; N               ; no       ; Off          ;
; E10      ; 466        ; 8        ; RESERVED_INPUT_WITH_WEAK_PULLUP                ;        ;                       ;         ; Column I/O ;                 ; no       ; On           ;
; E11      ; 464        ; 8        ; RESERVED_INPUT_WITH_WEAK_PULLUP                ;        ;                       ;         ; Column I/O ;                 ; no       ; On           ;
; E12      ; 429        ; 7        ; RESERVED_INPUT_WITH_WEAK_PULLUP                ;        ;                       ;         ; Column I/O ;                 ; no       ; On           ;
; E13      ; 430        ; 7        ; RESERVED_INPUT_WITH_WEAK_PULLUP                ;        ;                       ;         ; Column I/O ;                 ; no       ; On           ;
; E14      ; 406        ; 7        ; RESERVED_INPUT_WITH_WEAK_PULLUP                ;        ;                       ;         ; Column I/O ;                 ; no       ; On           ;
; E15      ; 390        ; 7        ; host_regs_read_pulse[8]                        ; input  ; 2.5 V                 ;         ; Column I/O ; N               ; no       ; Off          ;
; E16      ; 388        ; 7        ; RESERVED_INPUT_WITH_WEAK_PULLUP                ;        ;                       ;         ; Column I/O ;                 ; no       ; On           ;
; E17      ; 366        ; 6        ; RESERVED_INPUT_WITH_WEAK_PULLUP                ;        ;                       ;         ; Row I/O    ;                 ; no       ; On           ;
; E18      ; 387        ; 6        ; RESERVED_INPUT_WITH_WEAK_PULLUP                ;        ;                       ;         ; Row I/O    ;                 ; no       ; On           ;
; E19      ; 352        ; 6        ; dummy_din[22]                                  ; input  ; 2.5 V                 ;         ; Row I/O    ; N               ; no       ; Off          ;
; E20      ; 355        ; 6        ; RESERVED_INPUT_WITH_WEAK_PULLUP                ;        ;                       ;         ; Row I/O    ;                 ; no       ; On           ;
; E21      ; 335        ; 6        ; RESERVED_INPUT_WITH_WEAK_PULLUP                ;        ;                       ;         ; Row I/O    ;                 ; no       ; On           ;
; E22      ; 333        ; 6        ; RESERVED_INPUT_WITH_WEAK_PULLUP                ;        ;                       ;         ; Row I/O    ;                 ; no       ; On           ;
; F1       ; 47         ; 1B       ; RESERVED_INPUT_WITH_WEAK_PULLUP                ;        ;                       ;         ; Row I/O    ;                 ; no       ; On           ;
; F2       ; 43         ; 1B       ; sel_word_idx[1]                                ; input  ; 2.5 V                 ;         ; Row I/O    ; N               ; no       ; Off          ;
; F3       ; 7          ; 1A       ; RESERVED_INPUT_WITH_WEAK_PULLUP                ;        ;                       ;         ; Row I/O    ;                 ; no       ; On           ;
; F4       ; 2          ; 1A       ; RESERVED_INPUT_WITH_WEAK_PULLUP                ;        ;                       ;         ; Row I/O    ;                 ; no       ; On           ;
; F5       ; 0          ; 1A       ; dummy_din[23]                                  ; input  ; 2.5 V                 ;         ; Row I/O    ; N               ; no       ; Off          ;
; F6       ;            ;          ; NC                                             ;        ;                       ;         ; --         ;                 ; --       ; --           ;
; F7       ; 490        ; 8        ; mem_ack                                        ; input  ; 2.5 V                 ;         ; Column I/O ; N               ; no       ; Off          ;
; F8       ; 494        ; 8        ; ~ALTERA_CONF_DONE~ / RESERVED_INPUT            ; input  ; 2.5 V Schmitt Trigger ;         ; Column I/O ; N               ; no       ; Off          ;
; F9       ;            ; 8        ; VCCIO8                                         ; power  ;                       ; 2.5V    ; --         ;                 ; --       ; --           ;
; F10      ;            ;          ; GND                                            ; gnd    ;                       ;         ; --         ;                 ; --       ; --           ;
; F11      ;            ; 8        ; VCCIO8                                         ; power  ;                       ; 2.5V    ; --         ;                 ; --       ; --           ;
; F12      ;            ; 7        ; VCCIO7                                         ; power  ;                       ; 2.5V    ; --         ;                 ; --       ; --           ;
; F13      ;            ;          ; GND                                            ; gnd    ;                       ;         ; --         ;                 ; --       ; --           ;
; F14      ;            ; 7        ; VCCIO7                                         ; power  ;                       ; 2.5V    ; --         ;                 ; --       ; --           ;
; F15      ; 398        ; 7        ; host_regs_read_pulse[4]                        ; input  ; 2.5 V                 ;         ; Column I/O ; N               ; no       ; Off          ;
; F16      ; 396        ; 7        ; RESERVED_INPUT_WITH_WEAK_PULLUP                ;        ;                       ;         ; Column I/O ;                 ; no       ; On           ;
; F17      ; 364        ; 6        ; RESERVED_INPUT_WITH_WEAK_PULLUP                ;        ;                       ;         ; Row I/O    ;                 ; no       ; On           ;
; F18      ; 354        ; 6        ; RESERVED_INPUT_WITH_WEAK_PULLUP                ;        ;                       ;         ; Row I/O    ;                 ; no       ; On           ;
; F19      ; 353        ; 6        ; RESERVED_INPUT_WITH_WEAK_PULLUP                ;        ;                       ;         ; Row I/O    ;                 ; no       ; On           ;
; F20      ; 342        ; 6        ; RESERVED_INPUT_WITH_WEAK_PULLUP                ;        ;                       ;         ; Row I/O    ;                 ; no       ; On           ;
; F21      ; 340        ; 6        ; RESERVED_INPUT_WITH_WEAK_PULLUP                ;        ;                       ;         ; Row I/O    ;                 ; no       ; On           ;
; F22      ; 331        ; 6        ; RESERVED_INPUT_WITH_WEAK_PULLUP                ;        ;                       ;         ; Row I/O    ;                 ; no       ; On           ;
; G1       ; 45         ; 1B       ; RESERVED_INPUT_WITH_WEAK_PULLUP                ;        ;                       ;         ; Row I/O    ;                 ; no       ; On           ;
; G2       ; 34         ; 1B       ; ~ALTERA_TCK~ / RESERVED_INPUT                  ; input  ; 2.5 V Schmitt Trigger ;         ; Row I/O    ; N               ; no       ; Off          ;
; G3       ; 11         ; 1A       ; dummy_dout[16]                                 ; output ; 2.5 V                 ;         ; Row I/O    ; N               ; no       ; Off          ;
; G4       ; 5          ; 1A       ; RESERVED_INPUT_WITH_WEAK_PULLUP                ;        ;                       ;         ; Row I/O    ;                 ; no       ; On           ;
; G5       ;            ;          ; ANAIN1                                         ;        ;                       ;         ; --         ;                 ; --       ; --           ;
; G6       ;            ;          ; GND                                            ; gnd    ;                       ;         ; --         ;                 ; --       ; --           ;
; G7       ;            ;          ; VCCD_PLL3                                      ; power  ;                       ; 1.2V    ; --         ;                 ; --       ; --           ;
; G8       ;            ;          ; GND                                            ; gnd    ;                       ;         ; --         ;                 ; --       ; --           ;
; G9       ; 492        ; 8        ; ~ALTERA_nSTATUS~ / RESERVED_INPUT              ; input  ; 2.5 V Schmitt Trigger ;         ; Column I/O ; N               ; no       ; Off          ;
; G10      ;            ; 8        ; VCCIO8                                         ; power  ;                       ; 2.5V    ; --         ;                 ; --       ; --           ;
; G11      ;            ; 8        ; VCCIO8                                         ; power  ;                       ; 2.5V    ; --         ;                 ; --       ; --           ;
; G12      ;            ; 7        ; VCCIO7                                         ; power  ;                       ; 2.5V    ; --         ;                 ; --       ; --           ;
; G13      ;            ; 7        ; VCCIO7                                         ; power  ;                       ; 2.5V    ; --         ;                 ; --       ; --           ;
; G14      ;            ; 7        ; VCCIO7                                         ; power  ;                       ; 2.5V    ; --         ;                 ; --       ; --           ;
; G15      ;            ;          ; GND                                            ; gnd    ;                       ;         ; --         ;                 ; --       ; --           ;
; G16      ;            ;          ; VCCD_PLL2                                      ; power  ;                       ; 1.2V    ; --         ;                 ; --       ; --           ;
; G17      ; 386        ; 6        ; RESERVED_INPUT_WITH_WEAK_PULLUP                ;        ;                       ;         ; Row I/O    ;                 ; no       ; On           ;
; G18      ;            ;          ; GND                                            ; gnd    ;                       ;         ; --         ;                 ; --       ; --           ;
; G19      ; 330        ; 6        ; RESERVED_INPUT_WITH_WEAK_PULLUP                ;        ;                       ;         ; Row I/O    ;                 ; no       ; On           ;
; G20      ; 328        ; 6        ; host_regs_read_pulse[7]                        ; input  ; 2.5 V                 ;         ; Row I/O    ; N               ; no       ; Off          ;
; G21      ;            ;          ; GND                                            ; gnd    ;                       ;         ; --         ;                 ; --       ; --           ;
; G22      ; 329        ; 6        ; RESERVED_INPUT_WITH_WEAK_PULLUP                ;        ;                       ;         ; Row I/O    ;                 ; no       ; On           ;
; H1       ; 44         ; 1B       ; RESERVED_INPUT_WITH_WEAK_PULLUP                ;        ;                       ;         ; Row I/O    ;                 ; no       ; On           ;
; H2       ; 32         ; 1B       ; ~ALTERA_TMS~ / RESERVED_INPUT_WITH_WEAK_PULLUP ; input  ; 2.5 V Schmitt Trigger ;         ; Row I/O    ; N               ; no       ; On           ;
; H3       ; 10         ; 1A       ; dummy_dout[24]                                 ; output ; 2.5 V                 ;         ; Row I/O    ; N               ; no       ; Off          ;
; H4       ; 9          ; 1A       ; dummy_dout[9]                                  ; output ; 2.5 V                 ;         ; Row I/O    ; N               ; no       ; Off          ;
; H5       ;            ;          ; REFGND                                         ;        ;                       ;         ; --         ;                 ; --       ; --           ;
; H6       ;            ;          ; ADC_VREF                                       ;        ;                       ;         ; --         ;                 ; --       ; --           ;
; H7       ;            ; --       ; VCCA_ADC                                       ; power  ;                       ; 2.5V    ; --         ;                 ; --       ; --           ;
; H8       ;            ; --       ; VCCA3                                          ; power  ;                       ; 2.5V    ; --         ;                 ; --       ; --           ;
; H9       ; 482        ; 8        ; ~ALTERA_nCONFIG~ / RESERVED_INPUT              ; input  ; 2.5 V Schmitt Trigger ;         ; Column I/O ; N               ; no       ; Off          ;
; H10      ; 480        ; 8        ; ~ALTERA_CONFIG_SEL~ / RESERVED_INPUT           ; input  ; 2.5 V                 ;         ; Column I/O ; N               ; no       ; Off          ;
; H11      ; 470        ; 8        ; RESERVED_INPUT_WITH_WEAK_PULLUP                ;        ;                       ;         ; Column I/O ;                 ; no       ; On           ;
; H12      ; 444        ; 7        ; RESERVED_INPUT_WITH_WEAK_PULLUP                ;        ;                       ;         ; Column I/O ;                 ; no       ; On           ;
; H13      ; 432        ; 7        ; RESERVED_INPUT_WITH_WEAK_PULLUP                ;        ;                       ;         ; Column I/O ;                 ; no       ; On           ;
; H14      ; 420        ; 7        ; RESERVED_INPUT_WITH_WEAK_PULLUP                ;        ;                       ;         ; Column I/O ;                 ; no       ; On           ;
; H15      ;            ; --       ; VCCA2                                          ; power  ;                       ; 2.5V    ; --         ;                 ; --       ; --           ;
; H16      ;            ; 6        ; VCCIO6                                         ; power  ;                       ; 2.5V    ; --         ;                 ; --       ; --           ;
; H17      ; 384        ; 6        ; RESERVED_INPUT_WITH_WEAK_PULLUP                ;        ;                       ;         ; Row I/O    ;                 ; no       ; On           ;
; H18      ; 374        ; 6        ; RESERVED_INPUT_WITH_WEAK_PULLUP                ;        ;                       ;         ; Row I/O    ;                 ; no       ; On           ;
; H19      ; 372        ; 6        ; RESERVED_INPUT_WITH_WEAK_PULLUP                ;        ;                       ;         ; Row I/O    ;                 ; no       ; On           ;
; H20      ; 375        ; 6        ; RESERVED_INPUT_WITH_WEAK_PULLUP                ;        ;                       ;         ; Row I/O    ;                 ; no       ; On           ;
; H21      ; 323        ; 6        ; RESERVED_INPUT_WITH_WEAK_PULLUP                ;        ;                       ;         ; Row I/O    ;                 ; no       ; On           ;
; H22      ; 321        ; 6        ; RESERVED_INPUT_WITH_WEAK_PULLUP                ;        ;                       ;         ; Row I/O    ;                 ; no       ; On           ;
; J1       ; 46         ; 1B       ; dummy_dout[20]                                 ; output ; 2.5 V                 ;         ; Row I/O    ; N               ; no       ; Off          ;
; J2       ;            ;          ; GND                                            ; gnd    ;                       ;         ; --         ;                 ; --       ; --           ;
; J3       ; 15         ; 1A       ; dummy_dout[18]                                 ; output ; 2.5 V                 ;         ; Row I/O    ; N               ; no       ; Off          ;
; J4       ; 8          ; 1A       ; dummy_dout[19]                                 ; output ; 2.5 V                 ;         ; Row I/O    ; N               ; no       ; Off          ;
; J5       ;            ;          ; ANAIN2                                         ;        ;                       ;         ; --         ;                 ; --       ; --           ;
; J6       ;            ;          ; GND                                            ; gnd    ;                       ;         ; --         ;                 ; --       ; --           ;
; J7       ;            ;          ; VCCINT                                         ; power  ;                       ; 1.2V    ; --         ;                 ; --       ; --           ;
; J8       ; 4          ; 1A       ; RESERVED_INPUT_WITH_WEAK_PULLUP                ;        ;                       ;         ; Row I/O    ;                 ; no       ; On           ;
; J9       ; 6          ; 1A       ; RESERVED_INPUT_WITH_WEAK_PULLUP                ;        ;                       ;         ; Row I/O    ;                 ; no       ; On           ;
; J10      ; 468        ; 8        ; dummy_dout[15]                                 ; output ; 2.5 V                 ;         ; Column I/O ; N               ; no       ; Off          ;
; J11      ; 446        ; 7        ; RESERVED_INPUT_WITH_WEAK_PULLUP                ;        ;                       ;         ; Column I/O ;                 ; no       ; On           ;
; J12      ; 434        ; 7        ; dummy_dout[13]                                 ; output ; 2.5 V                 ;         ; Column I/O ; N               ; no       ; Off          ;
; J13      ; 422        ; 7        ; RESERVED_INPUT_WITH_WEAK_PULLUP                ;        ;                       ;         ; Column I/O ;                 ; no       ; On           ;
; J14      ; 368        ; 6        ; RESERVED_INPUT_WITH_WEAK_PULLUP                ;        ;                       ;         ; Row I/O    ;                 ; no       ; On           ;
; J15      ; 370        ; 6        ; RESERVED_INPUT_WITH_WEAK_PULLUP                ;        ;                       ;         ; Row I/O    ;                 ; no       ; On           ;
; J16      ;            ;          ; GND                                            ; gnd    ;                       ;         ; --         ;                 ; --       ; --           ;
; J17      ;            ; 6        ; VCCIO6                                         ; power  ;                       ; 2.5V    ; --         ;                 ; --       ; --           ;
; J18      ; 362        ; 6        ; RESERVED_INPUT_WITH_WEAK_PULLUP                ;        ;                       ;         ; Row I/O    ;                 ; no       ; On           ;
; J19      ;            ;          ; GND                                            ; gnd    ;                       ;         ; --         ;                 ; --       ; --           ;
; J20      ; 373        ; 6        ; RESERVED_INPUT_WITH_WEAK_PULLUP                ;        ;                       ;         ; Row I/O    ;                 ; no       ; On           ;
; J21      ; 327        ; 6        ; RESERVED_INPUT_WITH_WEAK_PULLUP                ;        ;                       ;         ; Row I/O    ;                 ; no       ; On           ;
; J22      ; 325        ; 6        ; RESERVED_INPUT_WITH_WEAK_PULLUP                ;        ;                       ;         ; Row I/O    ;                 ; no       ; On           ;
; K1       ; 49         ; 1B       ; RESERVED_INPUT_WITH_WEAK_PULLUP                ;        ;                       ;         ; Row I/O    ;                 ; no       ; On           ;
; K2       ; 37         ; 1B       ; RESERVED_INPUT_WITH_WEAK_PULLUP                ;        ;                       ;         ; Row I/O    ;                 ; no       ; On           ;
; K3       ;            ;          ; GND                                            ; gnd    ;                       ;         ; --         ;                 ; --       ; --           ;
; K4       ; 13         ; 1A       ; dummy_dout[26]                                 ; output ; 2.5 V                 ;         ; Row I/O    ; N               ; no       ; Off          ;
; K5       ; 12         ; 1A       ; dummy_dout[10]                                 ; output ; 2.5 V                 ;         ; Row I/O    ; N               ; no       ; Off          ;
; K6       ; 14         ; 1A       ; RESERVED_INPUT_WITH_WEAK_PULLUP                ;        ;                       ;         ; Row I/O    ;                 ; no       ; On           ;
; K7       ;            ; 1A       ; VCCIO1A                                        ; power  ;                       ; 2.5V    ; --         ;                 ; --       ; --           ;
; K8       ; 28         ; 1B       ; RESERVED_INPUT_WITH_WEAK_PULLUP                ;        ;                       ;         ; Row I/O    ;                 ; no       ; On           ;
; K9       ; 30         ; 1B       ; RESERVED_INPUT_WITH_WEAK_PULLUP                ;        ;                       ;         ; Row I/O    ;                 ; no       ; On           ;
; K10      ;            ;          ; GND                                            ; gnd    ;                       ;         ; --         ;                 ; --       ; --           ;
; K11      ;            ; --       ; VCC                                            ; power  ;                       ; 1.2V    ; --         ;                 ; --       ; --           ;
; K12      ;            ;          ; GND                                            ; gnd    ;                       ;         ; --         ;                 ; --       ; --           ;
; K13      ;            ; --       ; VCC                                            ; power  ;                       ; 1.2V    ; --         ;                 ; --       ; --           ;
; K14      ; 356        ; 6        ; RESERVED_INPUT_WITH_WEAK_PULLUP                ;        ;                       ;         ; Row I/O    ;                 ; no       ; On           ;
; K15      ; 358        ; 6        ; RESERVED_INPUT_WITH_WEAK_PULLUP                ;        ;                       ;         ; Row I/O    ;                 ; no       ; On           ;
; K16      ;            ; 6        ; VCCIO6                                         ; power  ;                       ; 2.5V    ; --         ;                 ; --       ; --           ;
; K17      ;            ; 6        ; VCCIO6                                         ; power  ;                       ; 2.5V    ; --         ;                 ; --       ; --           ;
; K18      ; 360        ; 6        ; RESERVED_INPUT_WITH_WEAK_PULLUP                ;        ;                       ;         ; Row I/O    ;                 ; no       ; On           ;
; K19      ; 361        ; 6        ; RESERVED_INPUT_WITH_WEAK_PULLUP                ;        ;                       ;         ; Row I/O    ;                 ; no       ; On           ;
; K20      ; 363        ; 6        ; RESERVED_INPUT_WITH_WEAK_PULLUP                ;        ;                       ;         ; Row I/O    ;                 ; no       ; On           ;
; K21      ; 326        ; 6        ; RESERVED_INPUT_WITH_WEAK_PULLUP                ;        ;                       ;         ; Row I/O    ;                 ; no       ; On           ;
; K22      ; 324        ; 6        ; RESERVED_INPUT_WITH_WEAK_PULLUP                ;        ;                       ;         ; Row I/O    ;                 ; no       ; On           ;
; L1       ; 51         ; 1B       ; RESERVED_INPUT_WITH_WEAK_PULLUP                ;        ;                       ;         ; Row I/O    ;                 ; no       ; On           ;
; L2       ; 39         ; 1B       ; RESERVED_INPUT_WITH_WEAK_PULLUP                ;        ;                       ;         ; Row I/O    ;                 ; no       ; On           ;
; L3       ;            ;          ; DNU                                            ;        ;                       ;         ; --         ;                 ; --       ; --           ;
; L4       ; 36         ; 1B       ; ~ALTERA_TDI~ / RESERVED_INPUT_WITH_WEAK_PULLUP ; input  ; 2.5 V Schmitt Trigger ;         ; Row I/O    ; N               ; no       ; On           ;
; L5       ;            ;          ; GND                                            ; gnd    ;                       ;         ; --         ;                 ; --       ; --           ;
; L6       ;            ; 1A       ; VCCIO1A                                        ; power  ;                       ; 2.5V    ; --         ;                 ; --       ; --           ;
; L7       ;            ; 1B       ; VCCIO1B                                        ; power  ;                       ; 2.5V    ; --         ;                 ; --       ; --           ;
; L8       ; 40         ; 1B       ; sel_word_idx[2]                                ; input  ; 2.5 V                 ;         ; Row I/O    ; N               ; no       ; Off          ;
; L9       ; 42         ; 1B       ; sel_word_idx[0]                                ; input  ; 2.5 V                 ;         ; Row I/O    ; N               ; no       ; Off          ;
; L10      ;            ; --       ; VCC                                            ; power  ;                       ; 1.2V    ; --         ;                 ; --       ; --           ;
; L11      ;            ; --       ; VCC                                            ; power  ;                       ; 1.2V    ; --         ;                 ; --       ; --           ;
; L12      ;            ; --       ; VCC                                            ; power  ;                       ; 1.2V    ; --         ;                 ; --       ; --           ;
; L13      ;            ;          ; GND                                            ; gnd    ;                       ;         ; --         ;                 ; --       ; --           ;
; L14      ; 344        ; 6        ; RESERVED_INPUT_WITH_WEAK_PULLUP                ;        ;                       ;         ; Row I/O    ;                 ; no       ; On           ;
; L15      ; 346        ; 6        ; RESERVED_INPUT_WITH_WEAK_PULLUP                ;        ;                       ;         ; Row I/O    ;                 ; no       ; On           ;
; L16      ;            ; 6        ; VCCIO6                                         ; power  ;                       ; 2.5V    ; --         ;                 ; --       ; --           ;
; L17      ;            ;          ; GND                                            ; gnd    ;                       ;         ; --         ;                 ; --       ; --           ;
; L18      ; 350        ; 6        ; RESERVED_INPUT_WITH_WEAK_PULLUP                ;        ;                       ;         ; Row I/O    ;                 ; no       ; On           ;
; L19      ; 349        ; 6        ; RESERVED_INPUT_WITH_WEAK_PULLUP                ;        ;                       ;         ; Row I/O    ;                 ; no       ; On           ;
; L20      ; 351        ; 6        ; RESERVED_INPUT_WITH_WEAK_PULLUP                ;        ;                       ;         ; Row I/O    ;                 ; no       ; On           ;
; L21      ;            ;          ; GND                                            ; gnd    ;                       ;         ; --         ;                 ; --       ; --           ;
; L22      ; 314        ; 5        ; RESERVED_INPUT_WITH_WEAK_PULLUP                ;        ;                       ;         ; Row I/O    ;                 ; no       ; On           ;
; M1       ; 79         ; 2        ; RESERVED_INPUT_WITH_WEAK_PULLUP                ;        ;                       ;         ; Row I/O    ;                 ; no       ; On           ;
; M2       ; 77         ; 2        ; RESERVED_INPUT_WITH_WEAK_PULLUP                ;        ;                       ;         ; Row I/O    ;                 ; --       ; --           ;
; M3       ; 50         ; 1B       ; RESERVED_INPUT_WITH_WEAK_PULLUP                ;        ;                       ;         ; Row I/O    ;                 ; no       ; On           ;
; M4       ; 48         ; 1B       ; RESERVED_INPUT_WITH_WEAK_PULLUP                ;        ;                       ;         ; Row I/O    ;                 ; no       ; On           ;
; M5       ; 38         ; 1B       ; ~ALTERA_TDO~                                   ; output ; 2.5 V                 ;         ; Row I/O    ; N               ; no       ; Off          ;
; M6       ;            ; 1B       ; VCCIO1B                                        ; power  ;                       ; 2.5V    ; --         ;                 ; --       ; --           ;
; M7       ;            ;          ; GND                                            ; gnd    ;                       ;         ; --         ;                 ; --       ; --           ;
; M8       ; 72         ; 2        ; clk                                            ; input  ; 2.5 V                 ;         ; Row I/O    ; N               ; no       ; Off          ;
; M9       ; 74         ; 2        ; rst_n                                          ; input  ; 2.5 V                 ;         ; Row I/O    ; N               ; no       ; Off          ;
; M10      ;            ;          ; GND                                            ; gnd    ;                       ;         ; --         ;                 ; --       ; --           ;
; M11      ;            ; --       ; VCC                                            ; power  ;                       ; 1.2V    ; --         ;                 ; --       ; --           ;
; M12      ;            ; --       ; VCC                                            ; power  ;                       ; 1.2V    ; --         ;                 ; --       ; --           ;
; M13      ;            ; --       ; VCC                                            ; power  ;                       ; 1.2V    ; --         ;                 ; --       ; --           ;
; M14      ; 334        ; 6        ; RESERVED_INPUT_WITH_WEAK_PULLUP                ;        ;                       ;         ; Row I/O    ;                 ; no       ; On           ;
; M15      ; 332        ; 6        ; RESERVED_INPUT_WITH_WEAK_PULLUP                ;        ;                       ;         ; Row I/O    ;                 ; no       ; On           ;
; M16      ;            ;          ; GND                                            ; gnd    ;                       ;         ; --         ;                 ; --       ; --           ;
; M17      ;            ; 6        ; VCCIO6                                         ; power  ;                       ; 2.5V    ; --         ;                 ; --       ; --           ;
; M18      ; 348        ; 6        ; RESERVED_INPUT_WITH_WEAK_PULLUP                ;        ;                       ;         ; Row I/O    ;                 ; no       ; On           ;
; M19      ;            ;          ; GND                                            ; gnd    ;                       ;         ; --         ;                 ; --       ; --           ;
; M20      ; 337        ; 6        ; RESERVED_INPUT_WITH_WEAK_PULLUP                ;        ;                       ;         ; Row I/O    ;                 ; no       ; On           ;
; M21      ; 312        ; 5        ; RESERVED_INPUT_WITH_WEAK_PULLUP                ;        ;                       ;         ; Row I/O    ;                 ; no       ; On           ;
; M22      ; 315        ; 5        ; RESERVED_INPUT_WITH_WEAK_PULLUP                ;        ;                       ;         ; Row I/O    ;                 ; no       ; On           ;
; N1       ; 87         ; 2        ; RESERVED_INPUT_WITH_WEAK_PULLUP                ;        ;                       ;         ; Row I/O    ;                 ; no       ; On           ;
; N2       ; 75         ; 2        ; RESERVED_INPUT_WITH_WEAK_PULLUP                ;        ;                       ;         ; Row I/O    ;                 ; no       ; On           ;
; N3       ; 73         ; 2        ; RESERVED_INPUT_WITH_WEAK_PULLUP                ;        ;                       ;         ; Row I/O    ;                 ; no       ; On           ;
; N4       ; 56         ; 2        ; dummy_dout[5]                                  ; output ; 2.5 V                 ;         ; Row I/O    ; N               ; no       ; Off          ;
; N5       ; 58         ; 2        ; RESERVED_INPUT_WITH_WEAK_PULLUP                ;        ;                       ;         ; Row I/O    ;                 ; no       ; On           ;
; N6       ;            ; 2        ; VCCIO2                                         ; power  ;                       ; 2.5V    ; --         ;                 ; --       ; --           ;
; N7       ;            ; 2        ; VCCIO2                                         ; power  ;                       ; 2.5V    ; --         ;                 ; --       ; --           ;
; N8       ; 84         ; 2        ; RESERVED_INPUT_WITH_WEAK_PULLUP                ;        ;                       ;         ; Row I/O    ;                 ; no       ; On           ;
; N9       ; 86         ; 2        ; host_regs_read_pulse[9]                        ; input  ; 2.5 V                 ;         ; Row I/O    ; N               ; no       ; Off          ;
; N10      ;            ; --       ; VCC                                            ; power  ;                       ; 1.2V    ; --         ;                 ; --       ; --           ;
; N11      ;            ;          ; GND                                            ; gnd    ;                       ;         ; --         ;                 ; --       ; --           ;
; N12      ;            ; --       ; VCC                                            ; power  ;                       ; 1.2V    ; --         ;                 ; --       ; --           ;
; N13      ;            ;          ; GND                                            ; gnd    ;                       ;         ; --         ;                 ; --       ; --           ;
; N14      ; 320        ; 6        ; RESERVED_INPUT_WITH_WEAK_PULLUP                ;        ;                       ;         ; Row I/O    ;                 ; no       ; On           ;
; N15      ; 322        ; 6        ; RESERVED_INPUT_WITH_WEAK_PULLUP                ;        ;                       ;         ; Row I/O    ;                 ; no       ; On           ;
; N16      ;            ; 5        ; VCCIO5                                         ; power  ;                       ; 2.5V    ; --         ;                 ; --       ; --           ;
; N17      ;            ; 6        ; VCCIO6                                         ; power  ;                       ; 2.5V    ; --         ;                 ; --       ; --           ;
; N18      ; 336        ; 6        ; host_regs_read_pulse[3]                        ; input  ; 2.5 V                 ;         ; Row I/O    ; N               ; no       ; Off          ;
; N19      ; 338        ; 6        ; host_regs_read_pulse[12]                       ; input  ; 2.5 V                 ;         ; Row I/O    ; N               ; no       ; Off          ;
; N20      ; 339        ; 6        ; RESERVED_INPUT_WITH_WEAK_PULLUP                ;        ;                       ;         ; Row I/O    ;                 ; no       ; On           ;
; N21      ; 313        ; 5        ; RESERVED_INPUT_WITH_WEAK_PULLUP                ;        ;                       ;         ; Row I/O    ;                 ; no       ; On           ;
; N22      ; 307        ; 5        ; RESERVED_INPUT_WITH_WEAK_PULLUP                ;        ;                       ;         ; Row I/O    ;                 ; no       ; On           ;
; P1       ; 85         ; 2        ; dummy_dout[21]                                 ; output ; 2.5 V                 ;         ; Row I/O    ; N               ; no       ; Off          ;
; P2       ;            ;          ; GND                                            ; gnd    ;                       ;         ; --         ;                 ; --       ; --           ;
; P3       ; 76         ; 2        ; RESERVED_INPUT_WITH_WEAK_PULLUP                ;        ;                       ;         ; Row I/O    ;                 ; no       ; On           ;
; P4       ; 57         ; 2        ; RESERVED_INPUT_WITH_WEAK_PULLUP                ;        ;                       ;         ; Row I/O    ;                 ; no       ; On           ;
; P5       ; 59         ; 2        ; RESERVED_INPUT_WITH_WEAK_PULLUP                ;        ;                       ;         ; Row I/O    ;                 ; no       ; On           ;
; P6       ;            ;          ; GND                                            ; gnd    ;                       ;         ; --         ;                 ; --       ; --           ;
; P7       ;            ; 2        ; VCCIO2                                         ; power  ;                       ; 2.5V    ; --         ;                 ; --       ; --           ;
; P8       ; 96         ; 2        ; RESERVED_INPUT_WITH_WEAK_PULLUP                ;        ;                       ;         ; Row I/O    ;                 ; no       ; On           ;
; P9       ; 142        ; 3        ; mem_start_addr[11]                             ; output ; 2.5 V                 ;         ; Column I/O ; N               ; no       ; Off          ;
; P10      ; 154        ; 3        ; mem_start_addr[13]                             ; output ; 2.5 V                 ;         ; Column I/O ; N               ; no       ; Off          ;
; P11      ; 166        ; 3        ; dummy_din[3]                                   ; input  ; 2.5 V                 ;         ; Column I/O ; N               ; no       ; Off          ;
; P12      ; 178        ; 4        ; RESERVED_INPUT_WITH_WEAK_PULLUP                ;        ;                       ;         ; Column I/O ;                 ; no       ; On           ;
; P13      ; 198        ; 4        ; RESERVED_INPUT_WITH_WEAK_PULLUP                ;        ;                       ;         ; Column I/O ;                 ; no       ; On           ;
; P14      ; 306        ; 5        ; RESERVED_INPUT_WITH_WEAK_PULLUP                ;        ;                       ;         ; Row I/O    ;                 ; no       ; On           ;
; P15      ; 304        ; 5        ; RESERVED_INPUT_WITH_WEAK_PULLUP                ;        ;                       ;         ; Row I/O    ;                 ; no       ; On           ;
; P16      ;            ; 5        ; VCCIO5                                         ; power  ;                       ; 2.5V    ; --         ;                 ; --       ; --           ;
; P17      ;            ;          ; GND                                            ; gnd    ;                       ;         ; --         ;                 ; --       ; --           ;
; P18      ; 310        ; 5        ; RESERVED_INPUT_WITH_WEAK_PULLUP                ;        ;                       ;         ; Row I/O    ;                 ; no       ; On           ;
; P19      ; 309        ; 5        ; RESERVED_INPUT_WITH_WEAK_PULLUP                ;        ;                       ;         ; Row I/O    ;                 ; no       ; On           ;
; P20      ; 311        ; 5        ; RESERVED_INPUT_WITH_WEAK_PULLUP                ;        ;                       ;         ; Row I/O    ;                 ; no       ; On           ;
; P21      ; 305        ; 5        ; RESERVED_INPUT_WITH_WEAK_PULLUP                ;        ;                       ;         ; Row I/O    ;                 ; no       ; On           ;
; P22      ; 303        ; 5        ; RESERVED_INPUT_WITH_WEAK_PULLUP                ;        ;                       ;         ; Row I/O    ;                 ; --       ; --           ;
; R1       ; 121        ; 2        ; host_regs_read_pulse[5]                        ; input  ; 2.5 V                 ;         ; Row I/O    ; N               ; no       ; Off          ;
; R2       ; 123        ; 2        ; RESERVED_INPUT_WITH_WEAK_PULLUP                ;        ;                       ;         ; Row I/O    ;                 ; no       ; On           ;
; R3       ; 78         ; 2        ; RESERVED_INPUT_WITH_WEAK_PULLUP                ;        ;                       ;         ; Row I/O    ;                 ; no       ; On           ;
; R4       ; 80         ; 2        ; RESERVED_INPUT_WITH_WEAK_PULLUP                ;        ;                       ;         ; Row I/O    ;                 ; no       ; On           ;
; R5       ; 82         ; 2        ; dummy_din[20]                                  ; input  ; 2.5 V                 ;         ; Row I/O    ; N               ; no       ; Off          ;
; R6       ;            ; 2        ; VCCIO2                                         ; power  ;                       ; 2.5V    ; --         ;                 ; --       ; --           ;
; R7       ; 98         ; 2        ; RESERVED_INPUT_WITH_WEAK_PULLUP                ;        ;                       ;         ; Row I/O    ;                 ; no       ; On           ;
; R8       ;            ; --       ; VCCA1                                          ; power  ;                       ; 2.5V    ; --         ;                 ; --       ; --           ;
; R9       ; 140        ; 3        ; mem_start_addr[8]                              ; output ; 2.5 V                 ;         ; Column I/O ; N               ; no       ; Off          ;
; R10      ; 152        ; 3        ; dummy_din[1]                                   ; input  ; 2.5 V                 ;         ; Column I/O ; N               ; no       ; Off          ;
; R11      ; 164        ; 3        ; dummy_din[8]                                   ; input  ; 2.5 V                 ;         ; Column I/O ; N               ; no       ; Off          ;
; R12      ; 176        ; 4        ; RESERVED_INPUT_WITH_WEAK_PULLUP                ;        ;                       ;         ; Column I/O ;                 ; no       ; On           ;
; R13      ; 196        ; 4        ; RESERVED_INPUT_WITH_WEAK_PULLUP                ;        ;                       ;         ; Column I/O ;                 ; no       ; On           ;
; R14      ; 294        ; 5        ; RESERVED_INPUT_WITH_WEAK_PULLUP                ;        ;                       ;         ; Row I/O    ;                 ; no       ; On           ;
; R15      ; 292        ; 5        ; host_regs_read_pulse[11]                       ; input  ; 2.5 V                 ;         ; Row I/O    ; N               ; no       ; Off          ;
; R16      ;            ; 5        ; VCCIO5                                         ; power  ;                       ; 2.5V    ; --         ;                 ; --       ; --           ;
; R17      ;            ; 5        ; VCCIO5                                         ; power  ;                       ; 2.5V    ; --         ;                 ; --       ; --           ;
; R18      ; 308        ; 5        ; RESERVED_INPUT_WITH_WEAK_PULLUP                ;        ;                       ;         ; Row I/O    ;                 ; no       ; On           ;
; R19      ;            ;          ; GND                                            ; gnd    ;                       ;         ; --         ;                 ; --       ; --           ;
; R20      ; 299        ; 5        ; RESERVED_INPUT_WITH_WEAK_PULLUP                ;        ;                       ;         ; Row I/O    ;                 ; no       ; On           ;
; R21      ;            ;          ; GND                                            ; gnd    ;                       ;         ; --         ;                 ; --       ; --           ;
; R22      ; 301        ; 5        ; host_regs_read_pulse[15]                       ; input  ; 2.5 V                 ;         ; Row I/O    ; N               ; no       ; Off          ;
; T1       ; 81         ; 2        ; RESERVED_INPUT_WITH_WEAK_PULLUP                ;        ;                       ;         ; Row I/O    ;                 ; no       ; On           ;
; T2       ; 83         ; 2        ; RESERVED_INPUT_WITH_WEAK_PULLUP                ;        ;                       ;         ; Row I/O    ;                 ; no       ; On           ;
; T3       ; 88         ; 2        ; RESERVED_INPUT_WITH_WEAK_PULLUP                ;        ;                       ;         ; Row I/O    ;                 ; no       ; On           ;
; T4       ;            ;          ; GND                                            ; gnd    ;                       ;         ; --         ;                 ; --       ; --           ;
; T5       ; 120        ; 2        ; RESERVED_INPUT_WITH_WEAK_PULLUP                ;        ;                       ;         ; Row I/O    ;                 ; no       ; On           ;
; T6       ; 122        ; 2        ; RESERVED_INPUT_WITH_WEAK_PULLUP                ;        ;                       ;         ; Row I/O    ;                 ; no       ; On           ;
; T7       ;            ;          ; VCCD_PLL1                                      ; power  ;                       ; 1.2V    ; --         ;                 ; --       ; --           ;
; T8       ;            ;          ; GND                                            ; gnd    ;                       ;         ; --         ;                 ; --       ; --           ;
; T9       ;            ; 3        ; VCCIO3                                         ; power  ;                       ; 2.5V    ; --         ;                 ; --       ; --           ;
; T10      ;            ; 3        ; VCCIO3                                         ; power  ;                       ; 2.5V    ; --         ;                 ; --       ; --           ;
; T11      ;            ; 3        ; VCCIO3                                         ; power  ;                       ; 2.5V    ; --         ;                 ; --       ; --           ;
; T12      ;            ; 4        ; VCCIO4                                         ; power  ;                       ; 2.5V    ; --         ;                 ; --       ; --           ;
; T13      ;            ; 4        ; VCCIO4                                         ; power  ;                       ; 2.5V    ; --         ;                 ; --       ; --           ;
; T14      ;            ;          ; GND                                            ; gnd    ;                       ;         ; --         ;                 ; --       ; --           ;
; T15      ;            ; --       ; VCCA4                                          ; power  ;                       ; 2.5V    ; --         ;                 ; --       ; --           ;
; T16      ;            ;          ; GND                                            ; gnd    ;                       ;         ; --         ;                 ; --       ; --           ;
; T17      ;            ; 5        ; VCCIO5                                         ; power  ;                       ; 2.5V    ; --         ;                 ; --       ; --           ;
; T18      ; 298        ; 5        ; RESERVED_INPUT_WITH_WEAK_PULLUP                ;        ;                       ;         ; Row I/O    ;                 ; no       ; On           ;
; T19      ; 296        ; 5        ; RESERVED_INPUT_WITH_WEAK_PULLUP                ;        ;                       ;         ; Row I/O    ;                 ; no       ; On           ;
; T20      ; 297        ; 5        ; RESERVED_INPUT_WITH_WEAK_PULLUP                ;        ;                       ;         ; Row I/O    ;                 ; no       ; On           ;
; T21      ; 293        ; 5        ; RESERVED_INPUT_WITH_WEAK_PULLUP                ;        ;                       ;         ; Row I/O    ;                 ; no       ; On           ;
; T22      ; 295        ; 5        ; RESERVED_INPUT_WITH_WEAK_PULLUP                ;        ;                       ;         ; Row I/O    ;                 ; no       ; On           ;
; U1       ; 89         ; 2        ; RESERVED_INPUT_WITH_WEAK_PULLUP                ;        ;                       ;         ; Row I/O    ;                 ; no       ; On           ;
; U2       ; 90         ; 2        ; RESERVED_INPUT_WITH_WEAK_PULLUP                ;        ;                       ;         ; Row I/O    ;                 ; no       ; On           ;
; U3       ; 93         ; 2        ; RESERVED_INPUT_WITH_WEAK_PULLUP                ;        ;                       ;         ; Row I/O    ;                 ; no       ; On           ;
; U4       ; 92         ; 2        ; RESERVED_INPUT_WITH_WEAK_PULLUP                ;        ;                       ;         ; Row I/O    ;                 ; no       ; On           ;
; U5       ; 94         ; 2        ; RESERVED_INPUT_WITH_WEAK_PULLUP                ;        ;                       ;         ; Row I/O    ;                 ; no       ; On           ;
; U6       ; 128        ; 3        ; mem_start_addr[5]                              ; output ; 2.5 V                 ;         ; Column I/O ; N               ; no       ; Off          ;
; U7       ; 130        ; 3        ; mem_start_addr[1]                              ; output ; 2.5 V                 ;         ; Column I/O ; N               ; no       ; Off          ;
; U8       ;            ; 3        ; VCCIO3                                         ; power  ;                       ; 2.5V    ; --         ;                 ; --       ; --           ;
; U9       ;            ; 3        ; VCCIO3                                         ; power  ;                       ; 2.5V    ; --         ;                 ; --       ; --           ;
; U10      ;            ;          ; GND                                            ; gnd    ;                       ;         ; --         ;                 ; --       ; --           ;
; U11      ;            ; 4        ; VCCIO4                                         ; power  ;                       ; 2.5V    ; --         ;                 ; --       ; --           ;
; U12      ;            ; 4        ; VCCIO4                                         ; power  ;                       ; 2.5V    ; --         ;                 ; --       ; --           ;
; U13      ;            ;          ; GND                                            ; gnd    ;                       ;         ; --         ;                 ; --       ; --           ;
; U14      ;            ; 4        ; VCCIO4                                         ; power  ;                       ; 2.5V    ; --         ;                 ; --       ; --           ;
; U15      ; 208        ; 4        ; RESERVED_INPUT_WITH_WEAK_PULLUP                ;        ;                       ;         ; Column I/O ;                 ; no       ; On           ;
; U16      ;            ;          ; VCCD_PLL4                                      ; power  ;                       ; 1.2V    ; --         ;                 ; --       ; --           ;
; U17      ; 246        ; 5        ; RESERVED_INPUT_WITH_WEAK_PULLUP                ;        ;                       ;         ; Row I/O    ;                 ; no       ; On           ;
; U18      ; 244        ; 5        ; RESERVED_INPUT_WITH_WEAK_PULLUP                ;        ;                       ;         ; Row I/O    ;                 ; no       ; On           ;
; U19      ; 282        ; 5        ; RESERVED_INPUT_WITH_WEAK_PULLUP                ;        ;                       ;         ; Row I/O    ;                 ; no       ; On           ;
; U20      ; 290        ; 5        ; RESERVED_INPUT_WITH_WEAK_PULLUP                ;        ;                       ;         ; Row I/O    ;                 ; no       ; On           ;
; U21      ; 300        ; 5        ; RESERVED_INPUT_WITH_WEAK_PULLUP                ;        ;                       ;         ; Row I/O    ;                 ; no       ; On           ;
; U22      ; 302        ; 5        ; RESERVED_INPUT_WITH_WEAK_PULLUP                ;        ;                       ;         ; Row I/O    ;                 ; no       ; On           ;
; V1       ; 91         ; 2        ; RESERVED_INPUT_WITH_WEAK_PULLUP                ;        ;                       ;         ; Row I/O    ;                 ; no       ; On           ;
; V2       ;            ;          ; GND                                            ; gnd    ;                       ;         ; --         ;                 ; --       ; --           ;
; V3       ; 95         ; 2        ; RESERVED_INPUT_WITH_WEAK_PULLUP                ;        ;                       ;         ; Row I/O    ;                 ; no       ; On           ;
; V4       ; 125        ; 3        ; mem_size_bytes[0]                              ; output ; 2.5 V                 ;         ; Column I/O ; N               ; no       ; Off          ;
; V5       ; 127        ; 3        ; mem_size_bytes[2]                              ; output ; 2.5 V                 ;         ; Column I/O ; N               ; no       ; Off          ;
; V6       ;            ;          ; GND                                            ; gnd    ;                       ;         ; --         ;                 ; --       ; --           ;
; V7       ; 136        ; 3        ; dummy_din[6]                                   ; input  ; 2.5 V                 ;         ; Column I/O ; N               ; no       ; Off          ;
; V8       ; 138        ; 3        ; mem_start_addr[0]                              ; output ; 2.5 V                 ;         ; Column I/O ; N               ; no       ; Off          ;
; V9       ; 160        ; 3        ; dummy_din[24]                                  ; input  ; 2.5 V                 ;         ; Column I/O ; N               ; no       ; Off          ;
; V10      ; 162        ; 3        ; dummy_din[16]                                  ; input  ; 2.5 V                 ;         ; Column I/O ; N               ; no       ; Off          ;
; V11      ; 172        ; 4        ; RESERVED_INPUT_WITH_WEAK_PULLUP                ;        ;                       ;         ; Column I/O ;                 ; no       ; On           ;
; V12      ; 174        ; 4        ; dummy_dout[7]                                  ; output ; 2.5 V                 ;         ; Column I/O ; N               ; no       ; Off          ;
; V13      ; 192        ; 4        ; RESERVED_INPUT_WITH_WEAK_PULLUP                ;        ;                       ;         ; Column I/O ;                 ; no       ; On           ;
; V14      ; 204        ; 4        ; RESERVED_INPUT_WITH_WEAK_PULLUP                ;        ;                       ;         ; Column I/O ;                 ; no       ; On           ;
; V15      ; 216        ; 4        ; RESERVED_INPUT_WITH_WEAK_PULLUP                ;        ;                       ;         ; Column I/O ;                 ; no       ; On           ;
; V16      ; 210        ; 4        ; RESERVED_INPUT_WITH_WEAK_PULLUP                ;        ;                       ;         ; Column I/O ;                 ; no       ; On           ;
; V17      ; 242        ; 4        ; RESERVED_INPUT_WITH_WEAK_PULLUP                ;        ;                       ;         ; Column I/O ;                 ; no       ; On           ;
; V18      ; 280        ; 5        ; RESERVED_INPUT_WITH_WEAK_PULLUP                ;        ;                       ;         ; Row I/O    ;                 ; no       ; On           ;
; V19      ;            ;          ; GND                                            ; gnd    ;                       ;         ; --         ;                 ; --       ; --           ;
; V20      ; 288        ; 5        ; RESERVED_INPUT_WITH_WEAK_PULLUP                ;        ;                       ;         ; Row I/O    ;                 ; no       ; On           ;
; V21      ; 289        ; 5        ; RESERVED_INPUT_WITH_WEAK_PULLUP                ;        ;                       ;         ; Row I/O    ;                 ; no       ; On           ;
; V22      ; 291        ; 5        ; RESERVED_INPUT_WITH_WEAK_PULLUP                ;        ;                       ;         ; Row I/O    ;                 ; no       ; On           ;
; W1       ; 97         ; 2        ; RESERVED_INPUT_WITH_WEAK_PULLUP                ;        ;                       ;         ; Row I/O    ;                 ; no       ; On           ;
; W2       ; 99         ; 2        ; RESERVED_INPUT_WITH_WEAK_PULLUP                ;        ;                       ;         ; Row I/O    ;                 ; no       ; On           ;
; W3       ; 134        ; 3        ; mem_size_bytes[5]                              ; output ; 2.5 V                 ;         ; Column I/O ; N               ; no       ; Off          ;
; W4       ; 132        ; 3        ; mem_start_addr[12]                             ; output ; 2.5 V                 ;         ; Column I/O ; N               ; no       ; Off          ;
; W5       ; 124        ; 3        ; mem_size_bytes[4]                              ; output ; 2.5 V                 ;         ; Column I/O ; N               ; no       ; Off          ;
; W6       ; 126        ; 3        ; mem_size_bytes[1]                              ; output ; 2.5 V                 ;         ; Column I/O ; N               ; no       ; Off          ;
; W7       ; 148        ; 3        ; dummy_din[13]                                  ; input  ; 2.5 V                 ;         ; Column I/O ; N               ; no       ; Off          ;
; W8       ; 150        ; 3        ; dummy_din[12]                                  ; input  ; 2.5 V                 ;         ; Column I/O ; N               ; no       ; Off          ;
; W9       ; 144        ; 3        ; mem_start_addr[7]                              ; output ; 2.5 V                 ;         ; Column I/O ; N               ; no       ; Off          ;
; W10      ; 146        ; 3        ; dummy_din[7]                                   ; input  ; 2.5 V                 ;         ; Column I/O ; N               ; no       ; Off          ;
; W11      ; 173        ; 4        ; dummy_din[21]                                  ; input  ; 2.5 V                 ;         ; Column I/O ; N               ; no       ; Off          ;
; W12      ; 193        ; 4        ; RESERVED_INPUT_WITH_WEAK_PULLUP                ;        ;                       ;         ; Column I/O ;                 ; no       ; On           ;
; W13      ; 195        ; 4        ; host_regs_read_pulse[10]                       ; input  ; 2.5 V                 ;         ; Column I/O ; N               ; no       ; Off          ;
; W14      ; 194        ; 4        ; RESERVED_INPUT_WITH_WEAK_PULLUP                ;        ;                       ;         ; Column I/O ;                 ; no       ; On           ;
; W15      ; 206        ; 4        ; RESERVED_INPUT_WITH_WEAK_PULLUP                ;        ;                       ;         ; Column I/O ;                 ; no       ; On           ;
; W16      ; 218        ; 4        ; RESERVED_INPUT_WITH_WEAK_PULLUP                ;        ;                       ;         ; Column I/O ;                 ; no       ; On           ;
; W17      ; 240        ; 4        ; RESERVED_INPUT_WITH_WEAK_PULLUP                ;        ;                       ;         ; Column I/O ;                 ; no       ; On           ;
; W18      ; 226        ; 4        ; host_regs_read_pulse[0]                        ; input  ; 2.5 V                 ;         ; Column I/O ; N               ; no       ; Off          ;
; W19      ; 284        ; 5        ; RESERVED_INPUT_WITH_WEAK_PULLUP                ;        ;                       ;         ; Row I/O    ;                 ; no       ; On           ;
; W20      ; 286        ; 5        ; RESERVED_INPUT_WITH_WEAK_PULLUP                ;        ;                       ;         ; Row I/O    ;                 ; no       ; On           ;
; W21      ;            ;          ; GND                                            ; gnd    ;                       ;         ; --         ;                 ; --       ; --           ;
; W22      ; 283        ; 5        ; RESERVED_INPUT_WITH_WEAK_PULLUP                ;        ;                       ;         ; Row I/O    ;                 ; no       ; On           ;
; Y1       ; 129        ; 3        ; dummy_din[14]                                  ; input  ; 2.5 V                 ;         ; Column I/O ; N               ; no       ; Off          ;
; Y2       ; 131        ; 3        ; mem_start_addr[3]                              ; output ; 2.5 V                 ;         ; Column I/O ; N               ; no       ; Off          ;
; Y3       ; 149        ; 3        ; dummy_din[5]                                   ; input  ; 2.5 V                 ;         ; Column I/O ; N               ; no       ; Off          ;
; Y4       ; 151        ; 3        ; dummy_din[4]                                   ; input  ; 2.5 V                 ;         ; Column I/O ; N               ; no       ; Off          ;
; Y5       ; 137        ; 3        ; mem_size_bytes[3]                              ; output ; 2.5 V                 ;         ; Column I/O ; N               ; no       ; Off          ;
; Y6       ; 139        ; 3        ; mem_start_addr[6]                              ; output ; 2.5 V                 ;         ; Column I/O ; N               ; no       ; Off          ;
; Y7       ; 141        ; 3        ; mem_start_addr[2]                              ; output ; 2.5 V                 ;         ; Column I/O ; N               ; no       ; Off          ;
; Y8       ; 143        ; 3        ; mem_start_addr[15]                             ; output ; 2.5 V                 ;         ; Column I/O ; N               ; no       ; Off          ;
; Y9       ;            ;          ; GND                                            ; gnd    ;                       ;         ; --         ;                 ; --       ; --           ;
; Y10      ; 168        ; 3        ; dummy_din[26]                                  ; input  ; 2.5 V                 ;         ; Column I/O ; N               ; no       ; Off          ;
; Y11      ; 175        ; 4        ; RESERVED_INPUT_WITH_WEAK_PULLUP                ;        ;                       ;         ; Column I/O ;                 ; no       ; On           ;
; Y12      ;            ;          ; GND                                            ; gnd    ;                       ;         ; --         ;                 ; --       ; --           ;
; Y13      ; 200        ; 4        ; host_regs_read_pulse[13]                       ; input  ; 2.5 V                 ;         ; Column I/O ; N               ; no       ; Off          ;
; Y14      ; 202        ; 4        ; host_regs_read_pulse[6]                        ; input  ; 2.5 V                 ;         ; Column I/O ; N               ; no       ; Off          ;
; Y15      ;            ;          ; GND                                            ; gnd    ;                       ;         ; --         ;                 ; --       ; --           ;
; Y16      ; 207        ; 4        ; RESERVED_INPUT_WITH_WEAK_PULLUP                ;        ;                       ;         ; Column I/O ;                 ; no       ; On           ;
; Y17      ; 214        ; 4        ; RESERVED_INPUT_WITH_WEAK_PULLUP                ;        ;                       ;         ; Column I/O ;                 ; no       ; On           ;
; Y18      ; 219        ; 4        ; RESERVED_INPUT_WITH_WEAK_PULLUP                ;        ;                       ;         ; Column I/O ;                 ; no       ; On           ;
; Y19      ; 224        ; 4        ; dummy_dout[29]                                 ; output ; 2.5 V                 ;         ; Column I/O ; N               ; no       ; Off          ;
; Y20      ; 285        ; 5        ; RESERVED_INPUT_WITH_WEAK_PULLUP                ;        ;                       ;         ; Row I/O    ;                 ; no       ; On           ;
; Y21      ; 287        ; 5        ; RESERVED_INPUT_WITH_WEAK_PULLUP                ;        ;                       ;         ; Row I/O    ;                 ; no       ; On           ;
; Y22      ; 281        ; 5        ; RESERVED_INPUT_WITH_WEAK_PULLUP                ;        ;                       ;         ; Row I/O    ;                 ; no       ; On           ;
+----------+------------+----------+------------------------------------------------+--------+-----------------------+---------+------------+-----------------+----------+--------------+
Note: Pin directions (input, output or bidir) are based on device operating in user mode.


+----------------------------------------------------------+
; I/O Assignment Warnings                                  ;
+--------------------------+-------------------------------+
; Pin Name                 ; Reason                        ;
+--------------------------+-------------------------------+
; read_mem_req             ; Incomplete set of assignments ;
; write_mem_req            ; Incomplete set of assignments ;
; mem_start_addr[0]        ; Incomplete set of assignments ;
; mem_start_addr[1]        ; Incomplete set of assignments ;
; mem_start_addr[2]        ; Incomplete set of assignments ;
; mem_start_addr[3]        ; Incomplete set of assignments ;
; mem_start_addr[4]        ; Incomplete set of assignments ;
; mem_start_addr[5]        ; Incomplete set of assignments ;
; mem_start_addr[6]        ; Incomplete set of assignments ;
; mem_start_addr[7]        ; Incomplete set of assignments ;
; mem_start_addr[8]        ; Incomplete set of assignments ;
; mem_start_addr[9]        ; Incomplete set of assignments ;
; mem_start_addr[10]       ; Incomplete set of assignments ;
; mem_start_addr[11]       ; Incomplete set of assignments ;
; mem_start_addr[12]       ; Incomplete set of assignments ;
; mem_start_addr[13]       ; Incomplete set of assignments ;
; mem_start_addr[14]       ; Incomplete set of assignments ;
; mem_start_addr[15]       ; Incomplete set of assignments ;
; mem_size_bytes[0]        ; Incomplete set of assignments ;
; mem_size_bytes[1]        ; Incomplete set of assignments ;
; mem_size_bytes[2]        ; Incomplete set of assignments ;
; mem_size_bytes[3]        ; Incomplete set of assignments ;
; mem_size_bytes[4]        ; Incomplete set of assignments ;
; mem_size_bytes[5]        ; Incomplete set of assignments ;
; host_regs_valid_out      ; Incomplete set of assignments ;
; host_regs_read_pulse[0]  ; Incomplete set of assignments ;
; host_regs_read_pulse[1]  ; Incomplete set of assignments ;
; host_regs_read_pulse[2]  ; Incomplete set of assignments ;
; host_regs_read_pulse[3]  ; Incomplete set of assignments ;
; host_regs_read_pulse[4]  ; Incomplete set of assignments ;
; host_regs_read_pulse[5]  ; Incomplete set of assignments ;
; host_regs_read_pulse[6]  ; Incomplete set of assignments ;
; host_regs_read_pulse[7]  ; Incomplete set of assignments ;
; host_regs_read_pulse[8]  ; Incomplete set of assignments ;
; host_regs_read_pulse[9]  ; Incomplete set of assignments ;
; host_regs_read_pulse[10] ; Incomplete set of assignments ;
; host_regs_read_pulse[11] ; Incomplete set of assignments ;
; host_regs_read_pulse[12] ; Incomplete set of assignments ;
; host_regs_read_pulse[13] ; Incomplete set of assignments ;
; host_regs_read_pulse[14] ; Incomplete set of assignments ;
; host_regs_read_pulse[15] ; Incomplete set of assignments ;
; dummy_din[20]            ; Incomplete set of assignments ;
; dummy_din[21]            ; Incomplete set of assignments ;
; dummy_din[22]            ; Incomplete set of assignments ;
; dummy_din[23]            ; Incomplete set of assignments ;
; dummy_din[28]            ; Incomplete set of assignments ;
; dummy_din[29]            ; Incomplete set of assignments ;
; dummy_din[30]            ; Incomplete set of assignments ;
; dummy_din[31]            ; Incomplete set of assignments ;
; dummy_dout[0]            ; Incomplete set of assignments ;
; dummy_dout[1]            ; Incomplete set of assignments ;
; dummy_dout[2]            ; Incomplete set of assignments ;
; dummy_dout[3]            ; Incomplete set of assignments ;
; dummy_dout[4]            ; Incomplete set of assignments ;
; dummy_dout[5]            ; Incomplete set of assignments ;
; dummy_dout[6]            ; Incomplete set of assignments ;
; dummy_dout[7]            ; Incomplete set of assignments ;
; dummy_dout[8]            ; Incomplete set of assignments ;
; dummy_dout[9]            ; Incomplete set of assignments ;
; dummy_dout[10]           ; Incomplete set of assignments ;
; dummy_dout[11]           ; Incomplete set of assignments ;
; dummy_dout[12]           ; Incomplete set of assignments ;
; dummy_dout[13]           ; Incomplete set of assignments ;
; dummy_dout[14]           ; Incomplete set of assignments ;
; dummy_dout[15]           ; Incomplete set of assignments ;
; dummy_dout[16]           ; Incomplete set of assignments ;
; dummy_dout[17]           ; Incomplete set of assignments ;
; dummy_dout[18]           ; Incomplete set of assignments ;
; dummy_dout[19]           ; Incomplete set of assignments ;
; dummy_dout[20]           ; Incomplete set of assignments ;
; dummy_dout[21]           ; Incomplete set of assignments ;
; dummy_dout[22]           ; Incomplete set of assignments ;
; dummy_dout[23]           ; Incomplete set of assignments ;
; dummy_dout[24]           ; Incomplete set of assignments ;
; dummy_dout[25]           ; Incomplete set of assignments ;
; dummy_dout[26]           ; Incomplete set of assignments ;
; dummy_dout[27]           ; Incomplete set of assignments ;
; dummy_dout[28]           ; Incomplete set of assignments ;
; dummy_dout[29]           ; Incomplete set of assignments ;
; dummy_dout[30]           ; Incomplete set of assignments ;
; dummy_dout[31]           ; Incomplete set of assignments ;
; clk                      ; Incomplete set of assignments ;
; rst_n                    ; Incomplete set of assignments ;
; sel_wr                   ; Incomplete set of assignments ;
; reg_idx[0]               ; Incomplete set of assignments ;
; reg_idx[1]               ; Incomplete set of assignments ;
; reg_idx[2]               ; Incomplete set of assignments ;
; reg_idx[3]               ; Incomplete set of assignments ;
; sel_word_idx[1]          ; Incomplete set of assignments ;
; sel_word_idx[0]          ; Incomplete set of assignments ;
; sel_word_idx[2]          ; Incomplete set of assignments ;
; sel_xmem                 ; Incomplete set of assignments ;
; mem_valid                ; Incomplete set of assignments ;
; mem_ack                  ; Incomplete set of assignments ;
; dummy_din[0]             ; Incomplete set of assignments ;
; dummy_din[1]             ; Incomplete set of assignments ;
; dummy_din[2]             ; Incomplete set of assignments ;
; dummy_din[3]             ; Incomplete set of assignments ;
; dummy_din[4]             ; Incomplete set of assignments ;
; dummy_din[5]             ; Incomplete set of assignments ;
; dummy_din[6]             ; Incomplete set of assignments ;
; dummy_din[7]             ; Incomplete set of assignments ;
; dummy_din[8]             ; Incomplete set of assignments ;
; dummy_din[9]             ; Incomplete set of assignments ;
; dummy_din[10]            ; Incomplete set of assignments ;
; dummy_din[11]            ; Incomplete set of assignments ;
; dummy_din[12]            ; Incomplete set of assignments ;
; dummy_din[13]            ; Incomplete set of assignments ;
; dummy_din[14]            ; Incomplete set of assignments ;
; dummy_din[15]            ; Incomplete set of assignments ;
; host_regs_valid_pulse    ; Incomplete set of assignments ;
; sel_word_idx[3]          ; Incomplete set of assignments ;
; dummy_din[16]            ; Incomplete set of assignments ;
; dummy_din[24]            ; Incomplete set of assignments ;
; dummy_din[19]            ; Incomplete set of assignments ;
; dummy_din[27]            ; Incomplete set of assignments ;
; dummy_din[18]            ; Incomplete set of assignments ;
; dummy_din[26]            ; Incomplete set of assignments ;
; dummy_din[17]            ; Incomplete set of assignments ;
; dummy_din[25]            ; Incomplete set of assignments ;
; read_mem_req             ; Missing location assignment   ;
; write_mem_req            ; Missing location assignment   ;
; mem_start_addr[0]        ; Missing location assignment   ;
; mem_start_addr[1]        ; Missing location assignment   ;
; mem_start_addr[2]        ; Missing location assignment   ;
; mem_start_addr[3]        ; Missing location assignment   ;
; mem_start_addr[4]        ; Missing location assignment   ;
; mem_start_addr[5]        ; Missing location assignment   ;
; mem_start_addr[6]        ; Missing location assignment   ;
; mem_start_addr[7]        ; Missing location assignment   ;
; mem_start_addr[8]        ; Missing location assignment   ;
; mem_start_addr[9]        ; Missing location assignment   ;
; mem_start_addr[10]       ; Missing location assignment   ;
; mem_start_addr[11]       ; Missing location assignment   ;
; mem_start_addr[12]       ; Missing location assignment   ;
; mem_start_addr[13]       ; Missing location assignment   ;
; mem_start_addr[14]       ; Missing location assignment   ;
; mem_start_addr[15]       ; Missing location assignment   ;
; mem_size_bytes[0]        ; Missing location assignment   ;
; mem_size_bytes[1]        ; Missing location assignment   ;
; mem_size_bytes[2]        ; Missing location assignment   ;
; mem_size_bytes[3]        ; Missing location assignment   ;
; mem_size_bytes[4]        ; Missing location assignment   ;
; mem_size_bytes[5]        ; Missing location assignment   ;
; host_regs_valid_out      ; Missing location assignment   ;
; host_regs_read_pulse[0]  ; Missing location assignment   ;
; host_regs_read_pulse[1]  ; Missing location assignment   ;
; host_regs_read_pulse[2]  ; Missing location assignment   ;
; host_regs_read_pulse[3]  ; Missing location assignment   ;
; host_regs_read_pulse[4]  ; Missing location assignment   ;
; host_regs_read_pulse[5]  ; Missing location assignment   ;
; host_regs_read_pulse[6]  ; Missing location assignment   ;
; host_regs_read_pulse[7]  ; Missing location assignment   ;
; host_regs_read_pulse[8]  ; Missing location assignment   ;
; host_regs_read_pulse[9]  ; Missing location assignment   ;
; host_regs_read_pulse[10] ; Missing location assignment   ;
; host_regs_read_pulse[11] ; Missing location assignment   ;
; host_regs_read_pulse[12] ; Missing location assignment   ;
; host_regs_read_pulse[13] ; Missing location assignment   ;
; host_regs_read_pulse[14] ; Missing location assignment   ;
; host_regs_read_pulse[15] ; Missing location assignment   ;
; dummy_din[20]            ; Missing location assignment   ;
; dummy_din[21]            ; Missing location assignment   ;
; dummy_din[22]            ; Missing location assignment   ;
; dummy_din[23]            ; Missing location assignment   ;
; dummy_din[28]            ; Missing location assignment   ;
; dummy_din[29]            ; Missing location assignment   ;
; dummy_din[30]            ; Missing location assignment   ;
; dummy_din[31]            ; Missing location assignment   ;
; dummy_dout[0]            ; Missing location assignment   ;
; dummy_dout[1]            ; Missing location assignment   ;
; dummy_dout[2]            ; Missing location assignment   ;
; dummy_dout[3]            ; Missing location assignment   ;
; dummy_dout[4]            ; Missing location assignment   ;
; dummy_dout[5]            ; Missing location assignment   ;
; dummy_dout[6]            ; Missing location assignment   ;
; dummy_dout[7]            ; Missing location assignment   ;
; dummy_dout[8]            ; Missing location assignment   ;
; dummy_dout[9]            ; Missing location assignment   ;
; dummy_dout[10]           ; Missing location assignment   ;
; dummy_dout[11]           ; Missing location assignment   ;
; dummy_dout[12]           ; Missing location assignment   ;
; dummy_dout[13]           ; Missing location assignment   ;
; dummy_dout[14]           ; Missing location assignment   ;
; dummy_dout[15]           ; Missing location assignment   ;
; dummy_dout[16]           ; Missing location assignment   ;
; dummy_dout[17]           ; Missing location assignment   ;
; dummy_dout[18]           ; Missing location assignment   ;
; dummy_dout[19]           ; Missing location assignment   ;
; dummy_dout[20]           ; Missing location assignment   ;
; dummy_dout[21]           ; Missing location assignment   ;
; dummy_dout[22]           ; Missing location assignment   ;
; dummy_dout[23]           ; Missing location assignment   ;
; dummy_dout[24]           ; Missing location assignment   ;
; dummy_dout[25]           ; Missing location assignment   ;
; dummy_dout[26]           ; Missing location assignment   ;
; dummy_dout[27]           ; Missing location assignment   ;
; dummy_dout[28]           ; Missing location assignment   ;
; dummy_dout[29]           ; Missing location assignment   ;
; dummy_dout[30]           ; Missing location assignment   ;
; dummy_dout[31]           ; Missing location assignment   ;
; clk                      ; Missing location assignment   ;
; rst_n                    ; Missing location assignment   ;
; sel_wr                   ; Missing location assignment   ;
; reg_idx[0]               ; Missing location assignment   ;
; reg_idx[1]               ; Missing location assignment   ;
; reg_idx[2]               ; Missing location assignment   ;
; reg_idx[3]               ; Missing location assignment   ;
; sel_word_idx[1]          ; Missing location assignment   ;
; sel_word_idx[0]          ; Missing location assignment   ;
; sel_word_idx[2]          ; Missing location assignment   ;
; sel_xmem                 ; Missing location assignment   ;
; mem_valid                ; Missing location assignment   ;
; mem_ack                  ; Missing location assignment   ;
; dummy_din[0]             ; Missing location assignment   ;
; dummy_din[1]             ; Missing location assignment   ;
; dummy_din[2]             ; Missing location assignment   ;
; dummy_din[3]             ; Missing location assignment   ;
; dummy_din[4]             ; Missing location assignment   ;
; dummy_din[5]             ; Missing location assignment   ;
; dummy_din[6]             ; Missing location assignment   ;
; dummy_din[7]             ; Missing location assignment   ;
; dummy_din[8]             ; Missing location assignment   ;
; dummy_din[9]             ; Missing location assignment   ;
; dummy_din[10]            ; Missing location assignment   ;
; dummy_din[11]            ; Missing location assignment   ;
; dummy_din[12]            ; Missing location assignment   ;
; dummy_din[13]            ; Missing location assignment   ;
; dummy_din[14]            ; Missing location assignment   ;
; dummy_din[15]            ; Missing location assignment   ;
; host_regs_valid_pulse    ; Missing location assignment   ;
; sel_word_idx[3]          ; Missing location assignment   ;
; dummy_din[16]            ; Missing location assignment   ;
; dummy_din[24]            ; Missing location assignment   ;
; dummy_din[19]            ; Missing location assignment   ;
; dummy_din[27]            ; Missing location assignment   ;
; dummy_din[18]            ; Missing location assignment   ;
; dummy_din[26]            ; Missing location assignment   ;
; dummy_din[17]            ; Missing location assignment   ;
; dummy_din[25]            ; Missing location assignment   ;
+--------------------------+-------------------------------+


+------------------------------------------------------------------------------------------------------------------------------------------------------------------------------------------------------------------------------------------------------------------------------------------------------------------------------------------------------------------+
; Fitter Resource Utilization by Entity                                                                                                                                                                                                                                                                                                                            ;
+--------------------------------+---------------+---------------------------+---------------+-------------+------+------------+--------------+---------+-----------+------+--------------+---------------+-------------------+------------------+------------+---------------------------------------------------------------+---------------------+--------------+
; Compilation Hierarchy Node     ; Logic Cells   ; Dedicated Logic Registers ; I/O Registers ; Memory Bits ; M9Ks ; UFM Blocks ; DSP Elements ; DSP 9x9 ; DSP 18x18 ; Pins ; Virtual Pins ; LUT-Only LCs  ; Register-Only LCs ; LUT/Register LCs ; ADC blocks ; Full Hierarchy Name                                           ; Entity Name         ; Library Name ;
+--------------------------------+---------------+---------------------------+---------------+-------------+------+------------+--------------+---------+-----------+------+--------------+---------------+-------------------+------------------+------------+---------------------------------------------------------------+---------------------+--------------+
; |qsyn_dummy_xlr_wrap           ; 24384 (273)   ; 2907 (190)                ; 0 (0)         ; 0           ; 0    ; 1          ; 0            ; 0       ; 0         ; 120  ; 0            ; 21477 (99)    ; 711 (3)           ; 2196 (167)       ; 0          ; |qsyn_dummy_xlr_wrap                                          ; qsyn_dummy_xlr_wrap ; work         ;
;    |alwaysud:alwaysud|         ; 24115 (7201)  ; 2717 (353)                ; 0 (0)         ; 0           ; 0    ; 0          ; 0            ; 0       ; 0         ; 0    ; 0            ; 21378 (6828)  ; 708 (113)         ; 2029 (255)       ; 0          ; |qsyn_dummy_xlr_wrap|alwaysud:alwaysud                        ; alwaysud            ; work         ;
;       |alwaysud_solver:solver| ; 16919 (16919) ; 2364 (2364)               ; 0 (0)         ; 0           ; 0    ; 0          ; 0            ; 0       ; 0         ; 0    ; 0            ; 14550 (14550) ; 595 (595)         ; 1774 (1774)      ; 0          ; |qsyn_dummy_xlr_wrap|alwaysud:alwaysud|alwaysud_solver:solver ; alwaysud_solver     ; work         ;
+--------------------------------+---------------+---------------------------+---------------+-------------+------+------------+--------------+---------+-----------+------+--------------+---------------+-------------------+------------------+------------+---------------------------------------------------------------+---------------------+--------------+
Note: For table entries with two numbers listed, the numbers in parentheses indicate the number of resources of the given type used by the specific entity alone. The numbers listed outside of parentheses indicate the total resources of the given type used by the specific entity and all of its sub-entities in the hierarchy.


+----------------------------------------------------------------------------------------------------------+
; Delay Chain Summary                                                                                      ;
+--------------------------+----------+---------------+---------------+-----------------------+-----+------+
; Name                     ; Pin Type ; Pad to Core 0 ; Pad to Core 1 ; Pad to Input Register ; TCO ; TCOE ;
+--------------------------+----------+---------------+---------------+-----------------------+-----+------+
; read_mem_req             ; Output   ; --            ; --            ; --                    ; --  ; --   ;
; write_mem_req            ; Output   ; --            ; --            ; --                    ; --  ; --   ;
; mem_start_addr[0]        ; Output   ; --            ; --            ; --                    ; --  ; --   ;
; mem_start_addr[1]        ; Output   ; --            ; --            ; --                    ; --  ; --   ;
; mem_start_addr[2]        ; Output   ; --            ; --            ; --                    ; --  ; --   ;
; mem_start_addr[3]        ; Output   ; --            ; --            ; --                    ; --  ; --   ;
; mem_start_addr[4]        ; Output   ; --            ; --            ; --                    ; --  ; --   ;
; mem_start_addr[5]        ; Output   ; --            ; --            ; --                    ; --  ; --   ;
; mem_start_addr[6]        ; Output   ; --            ; --            ; --                    ; --  ; --   ;
; mem_start_addr[7]        ; Output   ; --            ; --            ; --                    ; --  ; --   ;
; mem_start_addr[8]        ; Output   ; --            ; --            ; --                    ; --  ; --   ;
; mem_start_addr[9]        ; Output   ; --            ; --            ; --                    ; --  ; --   ;
; mem_start_addr[10]       ; Output   ; --            ; --            ; --                    ; --  ; --   ;
; mem_start_addr[11]       ; Output   ; --            ; --            ; --                    ; --  ; --   ;
; mem_start_addr[12]       ; Output   ; --            ; --            ; --                    ; --  ; --   ;
; mem_start_addr[13]       ; Output   ; --            ; --            ; --                    ; --  ; --   ;
; mem_start_addr[14]       ; Output   ; --            ; --            ; --                    ; --  ; --   ;
; mem_start_addr[15]       ; Output   ; --            ; --            ; --                    ; --  ; --   ;
; mem_size_bytes[0]        ; Output   ; --            ; --            ; --                    ; --  ; --   ;
; mem_size_bytes[1]        ; Output   ; --            ; --            ; --                    ; --  ; --   ;
; mem_size_bytes[2]        ; Output   ; --            ; --            ; --                    ; --  ; --   ;
; mem_size_bytes[3]        ; Output   ; --            ; --            ; --                    ; --  ; --   ;
; mem_size_bytes[4]        ; Output   ; --            ; --            ; --                    ; --  ; --   ;
; mem_size_bytes[5]        ; Output   ; --            ; --            ; --                    ; --  ; --   ;
; host_regs_valid_out      ; Output   ; --            ; --            ; --                    ; --  ; --   ;
; host_regs_read_pulse[0]  ; Input    ; --            ; --            ; --                    ; --  ; --   ;
; host_regs_read_pulse[1]  ; Input    ; --            ; --            ; --                    ; --  ; --   ;
; host_regs_read_pulse[2]  ; Input    ; --            ; --            ; --                    ; --  ; --   ;
; host_regs_read_pulse[3]  ; Input    ; --            ; --            ; --                    ; --  ; --   ;
; host_regs_read_pulse[4]  ; Input    ; --            ; --            ; --                    ; --  ; --   ;
; host_regs_read_pulse[5]  ; Input    ; --            ; --            ; --                    ; --  ; --   ;
; host_regs_read_pulse[6]  ; Input    ; --            ; --            ; --                    ; --  ; --   ;
; host_regs_read_pulse[7]  ; Input    ; --            ; --            ; --                    ; --  ; --   ;
; host_regs_read_pulse[8]  ; Input    ; --            ; --            ; --                    ; --  ; --   ;
; host_regs_read_pulse[9]  ; Input    ; --            ; --            ; --                    ; --  ; --   ;
; host_regs_read_pulse[10] ; Input    ; --            ; --            ; --                    ; --  ; --   ;
; host_regs_read_pulse[11] ; Input    ; --            ; --            ; --                    ; --  ; --   ;
; host_regs_read_pulse[12] ; Input    ; --            ; --            ; --                    ; --  ; --   ;
; host_regs_read_pulse[13] ; Input    ; --            ; --            ; --                    ; --  ; --   ;
; host_regs_read_pulse[14] ; Input    ; --            ; --            ; --                    ; --  ; --   ;
; host_regs_read_pulse[15] ; Input    ; --            ; --            ; --                    ; --  ; --   ;
; dummy_din[20]            ; Input    ; --            ; --            ; --                    ; --  ; --   ;
; dummy_din[21]            ; Input    ; --            ; --            ; --                    ; --  ; --   ;
; dummy_din[22]            ; Input    ; --            ; --            ; --                    ; --  ; --   ;
; dummy_din[23]            ; Input    ; --            ; --            ; --                    ; --  ; --   ;
; dummy_din[28]            ; Input    ; --            ; --            ; --                    ; --  ; --   ;
; dummy_din[29]            ; Input    ; --            ; --            ; --                    ; --  ; --   ;
; dummy_din[30]            ; Input    ; --            ; --            ; --                    ; --  ; --   ;
; dummy_din[31]            ; Input    ; --            ; --            ; --                    ; --  ; --   ;
; dummy_dout[0]            ; Output   ; --            ; --            ; --                    ; --  ; --   ;
; dummy_dout[1]            ; Output   ; --            ; --            ; --                    ; --  ; --   ;
; dummy_dout[2]            ; Output   ; --            ; --            ; --                    ; --  ; --   ;
; dummy_dout[3]            ; Output   ; --            ; --            ; --                    ; --  ; --   ;
; dummy_dout[4]            ; Output   ; --            ; --            ; --                    ; --  ; --   ;
; dummy_dout[5]            ; Output   ; --            ; --            ; --                    ; --  ; --   ;
; dummy_dout[6]            ; Output   ; --            ; --            ; --                    ; --  ; --   ;
; dummy_dout[7]            ; Output   ; --            ; --            ; --                    ; --  ; --   ;
; dummy_dout[8]            ; Output   ; --            ; --            ; --                    ; --  ; --   ;
; dummy_dout[9]            ; Output   ; --            ; --            ; --                    ; --  ; --   ;
; dummy_dout[10]           ; Output   ; --            ; --            ; --                    ; --  ; --   ;
; dummy_dout[11]           ; Output   ; --            ; --            ; --                    ; --  ; --   ;
; dummy_dout[12]           ; Output   ; --            ; --            ; --                    ; --  ; --   ;
; dummy_dout[13]           ; Output   ; --            ; --            ; --                    ; --  ; --   ;
; dummy_dout[14]           ; Output   ; --            ; --            ; --                    ; --  ; --   ;
; dummy_dout[15]           ; Output   ; --            ; --            ; --                    ; --  ; --   ;
; dummy_dout[16]           ; Output   ; --            ; --            ; --                    ; --  ; --   ;
; dummy_dout[17]           ; Output   ; --            ; --            ; --                    ; --  ; --   ;
; dummy_dout[18]           ; Output   ; --            ; --            ; --                    ; --  ; --   ;
; dummy_dout[19]           ; Output   ; --            ; --            ; --                    ; --  ; --   ;
; dummy_dout[20]           ; Output   ; --            ; --            ; --                    ; --  ; --   ;
; dummy_dout[21]           ; Output   ; --            ; --            ; --                    ; --  ; --   ;
; dummy_dout[22]           ; Output   ; --            ; --            ; --                    ; --  ; --   ;
; dummy_dout[23]           ; Output   ; --            ; --            ; --                    ; --  ; --   ;
; dummy_dout[24]           ; Output   ; --            ; --            ; --                    ; --  ; --   ;
; dummy_dout[25]           ; Output   ; --            ; --            ; --                    ; --  ; --   ;
; dummy_dout[26]           ; Output   ; --            ; --            ; --                    ; --  ; --   ;
; dummy_dout[27]           ; Output   ; --            ; --            ; --                    ; --  ; --   ;
; dummy_dout[28]           ; Output   ; --            ; --            ; --                    ; --  ; --   ;
; dummy_dout[29]           ; Output   ; --            ; --            ; --                    ; --  ; --   ;
; dummy_dout[30]           ; Output   ; --            ; --            ; --                    ; --  ; --   ;
; dummy_dout[31]           ; Output   ; --            ; --            ; --                    ; --  ; --   ;
; clk                      ; Input    ; (0) 0 ps      ; --            ; --                    ; --  ; --   ;
; rst_n                    ; Input    ; (0) 0 ps      ; (6) 873 ps    ; --                    ; --  ; --   ;
; sel_wr                   ; Input    ; --            ; (6) 868 ps    ; --                    ; --  ; --   ;
; reg_idx[0]               ; Input    ; --            ; (6) 868 ps    ; --                    ; --  ; --   ;
; reg_idx[1]               ; Input    ; --            ; (6) 868 ps    ; --                    ; --  ; --   ;
; reg_idx[2]               ; Input    ; (6) 868 ps    ; --            ; --                    ; --  ; --   ;
; reg_idx[3]               ; Input    ; --            ; (6) 868 ps    ; --                    ; --  ; --   ;
; sel_word_idx[1]          ; Input    ; (6) 873 ps    ; --            ; --                    ; --  ; --   ;
; sel_word_idx[0]          ; Input    ; --            ; (6) 873 ps    ; --                    ; --  ; --   ;
; sel_word_idx[2]          ; Input    ; (6) 873 ps    ; --            ; --                    ; --  ; --   ;
; sel_xmem                 ; Input    ; (6) 868 ps    ; --            ; --                    ; --  ; --   ;
; mem_valid                ; Input    ; (6) 868 ps    ; --            ; --                    ; --  ; --   ;
; mem_ack                  ; Input    ; --            ; (6) 868 ps    ; --                    ; --  ; --   ;
; dummy_din[0]             ; Input    ; (6) 868 ps    ; (6) 868 ps    ; --                    ; --  ; --   ;
; dummy_din[1]             ; Input    ; --            ; (6) 868 ps    ; --                    ; --  ; --   ;
; dummy_din[2]             ; Input    ; --            ; (6) 868 ps    ; --                    ; --  ; --   ;
; dummy_din[3]             ; Input    ; (6) 868 ps    ; --            ; --                    ; --  ; --   ;
; dummy_din[4]             ; Input    ; --            ; (6) 868 ps    ; --                    ; --  ; --   ;
; dummy_din[5]             ; Input    ; --            ; (6) 868 ps    ; --                    ; --  ; --   ;
; dummy_din[6]             ; Input    ; --            ; (6) 868 ps    ; --                    ; --  ; --   ;
; dummy_din[7]             ; Input    ; (6) 868 ps    ; --            ; --                    ; --  ; --   ;
; dummy_din[8]             ; Input    ; --            ; (6) 868 ps    ; --                    ; --  ; --   ;
; dummy_din[9]             ; Input    ; --            ; (6) 868 ps    ; --                    ; --  ; --   ;
; dummy_din[10]            ; Input    ; (6) 868 ps    ; --            ; --                    ; --  ; --   ;
; dummy_din[11]            ; Input    ; --            ; (6) 868 ps    ; --                    ; --  ; --   ;
; dummy_din[12]            ; Input    ; --            ; (6) 868 ps    ; --                    ; --  ; --   ;
; dummy_din[13]            ; Input    ; --            ; (6) 868 ps    ; --                    ; --  ; --   ;
; dummy_din[14]            ; Input    ; --            ; (6) 868 ps    ; --                    ; --  ; --   ;
; dummy_din[15]            ; Input    ; (6) 868 ps    ; --            ; --                    ; --  ; --   ;
; host_regs_valid_pulse    ; Input    ; --            ; (6) 868 ps    ; --                    ; --  ; --   ;
; sel_word_idx[3]          ; Input    ; --            ; (6) 868 ps    ; --                    ; --  ; --   ;
; dummy_din[16]            ; Input    ; --            ; (6) 868 ps    ; --                    ; --  ; --   ;
; dummy_din[24]            ; Input    ; (6) 868 ps    ; --            ; --                    ; --  ; --   ;
; dummy_din[19]            ; Input    ; (6) 868 ps    ; --            ; --                    ; --  ; --   ;
; dummy_din[27]            ; Input    ; (6) 868 ps    ; --            ; --                    ; --  ; --   ;
; dummy_din[18]            ; Input    ; (6) 868 ps    ; --            ; --                    ; --  ; --   ;
; dummy_din[26]            ; Input    ; (6) 868 ps    ; --            ; --                    ; --  ; --   ;
; dummy_din[17]            ; Input    ; --            ; (6) 868 ps    ; --                    ; --  ; --   ;
; dummy_din[25]            ; Input    ; (6) 868 ps    ; --            ; --                    ; --  ; --   ;
+--------------------------+----------+---------------+---------------+-----------------------+-----+------+


+-------------------------------------------------------------------------------------------+
; Pad To Core Delay Chain Fanout                                                            ;
+-------------------------------------------------------------+-------------------+---------+
; Source Pin / Fanout                                         ; Pad To Core Index ; Setting ;
+-------------------------------------------------------------+-------------------+---------+
; host_regs_read_pulse[0]                                     ;                   ;         ;
; host_regs_read_pulse[1]                                     ;                   ;         ;
; host_regs_read_pulse[2]                                     ;                   ;         ;
; host_regs_read_pulse[3]                                     ;                   ;         ;
; host_regs_read_pulse[4]                                     ;                   ;         ;
; host_regs_read_pulse[5]                                     ;                   ;         ;
; host_regs_read_pulse[6]                                     ;                   ;         ;
; host_regs_read_pulse[7]                                     ;                   ;         ;
; host_regs_read_pulse[8]                                     ;                   ;         ;
; host_regs_read_pulse[9]                                     ;                   ;         ;
; host_regs_read_pulse[10]                                    ;                   ;         ;
; host_regs_read_pulse[11]                                    ;                   ;         ;
; host_regs_read_pulse[12]                                    ;                   ;         ;
; host_regs_read_pulse[13]                                    ;                   ;         ;
; host_regs_read_pulse[14]                                    ;                   ;         ;
; host_regs_read_pulse[15]                                    ;                   ;         ;
; dummy_din[20]                                               ;                   ;         ;
; dummy_din[21]                                               ;                   ;         ;
; dummy_din[22]                                               ;                   ;         ;
; dummy_din[23]                                               ;                   ;         ;
; dummy_din[28]                                               ;                   ;         ;
; dummy_din[29]                                               ;                   ;         ;
; dummy_din[30]                                               ;                   ;         ;
; dummy_din[31]                                               ;                   ;         ;
; clk                                                         ;                   ;         ;
; rst_n                                                       ;                   ;         ;
;      - alwaysud:alwaysud|alwaysud_solver:solver|comb~2      ; 1                 ; 6       ;
;      - alwaysud:alwaysud|alwaysud_solver:solver|comb~3      ; 1                 ; 6       ;
;      - alwaysud:alwaysud|alwaysud_solver:solver|st_cell~977 ; 1                 ; 6       ;
; sel_wr                                                      ;                   ;         ;
;      - mem_start_addr~0                                     ; 1                 ; 6       ;
;      - mem_start_addr~1                                     ; 1                 ; 6       ;
;      - mem_start_addr~2                                     ; 1                 ; 6       ;
;      - mem_start_addr~3                                     ; 1                 ; 6       ;
;      - mem_start_addr~4                                     ; 1                 ; 6       ;
;      - mem_start_addr~5                                     ; 1                 ; 6       ;
;      - mem_start_addr~6                                     ; 1                 ; 6       ;
;      - mem_start_addr~7                                     ; 1                 ; 6       ;
;      - mem_start_addr~8                                     ; 1                 ; 6       ;
;      - mem_start_addr~9                                     ; 1                 ; 6       ;
;      - mem_start_addr~10                                    ; 1                 ; 6       ;
;      - mem_start_addr~11                                    ; 1                 ; 6       ;
;      - mem_start_addr~12                                    ; 1                 ; 6       ;
;      - mem_start_addr~13                                    ; 1                 ; 6       ;
;      - mem_start_addr~14                                    ; 1                 ; 6       ;
;      - mem_start_addr~15                                    ; 1                 ; 6       ;
;      - mem_start_addr~16                                    ; 1                 ; 6       ;
;      - mem_start_addr~17                                    ; 1                 ; 6       ;
;      - mem_start_addr~18                                    ; 1                 ; 6       ;
;      - mem_start_addr~19                                    ; 1                 ; 6       ;
;      - mem_start_addr~20                                    ; 1                 ; 6       ;
;      - mem_start_addr~21                                    ; 1                 ; 6       ;
;      - mem_start_addr~22                                    ; 1                 ; 6       ;
;      - mem_start_addr~23                                    ; 1                 ; 6       ;
;      - mem_start_addr~24                                    ; 1                 ; 6       ;
;      - mem_start_addr~25                                    ; 1                 ; 6       ;
;      - mem_start_addr~26                                    ; 1                 ; 6       ;
;      - mem_start_addr~27                                    ; 1                 ; 6       ;
;      - mem_start_addr~28                                    ; 1                 ; 6       ;
;      - mem_start_addr~29                                    ; 1                 ; 6       ;
;      - mem_start_addr~30                                    ; 1                 ; 6       ;
;      - mem_start_addr~31                                    ; 1                 ; 6       ;
;      - mem_size_bytes~0                                     ; 1                 ; 6       ;
;      - mem_size_bytes~1                                     ; 1                 ; 6       ;
;      - mem_size_bytes~2                                     ; 1                 ; 6       ;
;      - mem_size_bytes~3                                     ; 1                 ; 6       ;
;      - mem_size_bytes~4                                     ; 1                 ; 6       ;
;      - mem_size_bytes~5                                     ; 1                 ; 6       ;
; reg_idx[0]                                                  ;                   ;         ;
;      - Mux64~2                                              ; 1                 ; 6       ;
;      - dummy_dout~58                                        ; 1                 ; 6       ;
;      - Decoder4~0                                           ; 1                 ; 6       ;
;      - Decoder4~1                                           ; 1                 ; 6       ;
; reg_idx[1]                                                  ;                   ;         ;
;      - Mux64~2                                              ; 1                 ; 6       ;
;      - dummy_dout~58                                        ; 1                 ; 6       ;
;      - Decoder4~0                                           ; 1                 ; 6       ;
;      - Decoder4~1                                           ; 1                 ; 6       ;
; reg_idx[2]                                                  ;                   ;         ;
;      - Mux64~2                                              ; 0                 ; 6       ;
;      - dummy_dout~57                                        ; 0                 ; 6       ;
;      - Decoder4~0                                           ; 0                 ; 6       ;
;      - Decoder4~1                                           ; 0                 ; 6       ;
; reg_idx[3]                                                  ;                   ;         ;
;      - Mux64~2                                              ; 1                 ; 6       ;
;      - dummy_dout~57                                        ; 1                 ; 6       ;
;      - Decoder4~0                                           ; 1                 ; 6       ;
;      - Decoder4~1                                           ; 1                 ; 6       ;
; sel_word_idx[1]                                             ;                   ;         ;
;      - dummy_dout~32                                        ; 0                 ; 6       ;
;      - dummy_dout~33                                        ; 0                 ; 6       ;
;      - dummy_dout~36                                        ; 0                 ; 6       ;
;      - dummy_dout~37                                        ; 0                 ; 6       ;
;      - dummy_dout~38                                        ; 0                 ; 6       ;
;      - dummy_dout~39                                        ; 0                 ; 6       ;
;      - dummy_dout~41                                        ; 0                 ; 6       ;
;      - dummy_dout~42                                        ; 0                 ; 6       ;
;      - dummy_dout~46                                        ; 0                 ; 6       ;
;      - dummy_dout~49                                        ; 0                 ; 6       ;
;      - dummy_dout~50                                        ; 0                 ; 6       ;
;      - dummy_dout~51                                        ; 0                 ; 6       ;
;      - dummy_dout~53                                        ; 0                 ; 6       ;
;      - dummy_dout~54                                        ; 0                 ; 6       ;
;      - dummy_dout~55                                        ; 0                 ; 6       ;
;      - dummy_dout~59                                        ; 0                 ; 6       ;
;      - dummy_dout~60                                        ; 0                 ; 6       ;
;      - dummy_dout~61                                        ; 0                 ; 6       ;
;      - dummy_dout~63                                        ; 0                 ; 6       ;
;      - dummy_dout~64                                        ; 0                 ; 6       ;
;      - dummy_dout~65                                        ; 0                 ; 6       ;
;      - dummy_dout~67                                        ; 0                 ; 6       ;
;      - dummy_dout~68                                        ; 0                 ; 6       ;
;      - dummy_dout~69                                        ; 0                 ; 6       ;
;      - dummy_dout~71                                        ; 0                 ; 6       ;
;      - dummy_dout~72                                        ; 0                 ; 6       ;
;      - dummy_dout~73                                        ; 0                 ; 6       ;
;      - dummy_dout~75                                        ; 0                 ; 6       ;
;      - dummy_dout~76                                        ; 0                 ; 6       ;
;      - dummy_dout~77                                        ; 0                 ; 6       ;
;      - dummy_dout~79                                        ; 0                 ; 6       ;
;      - dummy_dout~80                                        ; 0                 ; 6       ;
;      - dummy_dout~81                                        ; 0                 ; 6       ;
;      - dummy_dout~83                                        ; 0                 ; 6       ;
;      - dummy_dout~84                                        ; 0                 ; 6       ;
;      - dummy_dout~85                                        ; 0                 ; 6       ;
;      - dummy_dout~87                                        ; 0                 ; 6       ;
;      - dummy_dout~88                                        ; 0                 ; 6       ;
;      - dummy_dout~89                                        ; 0                 ; 6       ;
;      - dummy_dout~91                                        ; 0                 ; 6       ;
;      - dummy_dout~92                                        ; 0                 ; 6       ;
;      - dummy_dout~93                                        ; 0                 ; 6       ;
;      - dummy_dout~95                                        ; 0                 ; 6       ;
;      - dummy_dout~96                                        ; 0                 ; 6       ;
;      - dummy_dout~97                                        ; 0                 ; 6       ;
;      - dummy_dout~99                                        ; 0                 ; 6       ;
;      - dummy_dout~100                                       ; 0                 ; 6       ;
;      - dummy_dout~101                                       ; 0                 ; 6       ;
;      - Decoder3~0                                           ; 0                 ; 6       ;
;      - Decoder3~1                                           ; 0                 ; 6       ;
;      - Decoder3~2                                           ; 0                 ; 6       ;
;      - Decoder3~3                                           ; 0                 ; 6       ;
;      - Decoder3~4                                           ; 0                 ; 6       ;
;      - Decoder3~5                                           ; 0                 ; 6       ;
;      - Decoder3~6                                           ; 0                 ; 6       ;
;      - Decoder3~7                                           ; 0                 ; 6       ;
; sel_word_idx[0]                                             ;                   ;         ;
;      - dummy_dout~32                                        ; 1                 ; 6       ;
;      - dummy_dout~34                                        ; 1                 ; 6       ;
;      - dummy_dout~35                                        ; 1                 ; 6       ;
;      - dummy_dout~36                                        ; 1                 ; 6       ;
;      - dummy_dout~37                                        ; 1                 ; 6       ;
;      - dummy_dout~39                                        ; 1                 ; 6       ;
;      - dummy_dout~40                                        ; 1                 ; 6       ;
;      - dummy_dout~42                                        ; 1                 ; 6       ;
;      - dummy_dout~43                                        ; 1                 ; 6       ;
;      - dummy_dout~44                                        ; 1                 ; 6       ;
;      - dummy_dout~45                                        ; 1                 ; 6       ;
;      - dummy_dout~46                                        ; 1                 ; 6       ;
;      - dummy_dout~48                                        ; 1                 ; 6       ;
;      - dummy_dout~49                                        ; 1                 ; 6       ;
;      - dummy_dout~51                                        ; 1                 ; 6       ;
;      - dummy_dout~52                                        ; 1                 ; 6       ;
;      - dummy_dout~53                                        ; 1                 ; 6       ;
;      - dummy_dout~55                                        ; 1                 ; 6       ;
;      - dummy_dout~56                                        ; 1                 ; 6       ;
;      - dummy_dout~59                                        ; 1                 ; 6       ;
;      - dummy_dout~61                                        ; 1                 ; 6       ;
;      - dummy_dout~62                                        ; 1                 ; 6       ;
;      - dummy_dout~63                                        ; 1                 ; 6       ;
;      - dummy_dout~65                                        ; 1                 ; 6       ;
;      - dummy_dout~66                                        ; 1                 ; 6       ;
;      - dummy_dout~67                                        ; 1                 ; 6       ;
;      - dummy_dout~69                                        ; 1                 ; 6       ;
;      - dummy_dout~70                                        ; 1                 ; 6       ;
;      - dummy_dout~71                                        ; 1                 ; 6       ;
;      - dummy_dout~73                                        ; 1                 ; 6       ;
;      - dummy_dout~74                                        ; 1                 ; 6       ;
;      - dummy_dout~75                                        ; 1                 ; 6       ;
;      - dummy_dout~77                                        ; 1                 ; 6       ;
;      - dummy_dout~78                                        ; 1                 ; 6       ;
;      - dummy_dout~79                                        ; 1                 ; 6       ;
;      - dummy_dout~81                                        ; 1                 ; 6       ;
;      - dummy_dout~82                                        ; 1                 ; 6       ;
;      - dummy_dout~83                                        ; 1                 ; 6       ;
;      - dummy_dout~85                                        ; 1                 ; 6       ;
;      - dummy_dout~86                                        ; 1                 ; 6       ;
;      - dummy_dout~87                                        ; 1                 ; 6       ;
;      - dummy_dout~89                                        ; 1                 ; 6       ;
;      - dummy_dout~90                                        ; 1                 ; 6       ;
;      - dummy_dout~91                                        ; 1                 ; 6       ;
;      - dummy_dout~93                                        ; 1                 ; 6       ;
;      - dummy_dout~94                                        ; 1                 ; 6       ;
;      - dummy_dout~95                                        ; 1                 ; 6       ;
;      - dummy_dout~97                                        ; 1                 ; 6       ;
;      - dummy_dout~98                                        ; 1                 ; 6       ;
;      - dummy_dout~99                                        ; 1                 ; 6       ;
;      - dummy_dout~101                                       ; 1                 ; 6       ;
;      - dummy_dout~102                                       ; 1                 ; 6       ;
;      - Decoder3~0                                           ; 1                 ; 6       ;
;      - Decoder3~1                                           ; 1                 ; 6       ;
;      - Decoder3~2                                           ; 1                 ; 6       ;
;      - Decoder3~3                                           ; 1                 ; 6       ;
;      - Decoder3~4                                           ; 1                 ; 6       ;
;      - Decoder3~5                                           ; 1                 ; 6       ;
;      - Decoder3~6                                           ; 1                 ; 6       ;
;      - Decoder3~7                                           ; 1                 ; 6       ;
; sel_word_idx[2]                                             ;                   ;         ;
;      - dummy_dout[0]~0                                      ; 0                 ; 6       ;
;      - dummy_dout[1]~1                                      ; 0                 ; 6       ;
;      - dummy_dout[2]~2                                      ; 0                 ; 6       ;
;      - dummy_dout[3]~3                                      ; 0                 ; 6       ;
;      - dummy_dout[8]~8                                      ; 0                 ; 6       ;
;      - dummy_dout[9]~9                                      ; 0                 ; 6       ;
;      - dummy_dout[10]~10                                    ; 0                 ; 6       ;
;      - dummy_dout[11]~11                                    ; 0                 ; 6       ;
;      - dummy_dout[16]~16                                    ; 0                 ; 6       ;
;      - dummy_dout[17]~17                                    ; 0                 ; 6       ;
;      - dummy_dout[18]~18                                    ; 0                 ; 6       ;
;      - dummy_dout[19]~19                                    ; 0                 ; 6       ;
;      - dummy_dout[24]~24                                    ; 0                 ; 6       ;
;      - dummy_dout[25]~25                                    ; 0                 ; 6       ;
;      - dummy_dout[26]~26                                    ; 0                 ; 6       ;
;      - dummy_dout[27]~27                                    ; 0                 ; 6       ;
;      - Decoder3~0                                           ; 0                 ; 6       ;
;      - Decoder3~1                                           ; 0                 ; 6       ;
;      - Decoder3~2                                           ; 0                 ; 6       ;
;      - Decoder3~3                                           ; 0                 ; 6       ;
;      - Decoder3~4                                           ; 0                 ; 6       ;
;      - Decoder3~5                                           ; 0                 ; 6       ;
;      - Decoder3~6                                           ; 0                 ; 6       ;
;      - Decoder3~7                                           ; 0                 ; 6       ;
; sel_xmem                                                    ;                   ;         ;
;      - dummy_dout[0]~reg0                                   ; 0                 ; 6       ;
;      - dummy_dout[1]~reg0                                   ; 0                 ; 6       ;
;      - dummy_dout[2]~reg0                                   ; 0                 ; 6       ;
;      - dummy_dout[3]~reg0                                   ; 0                 ; 6       ;
;      - dummy_dout[8]~reg0                                   ; 0                 ; 6       ;
;      - dummy_dout[9]~reg0                                   ; 0                 ; 6       ;
;      - dummy_dout[10]~reg0                                  ; 0                 ; 6       ;
;      - dummy_dout[11]~reg0                                  ; 0                 ; 6       ;
;      - dummy_dout[16]~reg0                                  ; 0                 ; 6       ;
;      - dummy_dout[17]~reg0                                  ; 0                 ; 6       ;
;      - dummy_dout[18]~reg0                                  ; 0                 ; 6       ;
;      - dummy_dout[19]~reg0                                  ; 0                 ; 6       ;
;      - dummy_dout[24]~reg0                                  ; 0                 ; 6       ;
;      - dummy_dout[25]~reg0                                  ; 0                 ; 6       ;
;      - dummy_dout[26]~reg0                                  ; 0                 ; 6       ;
;      - dummy_dout[27]~reg0                                  ; 0                 ; 6       ;
; mem_valid                                                   ;                   ;         ;
;      - mem_intf_read.mem_valid                              ; 0                 ; 6       ;
; mem_ack                                                     ;                   ;         ;
;      - mem_intf_write.mem_ack                               ; 1                 ; 6       ;
; dummy_din[0]                                                ;                   ;         ;
;      - host_regs_s[0][0]                                    ; 1                 ; 6       ;
;      - host_regs_s[2][0]                                    ; 1                 ; 6       ;
;      - concat~0                                             ; 0                 ; 6       ;
;      - concat~5                                             ; 0                 ; 6       ;
;      - concat~8                                             ; 0                 ; 6       ;
;      - concat~12                                            ; 0                 ; 6       ;
;      - concat~16                                            ; 0                 ; 6       ;
;      - concat~20                                            ; 0                 ; 6       ;
;      - concat~24                                            ; 0                 ; 6       ;
;      - concat~28                                            ; 0                 ; 6       ;
; dummy_din[1]                                                ;                   ;         ;
;      - host_regs_s[0][1]                                    ; 1                 ; 6       ;
;      - host_regs_s[2][1]                                    ; 1                 ; 6       ;
;      - concat~96                                            ; 1                 ; 6       ;
;      - concat~101                                           ; 1                 ; 6       ;
;      - concat~104                                           ; 1                 ; 6       ;
;      - concat~108                                           ; 1                 ; 6       ;
;      - concat~112                                           ; 1                 ; 6       ;
;      - concat~116                                           ; 1                 ; 6       ;
;      - concat~120                                           ; 1                 ; 6       ;
;      - concat~124                                           ; 1                 ; 6       ;
; dummy_din[2]                                                ;                   ;         ;
;      - host_regs_s[2][2]                                    ; 1                 ; 6       ;
;      - concat~64                                            ; 1                 ; 6       ;
;      - concat~69                                            ; 1                 ; 6       ;
;      - concat~72                                            ; 1                 ; 6       ;
;      - concat~76                                            ; 1                 ; 6       ;
;      - concat~80                                            ; 1                 ; 6       ;
;      - concat~84                                            ; 1                 ; 6       ;
;      - concat~88                                            ; 1                 ; 6       ;
;      - concat~92                                            ; 1                 ; 6       ;
; dummy_din[3]                                                ;                   ;         ;
;      - host_regs_s[2][3]                                    ; 0                 ; 6       ;
;      - concat~32                                            ; 0                 ; 6       ;
;      - concat~37                                            ; 0                 ; 6       ;
;      - concat~40                                            ; 0                 ; 6       ;
;      - concat~44                                            ; 0                 ; 6       ;
;      - concat~48                                            ; 0                 ; 6       ;
;      - concat~52                                            ; 0                 ; 6       ;
;      - concat~56                                            ; 0                 ; 6       ;
;      - concat~60                                            ; 0                 ; 6       ;
; dummy_din[4]                                                ;                   ;         ;
;      - host_regs_s[2][4]                                    ; 1                 ; 6       ;
; dummy_din[5]                                                ;                   ;         ;
;      - host_regs_s[2][5]                                    ; 1                 ; 6       ;
; dummy_din[6]                                                ;                   ;         ;
;      - host_regs_s[2][6]                                    ; 1                 ; 6       ;
; dummy_din[7]                                                ;                   ;         ;
;      - host_regs_s[2][7]                                    ; 0                 ; 6       ;
; dummy_din[8]                                                ;                   ;         ;
;      - host_regs_s[2][8]                                    ; 1                 ; 6       ;
;      - concat~1                                             ; 1                 ; 6       ;
;      - concat~4                                             ; 1                 ; 6       ;
;      - concat~9                                             ; 1                 ; 6       ;
;      - concat~13                                            ; 1                 ; 6       ;
;      - concat~17                                            ; 1                 ; 6       ;
;      - concat~21                                            ; 1                 ; 6       ;
;      - concat~25                                            ; 1                 ; 6       ;
;      - concat~29                                            ; 1                 ; 6       ;
; dummy_din[9]                                                ;                   ;         ;
;      - host_regs_s[2][9]                                    ; 1                 ; 6       ;
;      - concat~97                                            ; 1                 ; 6       ;
;      - concat~100                                           ; 1                 ; 6       ;
;      - concat~105                                           ; 1                 ; 6       ;
;      - concat~109                                           ; 1                 ; 6       ;
;      - concat~113                                           ; 1                 ; 6       ;
;      - concat~117                                           ; 1                 ; 6       ;
;      - concat~121                                           ; 1                 ; 6       ;
;      - concat~125                                           ; 1                 ; 6       ;
; dummy_din[10]                                               ;                   ;         ;
;      - host_regs_s[2][10]                                   ; 0                 ; 6       ;
;      - concat~65                                            ; 0                 ; 6       ;
;      - concat~68                                            ; 0                 ; 6       ;
;      - concat~73                                            ; 0                 ; 6       ;
;      - concat~77                                            ; 0                 ; 6       ;
;      - concat~81                                            ; 0                 ; 6       ;
;      - concat~85                                            ; 0                 ; 6       ;
;      - concat~89                                            ; 0                 ; 6       ;
;      - concat~93                                            ; 0                 ; 6       ;
; dummy_din[11]                                               ;                   ;         ;
;      - host_regs_s[2][11]                                   ; 1                 ; 6       ;
;      - concat~33                                            ; 1                 ; 6       ;
;      - concat~36                                            ; 1                 ; 6       ;
;      - concat~41                                            ; 1                 ; 6       ;
;      - concat~45                                            ; 1                 ; 6       ;
;      - concat~49                                            ; 1                 ; 6       ;
;      - concat~53                                            ; 1                 ; 6       ;
;      - concat~57                                            ; 1                 ; 6       ;
;      - concat~61                                            ; 1                 ; 6       ;
; dummy_din[12]                                               ;                   ;         ;
;      - host_regs_s[2][12]                                   ; 1                 ; 6       ;
; dummy_din[13]                                               ;                   ;         ;
;      - host_regs_s[2][13]                                   ; 1                 ; 6       ;
; dummy_din[14]                                               ;                   ;         ;
;      - host_regs_s[2][14]                                   ; 1                 ; 6       ;
; dummy_din[15]                                               ;                   ;         ;
;      - host_regs_s[2][15]                                   ; 0                 ; 6       ;
; host_regs_valid_pulse                                       ;                   ;         ;
;      - host_regs_valid_pulse_s[0]                           ; 1                 ; 6       ;
; sel_word_idx[3]                                             ;                   ;         ;
;      - Decoder3~0                                           ; 1                 ; 6       ;
;      - Decoder3~1                                           ; 1                 ; 6       ;
;      - Decoder3~2                                           ; 1                 ; 6       ;
;      - Decoder3~3                                           ; 1                 ; 6       ;
;      - Decoder3~4                                           ; 1                 ; 6       ;
;      - Decoder3~5                                           ; 1                 ; 6       ;
;      - Decoder3~6                                           ; 1                 ; 6       ;
;      - Decoder3~7                                           ; 1                 ; 6       ;
; dummy_din[16]                                               ;                   ;         ;
;      - concat~2                                             ; 1                 ; 6       ;
;      - concat~6                                             ; 1                 ; 6       ;
;      - concat~10                                            ; 1                 ; 6       ;
;      - concat~14                                            ; 1                 ; 6       ;
;      - concat~18                                            ; 1                 ; 6       ;
;      - concat~22                                            ; 1                 ; 6       ;
;      - concat~27                                            ; 1                 ; 6       ;
;      - concat~30                                            ; 1                 ; 6       ;
; dummy_din[24]                                               ;                   ;         ;
;      - concat~3                                             ; 0                 ; 6       ;
;      - concat~7                                             ; 0                 ; 6       ;
;      - concat~11                                            ; 0                 ; 6       ;
;      - concat~15                                            ; 0                 ; 6       ;
;      - concat~19                                            ; 0                 ; 6       ;
;      - concat~23                                            ; 0                 ; 6       ;
;      - concat~26                                            ; 0                 ; 6       ;
;      - concat~31                                            ; 0                 ; 6       ;
; dummy_din[19]                                               ;                   ;         ;
;      - concat~34                                            ; 0                 ; 6       ;
;      - concat~38                                            ; 0                 ; 6       ;
;      - concat~42                                            ; 0                 ; 6       ;
;      - concat~46                                            ; 0                 ; 6       ;
;      - concat~50                                            ; 0                 ; 6       ;
;      - concat~54                                            ; 0                 ; 6       ;
;      - concat~59                                            ; 0                 ; 6       ;
;      - concat~62                                            ; 0                 ; 6       ;
; dummy_din[27]                                               ;                   ;         ;
;      - concat~35                                            ; 0                 ; 6       ;
;      - concat~39                                            ; 0                 ; 6       ;
;      - concat~43                                            ; 0                 ; 6       ;
;      - concat~47                                            ; 0                 ; 6       ;
;      - concat~51                                            ; 0                 ; 6       ;
;      - concat~55                                            ; 0                 ; 6       ;
;      - concat~58                                            ; 0                 ; 6       ;
;      - concat~63                                            ; 0                 ; 6       ;
; dummy_din[18]                                               ;                   ;         ;
;      - concat~66                                            ; 0                 ; 6       ;
;      - concat~70                                            ; 0                 ; 6       ;
;      - concat~74                                            ; 0                 ; 6       ;
;      - concat~78                                            ; 0                 ; 6       ;
;      - concat~82                                            ; 0                 ; 6       ;
;      - concat~86                                            ; 0                 ; 6       ;
;      - concat~91                                            ; 0                 ; 6       ;
;      - concat~94                                            ; 0                 ; 6       ;
; dummy_din[26]                                               ;                   ;         ;
;      - concat~67                                            ; 0                 ; 6       ;
;      - concat~71                                            ; 0                 ; 6       ;
;      - concat~75                                            ; 0                 ; 6       ;
;      - concat~79                                            ; 0                 ; 6       ;
;      - concat~83                                            ; 0                 ; 6       ;
;      - concat~87                                            ; 0                 ; 6       ;
;      - concat~90                                            ; 0                 ; 6       ;
;      - concat~95                                            ; 0                 ; 6       ;
; dummy_din[17]                                               ;                   ;         ;
;      - concat~98                                            ; 1                 ; 6       ;
;      - concat~102                                           ; 1                 ; 6       ;
;      - concat~106                                           ; 1                 ; 6       ;
;      - concat~110                                           ; 1                 ; 6       ;
;      - concat~114                                           ; 1                 ; 6       ;
;      - concat~118                                           ; 1                 ; 6       ;
;      - concat~123                                           ; 1                 ; 6       ;
;      - concat~126                                           ; 1                 ; 6       ;
; dummy_din[25]                                               ;                   ;         ;
;      - concat~99                                            ; 0                 ; 6       ;
;      - concat~103                                           ; 0                 ; 6       ;
;      - concat~107                                           ; 0                 ; 6       ;
;      - concat~111                                           ; 0                 ; 6       ;
;      - concat~115                                           ; 0                 ; 6       ;
;      - concat~119                                           ; 0                 ; 6       ;
;      - concat~122                                           ; 0                 ; 6       ;
;      - concat~127                                           ; 0                 ; 6       ;
+-------------------------------------------------------------+-------------------+---------+


+----------------------------------------------------------------------------------------------------------------------------------------------------------------------------------------+
; Control Signals                                                                                                                                                                        ;
+-----------------------------------------------------------+--------------------+---------+--------------+--------+----------------------+------------------+---------------------------+
; Name                                                      ; Location           ; Fan-Out ; Usage        ; Global ; Global Resource Used ; Global Line Name ; Enable Signal Source Name ;
+-----------------------------------------------------------+--------------------+---------+--------------+--------+----------------------+------------------+---------------------------+
; Decoder4~0                                                ; LCCOMB_X24_Y36_N22 ; 16      ; Clock enable ; no     ; --                   ; --               ; --                        ;
; Decoder4~1                                                ; LCCOMB_X24_Y36_N8  ; 3       ; Clock enable ; no     ; --                   ; --               ; --                        ;
; alwaysud:alwaysud|alwaysud_solver:solver|Selector266~1    ; LCCOMB_X34_Y29_N14 ; 9       ; Clock enable ; no     ; --                   ; --               ; --                        ;
; alwaysud:alwaysud|alwaysud_solver:solver|Selector275~1    ; LCCOMB_X36_Y26_N14 ; 9       ; Clock enable ; no     ; --                   ; --               ; --                        ;
; alwaysud:alwaysud|alwaysud_solver:solver|Selector284~1    ; LCCOMB_X35_Y28_N22 ; 9       ; Clock enable ; no     ; --                   ; --               ; --                        ;
; alwaysud:alwaysud|alwaysud_solver:solver|Selector293~1    ; LCCOMB_X43_Y33_N14 ; 8       ; Clock enable ; no     ; --                   ; --               ; --                        ;
; alwaysud:alwaysud|alwaysud_solver:solver|Selector302~1    ; LCCOMB_X37_Y30_N8  ; 9       ; Clock enable ; no     ; --                   ; --               ; --                        ;
; alwaysud:alwaysud|alwaysud_solver:solver|Selector311~1    ; LCCOMB_X43_Y33_N16 ; 9       ; Clock enable ; no     ; --                   ; --               ; --                        ;
; alwaysud:alwaysud|alwaysud_solver:solver|Selector320~1    ; LCCOMB_X38_Y30_N28 ; 9       ; Clock enable ; no     ; --                   ; --               ; --                        ;
; alwaysud:alwaysud|alwaysud_solver:solver|Selector329~1    ; LCCOMB_X37_Y27_N30 ; 9       ; Clock enable ; no     ; --                   ; --               ; --                        ;
; alwaysud:alwaysud|alwaysud_solver:solver|Selector338~2    ; LCCOMB_X40_Y27_N22 ; 9       ; Clock enable ; no     ; --                   ; --               ; --                        ;
; alwaysud:alwaysud|alwaysud_solver:solver|Selector347~1    ; LCCOMB_X38_Y28_N18 ; 9       ; Clock enable ; no     ; --                   ; --               ; --                        ;
; alwaysud:alwaysud|alwaysud_solver:solver|Selector356~1    ; LCCOMB_X40_Y31_N18 ; 9       ; Clock enable ; no     ; --                   ; --               ; --                        ;
; alwaysud:alwaysud|alwaysud_solver:solver|Selector365~1    ; LCCOMB_X40_Y32_N12 ; 9       ; Clock enable ; no     ; --                   ; --               ; --                        ;
; alwaysud:alwaysud|alwaysud_solver:solver|Selector374~0    ; LCCOMB_X38_Y28_N4  ; 9       ; Clock enable ; no     ; --                   ; --               ; --                        ;
; alwaysud:alwaysud|alwaysud_solver:solver|Selector383~1    ; LCCOMB_X40_Y30_N0  ; 8       ; Clock enable ; no     ; --                   ; --               ; --                        ;
; alwaysud:alwaysud|alwaysud_solver:solver|Selector392~1    ; LCCOMB_X39_Y30_N18 ; 9       ; Clock enable ; no     ; --                   ; --               ; --                        ;
; alwaysud:alwaysud|alwaysud_solver:solver|Selector401~1    ; LCCOMB_X38_Y28_N20 ; 9       ; Clock enable ; no     ; --                   ; --               ; --                        ;
; alwaysud:alwaysud|alwaysud_solver:solver|Selector410~1    ; LCCOMB_X41_Y28_N22 ; 9       ; Clock enable ; no     ; --                   ; --               ; --                        ;
; alwaysud:alwaysud|alwaysud_solver:solver|Selector419~1    ; LCCOMB_X38_Y25_N16 ; 9       ; Clock enable ; no     ; --                   ; --               ; --                        ;
; alwaysud:alwaysud|alwaysud_solver:solver|Selector428~1    ; LCCOMB_X36_Y25_N2  ; 9       ; Clock enable ; no     ; --                   ; --               ; --                        ;
; alwaysud:alwaysud|alwaysud_solver:solver|Selector437~1    ; LCCOMB_X37_Y28_N10 ; 9       ; Clock enable ; no     ; --                   ; --               ; --                        ;
; alwaysud:alwaysud|alwaysud_solver:solver|Selector446~1    ; LCCOMB_X40_Y29_N30 ; 9       ; Clock enable ; no     ; --                   ; --               ; --                        ;
; alwaysud:alwaysud|alwaysud_solver:solver|Selector455~1    ; LCCOMB_X36_Y29_N24 ; 9       ; Clock enable ; no     ; --                   ; --               ; --                        ;
; alwaysud:alwaysud|alwaysud_solver:solver|Selector464~1    ; LCCOMB_X40_Y29_N28 ; 9       ; Clock enable ; no     ; --                   ; --               ; --                        ;
; alwaysud:alwaysud|alwaysud_solver:solver|Selector473~1    ; LCCOMB_X40_Y29_N6  ; 9       ; Clock enable ; no     ; --                   ; --               ; --                        ;
; alwaysud:alwaysud|alwaysud_solver:solver|Selector482~1    ; LCCOMB_X39_Y26_N24 ; 8       ; Clock enable ; no     ; --                   ; --               ; --                        ;
; alwaysud:alwaysud|alwaysud_solver:solver|Selector491~2    ; LCCOMB_X40_Y24_N26 ; 9       ; Clock enable ; no     ; --                   ; --               ; --                        ;
; alwaysud:alwaysud|alwaysud_solver:solver|Selector500~1    ; LCCOMB_X41_Y24_N18 ; 9       ; Clock enable ; no     ; --                   ; --               ; --                        ;
; alwaysud:alwaysud|alwaysud_solver:solver|Selector509~1    ; LCCOMB_X37_Y13_N26 ; 9       ; Clock enable ; no     ; --                   ; --               ; --                        ;
; alwaysud:alwaysud|alwaysud_solver:solver|Selector518~1    ; LCCOMB_X36_Y22_N20 ; 9       ; Clock enable ; no     ; --                   ; --               ; --                        ;
; alwaysud:alwaysud|alwaysud_solver:solver|Selector527~1    ; LCCOMB_X44_Y12_N24 ; 9       ; Clock enable ; no     ; --                   ; --               ; --                        ;
; alwaysud:alwaysud|alwaysud_solver:solver|Selector536~1    ; LCCOMB_X40_Y21_N28 ; 9       ; Clock enable ; no     ; --                   ; --               ; --                        ;
; alwaysud:alwaysud|alwaysud_solver:solver|Selector545~1    ; LCCOMB_X36_Y23_N14 ; 9       ; Clock enable ; no     ; --                   ; --               ; --                        ;
; alwaysud:alwaysud|alwaysud_solver:solver|Selector554~1    ; LCCOMB_X49_Y20_N8  ; 9       ; Clock enable ; no     ; --                   ; --               ; --                        ;
; alwaysud:alwaysud|alwaysud_solver:solver|Selector563~3    ; LCCOMB_X40_Y21_N22 ; 9       ; Clock enable ; no     ; --                   ; --               ; --                        ;
; alwaysud:alwaysud|alwaysud_solver:solver|Selector572~1    ; LCCOMB_X42_Y21_N22 ; 9       ; Clock enable ; no     ; --                   ; --               ; --                        ;
; alwaysud:alwaysud|alwaysud_solver:solver|Selector581~1    ; LCCOMB_X39_Y20_N18 ; 9       ; Clock enable ; no     ; --                   ; --               ; --                        ;
; alwaysud:alwaysud|alwaysud_solver:solver|Selector590~1    ; LCCOMB_X40_Y13_N28 ; 9       ; Clock enable ; no     ; --                   ; --               ; --                        ;
; alwaysud:alwaysud|alwaysud_solver:solver|Selector599~1    ; LCCOMB_X45_Y11_N22 ; 9       ; Clock enable ; no     ; --                   ; --               ; --                        ;
; alwaysud:alwaysud|alwaysud_solver:solver|Selector608~1    ; LCCOMB_X41_Y16_N0  ; 8       ; Clock enable ; no     ; --                   ; --               ; --                        ;
; alwaysud:alwaysud|alwaysud_solver:solver|Selector617~1    ; LCCOMB_X41_Y22_N8  ; 9       ; Clock enable ; no     ; --                   ; --               ; --                        ;
; alwaysud:alwaysud|alwaysud_solver:solver|Selector626~1    ; LCCOMB_X45_Y22_N4  ; 9       ; Clock enable ; no     ; --                   ; --               ; --                        ;
; alwaysud:alwaysud|alwaysud_solver:solver|Selector635~2    ; LCCOMB_X42_Y22_N12 ; 9       ; Clock enable ; no     ; --                   ; --               ; --                        ;
; alwaysud:alwaysud|alwaysud_solver:solver|Selector644~1    ; LCCOMB_X47_Y19_N16 ; 8       ; Clock enable ; no     ; --                   ; --               ; --                        ;
; alwaysud:alwaysud|alwaysud_solver:solver|Selector653~1    ; LCCOMB_X37_Y19_N12 ; 9       ; Clock enable ; no     ; --                   ; --               ; --                        ;
; alwaysud:alwaysud|alwaysud_solver:solver|Selector662~1    ; LCCOMB_X40_Y21_N20 ; 9       ; Clock enable ; no     ; --                   ; --               ; --                        ;
; alwaysud:alwaysud|alwaysud_solver:solver|Selector671~1    ; LCCOMB_X52_Y8_N24  ; 9       ; Clock enable ; no     ; --                   ; --               ; --                        ;
; alwaysud:alwaysud|alwaysud_solver:solver|Selector680~1    ; LCCOMB_X43_Y12_N18 ; 9       ; Clock enable ; no     ; --                   ; --               ; --                        ;
; alwaysud:alwaysud|alwaysud_solver:solver|Selector689~1    ; LCCOMB_X46_Y13_N28 ; 9       ; Clock enable ; no     ; --                   ; --               ; --                        ;
; alwaysud:alwaysud|alwaysud_solver:solver|Selector698~1    ; LCCOMB_X41_Y16_N18 ; 9       ; Clock enable ; no     ; --                   ; --               ; --                        ;
; alwaysud:alwaysud|alwaysud_solver:solver|Selector707~1    ; LCCOMB_X44_Y19_N0  ; 9       ; Clock enable ; no     ; --                   ; --               ; --                        ;
; alwaysud:alwaysud|alwaysud_solver:solver|Selector716~1    ; LCCOMB_X42_Y18_N4  ; 9       ; Clock enable ; no     ; --                   ; --               ; --                        ;
; alwaysud:alwaysud|alwaysud_solver:solver|Selector725~1    ; LCCOMB_X43_Y14_N22 ; 9       ; Clock enable ; no     ; --                   ; --               ; --                        ;
; alwaysud:alwaysud|alwaysud_solver:solver|Selector734~1    ; LCCOMB_X41_Y14_N18 ; 9       ; Clock enable ; no     ; --                   ; --               ; --                        ;
; alwaysud:alwaysud|alwaysud_solver:solver|Selector743~1    ; LCCOMB_X59_Y17_N8  ; 9       ; Clock enable ; no     ; --                   ; --               ; --                        ;
; alwaysud:alwaysud|alwaysud_solver:solver|Selector752~1    ; LCCOMB_X55_Y6_N28  ; 9       ; Clock enable ; no     ; --                   ; --               ; --                        ;
; alwaysud:alwaysud|alwaysud_solver:solver|Selector761~1    ; LCCOMB_X61_Y6_N8   ; 8       ; Clock enable ; no     ; --                   ; --               ; --                        ;
; alwaysud:alwaysud|alwaysud_solver:solver|Selector770~1    ; LCCOMB_X59_Y10_N8  ; 9       ; Clock enable ; no     ; --                   ; --               ; --                        ;
; alwaysud:alwaysud|alwaysud_solver:solver|Selector779~1    ; LCCOMB_X63_Y14_N12 ; 8       ; Clock enable ; no     ; --                   ; --               ; --                        ;
; alwaysud:alwaysud|alwaysud_solver:solver|Selector788~1    ; LCCOMB_X61_Y1_N24  ; 9       ; Clock enable ; no     ; --                   ; --               ; --                        ;
; alwaysud:alwaysud|alwaysud_solver:solver|Selector797~1    ; LCCOMB_X66_Y18_N18 ; 9       ; Clock enable ; no     ; --                   ; --               ; --                        ;
; alwaysud:alwaysud|alwaysud_solver:solver|Selector806~1    ; LCCOMB_X70_Y11_N4  ; 9       ; Clock enable ; no     ; --                   ; --               ; --                        ;
; alwaysud:alwaysud|alwaysud_solver:solver|Selector815~1    ; LCCOMB_X66_Y15_N4  ; 9       ; Clock enable ; no     ; --                   ; --               ; --                        ;
; alwaysud:alwaysud|alwaysud_solver:solver|Selector824~1    ; LCCOMB_X62_Y11_N24 ; 9       ; Clock enable ; no     ; --                   ; --               ; --                        ;
; alwaysud:alwaysud|alwaysud_solver:solver|Selector833~1    ; LCCOMB_X60_Y11_N14 ; 9       ; Clock enable ; no     ; --                   ; --               ; --                        ;
; alwaysud:alwaysud|alwaysud_solver:solver|Selector842~1    ; LCCOMB_X58_Y7_N8   ; 9       ; Clock enable ; no     ; --                   ; --               ; --                        ;
; alwaysud:alwaysud|alwaysud_solver:solver|Selector851~1    ; LCCOMB_X55_Y6_N16  ; 8       ; Clock enable ; no     ; --                   ; --               ; --                        ;
; alwaysud:alwaysud|alwaysud_solver:solver|Selector860~3    ; LCCOMB_X67_Y6_N26  ; 9       ; Clock enable ; no     ; --                   ; --               ; --                        ;
; alwaysud:alwaysud|alwaysud_solver:solver|Selector869~1    ; LCCOMB_X64_Y22_N28 ; 9       ; Clock enable ; no     ; --                   ; --               ; --                        ;
; alwaysud:alwaysud|alwaysud_solver:solver|Selector878~1    ; LCCOMB_X71_Y10_N30 ; 9       ; Clock enable ; no     ; --                   ; --               ; --                        ;
; alwaysud:alwaysud|alwaysud_solver:solver|Selector887~1    ; LCCOMB_X67_Y7_N12  ; 8       ; Clock enable ; no     ; --                   ; --               ; --                        ;
; alwaysud:alwaysud|alwaysud_solver:solver|Selector896~1    ; LCCOMB_X52_Y8_N10  ; 9       ; Clock enable ; no     ; --                   ; --               ; --                        ;
; alwaysud:alwaysud|alwaysud_solver:solver|Selector905~1    ; LCCOMB_X67_Y6_N4   ; 9       ; Clock enable ; no     ; --                   ; --               ; --                        ;
; alwaysud:alwaysud|alwaysud_solver:solver|Selector914~1    ; LCCOMB_X61_Y6_N4   ; 9       ; Clock enable ; no     ; --                   ; --               ; --                        ;
; alwaysud:alwaysud|alwaysud_solver:solver|Selector923~1    ; LCCOMB_X67_Y6_N2   ; 9       ; Clock enable ; no     ; --                   ; --               ; --                        ;
; alwaysud:alwaysud|alwaysud_solver:solver|Selector932~1    ; LCCOMB_X61_Y1_N0   ; 9       ; Clock enable ; no     ; --                   ; --               ; --                        ;
; alwaysud:alwaysud|alwaysud_solver:solver|Selector941~1    ; LCCOMB_X67_Y7_N0   ; 9       ; Clock enable ; no     ; --                   ; --               ; --                        ;
; alwaysud:alwaysud|alwaysud_solver:solver|Selector950~1    ; LCCOMB_X70_Y11_N22 ; 9       ; Clock enable ; no     ; --                   ; --               ; --                        ;
; alwaysud:alwaysud|alwaysud_solver:solver|Selector959~1    ; LCCOMB_X77_Y18_N18 ; 9       ; Clock enable ; no     ; --                   ; --               ; --                        ;
; alwaysud:alwaysud|alwaysud_solver:solver|Selector968~1    ; LCCOMB_X47_Y12_N20 ; 9       ; Clock enable ; no     ; --                   ; --               ; --                        ;
; alwaysud:alwaysud|alwaysud_solver:solver|Selector977~1    ; LCCOMB_X43_Y16_N18 ; 9       ; Clock enable ; no     ; --                   ; --               ; --                        ;
; alwaysud:alwaysud|alwaysud_solver:solver|Selector986~1    ; LCCOMB_X66_Y18_N28 ; 9       ; Clock enable ; no     ; --                   ; --               ; --                        ;
; alwaysud:alwaysud|alwaysud_solver:solver|sp[1]~2          ; LCCOMB_X74_Y41_N2  ; 7       ; Clock enable ; no     ; --                   ; --               ; --                        ;
; alwaysud:alwaysud|alwaysud_solver:solver|st_cell~1000     ; LCCOMB_X67_Y41_N14 ; 8       ; Clock enable ; no     ; --                   ; --               ; --                        ;
; alwaysud:alwaysud|alwaysud_solver:solver|st_cell~1001     ; LCCOMB_X67_Y41_N4  ; 8       ; Clock enable ; no     ; --                   ; --               ; --                        ;
; alwaysud:alwaysud|alwaysud_solver:solver|st_cell~1002     ; LCCOMB_X71_Y38_N14 ; 8       ; Clock enable ; no     ; --                   ; --               ; --                        ;
; alwaysud:alwaysud|alwaysud_solver:solver|st_cell~1003     ; LCCOMB_X71_Y35_N8  ; 8       ; Clock enable ; no     ; --                   ; --               ; --                        ;
; alwaysud:alwaysud|alwaysud_solver:solver|st_cell~1004     ; LCCOMB_X69_Y35_N4  ; 8       ; Clock enable ; no     ; --                   ; --               ; --                        ;
; alwaysud:alwaysud|alwaysud_solver:solver|st_cell~1005     ; LCCOMB_X69_Y35_N10 ; 8       ; Clock enable ; no     ; --                   ; --               ; --                        ;
; alwaysud:alwaysud|alwaysud_solver:solver|st_cell~1006     ; LCCOMB_X71_Y35_N6  ; 8       ; Clock enable ; no     ; --                   ; --               ; --                        ;
; alwaysud:alwaysud|alwaysud_solver:solver|st_cell~1008     ; LCCOMB_X62_Y38_N4  ; 8       ; Clock enable ; no     ; --                   ; --               ; --                        ;
; alwaysud:alwaysud|alwaysud_solver:solver|st_cell~1010     ; LCCOMB_X63_Y36_N4  ; 8       ; Clock enable ; no     ; --                   ; --               ; --                        ;
; alwaysud:alwaysud|alwaysud_solver:solver|st_cell~1011     ; LCCOMB_X63_Y38_N16 ; 8       ; Clock enable ; no     ; --                   ; --               ; --                        ;
; alwaysud:alwaysud|alwaysud_solver:solver|st_cell~1012     ; LCCOMB_X62_Y38_N14 ; 8       ; Clock enable ; no     ; --                   ; --               ; --                        ;
; alwaysud:alwaysud|alwaysud_solver:solver|st_cell~1013     ; LCCOMB_X65_Y36_N4  ; 8       ; Clock enable ; no     ; --                   ; --               ; --                        ;
; alwaysud:alwaysud|alwaysud_solver:solver|st_cell~1014     ; LCCOMB_X66_Y40_N4  ; 8       ; Clock enable ; no     ; --                   ; --               ; --                        ;
; alwaysud:alwaysud|alwaysud_solver:solver|st_cell~1015     ; LCCOMB_X66_Y40_N26 ; 8       ; Clock enable ; no     ; --                   ; --               ; --                        ;
; alwaysud:alwaysud|alwaysud_solver:solver|st_cell~1016     ; LCCOMB_X65_Y36_N14 ; 8       ; Clock enable ; no     ; --                   ; --               ; --                        ;
; alwaysud:alwaysud|alwaysud_solver:solver|st_cell~1017     ; LCCOMB_X65_Y40_N0  ; 8       ; Clock enable ; no     ; --                   ; --               ; --                        ;
; alwaysud:alwaysud|alwaysud_solver:solver|st_cell~1018     ; LCCOMB_X63_Y36_N6  ; 8       ; Clock enable ; no     ; --                   ; --               ; --                        ;
; alwaysud:alwaysud|alwaysud_solver:solver|st_cell~1019     ; LCCOMB_X64_Y40_N14 ; 8       ; Clock enable ; no     ; --                   ; --               ; --                        ;
; alwaysud:alwaysud|alwaysud_solver:solver|st_cell~1020     ; LCCOMB_X65_Y40_N18 ; 8       ; Clock enable ; no     ; --                   ; --               ; --                        ;
; alwaysud:alwaysud|alwaysud_solver:solver|st_cell~1021     ; LCCOMB_X66_Y36_N8  ; 8       ; Clock enable ; no     ; --                   ; --               ; --                        ;
; alwaysud:alwaysud|alwaysud_solver:solver|st_cell~1022     ; LCCOMB_X64_Y38_N22 ; 8       ; Clock enable ; no     ; --                   ; --               ; --                        ;
; alwaysud:alwaysud|alwaysud_solver:solver|st_cell~1023     ; LCCOMB_X64_Y40_N4  ; 8       ; Clock enable ; no     ; --                   ; --               ; --                        ;
; alwaysud:alwaysud|alwaysud_solver:solver|st_cell~1024     ; LCCOMB_X66_Y36_N22 ; 8       ; Clock enable ; no     ; --                   ; --               ; --                        ;
; alwaysud:alwaysud|alwaysud_solver:solver|st_cell~1026     ; LCCOMB_X64_Y37_N24 ; 8       ; Clock enable ; no     ; --                   ; --               ; --                        ;
; alwaysud:alwaysud|alwaysud_solver:solver|st_cell~1028     ; LCCOMB_X64_Y34_N22 ; 8       ; Clock enable ; no     ; --                   ; --               ; --                        ;
; alwaysud:alwaysud|alwaysud_solver:solver|st_cell~1029     ; LCCOMB_X62_Y34_N14 ; 8       ; Clock enable ; no     ; --                   ; --               ; --                        ;
; alwaysud:alwaysud|alwaysud_solver:solver|st_cell~1030     ; LCCOMB_X64_Y34_N26 ; 8       ; Clock enable ; no     ; --                   ; --               ; --                        ;
; alwaysud:alwaysud|alwaysud_solver:solver|st_cell~1031     ; LCCOMB_X63_Y33_N24 ; 8       ; Clock enable ; no     ; --                   ; --               ; --                        ;
; alwaysud:alwaysud|alwaysud_solver:solver|st_cell~1033     ; LCCOMB_X64_Y35_N12 ; 8       ; Clock enable ; no     ; --                   ; --               ; --                        ;
; alwaysud:alwaysud|alwaysud_solver:solver|st_cell~1034     ; LCCOMB_X62_Y35_N16 ; 8       ; Clock enable ; no     ; --                   ; --               ; --                        ;
; alwaysud:alwaysud|alwaysud_solver:solver|st_cell~1035     ; LCCOMB_X62_Y35_N0  ; 8       ; Clock enable ; no     ; --                   ; --               ; --                        ;
; alwaysud:alwaysud|alwaysud_solver:solver|st_cell~1036     ; LCCOMB_X64_Y35_N16 ; 8       ; Clock enable ; no     ; --                   ; --               ; --                        ;
; alwaysud:alwaysud|alwaysud_solver:solver|st_cell~1037     ; LCCOMB_X63_Y35_N18 ; 8       ; Clock enable ; no     ; --                   ; --               ; --                        ;
; alwaysud:alwaysud|alwaysud_solver:solver|st_cell~1038     ; LCCOMB_X62_Y34_N8  ; 8       ; Clock enable ; no     ; --                   ; --               ; --                        ;
; alwaysud:alwaysud|alwaysud_solver:solver|st_cell~1039     ; LCCOMB_X62_Y35_N2  ; 8       ; Clock enable ; no     ; --                   ; --               ; --                        ;
; alwaysud:alwaysud|alwaysud_solver:solver|st_cell~1040     ; LCCOMB_X63_Y33_N22 ; 8       ; Clock enable ; no     ; --                   ; --               ; --                        ;
; alwaysud:alwaysud|alwaysud_solver:solver|st_cell~1041     ; LCCOMB_X64_Y35_N4  ; 8       ; Clock enable ; no     ; --                   ; --               ; --                        ;
; alwaysud:alwaysud|alwaysud_solver:solver|st_cell~1042     ; LCCOMB_X63_Y34_N18 ; 8       ; Clock enable ; no     ; --                   ; --               ; --                        ;
; alwaysud:alwaysud|alwaysud_solver:solver|st_cell~1043     ; LCCOMB_X63_Y34_N16 ; 8       ; Clock enable ; no     ; --                   ; --               ; --                        ;
; alwaysud:alwaysud|alwaysud_solver:solver|st_cell~1044     ; LCCOMB_X64_Y35_N0  ; 8       ; Clock enable ; no     ; --                   ; --               ; --                        ;
; alwaysud:alwaysud|alwaysud_solver:solver|st_cell~948      ; LCCOMB_X66_Y38_N4  ; 8       ; Clock enable ; no     ; --                   ; --               ; --                        ;
; alwaysud:alwaysud|alwaysud_solver:solver|st_cell~950      ; LCCOMB_X70_Y40_N28 ; 8       ; Clock enable ; no     ; --                   ; --               ; --                        ;
; alwaysud:alwaysud|alwaysud_solver:solver|st_cell~952      ; LCCOMB_X66_Y37_N22 ; 8       ; Clock enable ; no     ; --                   ; --               ; --                        ;
; alwaysud:alwaysud|alwaysud_solver:solver|st_cell~954      ; LCCOMB_X67_Y38_N14 ; 8       ; Clock enable ; no     ; --                   ; --               ; --                        ;
; alwaysud:alwaysud|alwaysud_solver:solver|st_cell~957      ; LCCOMB_X70_Y36_N8  ; 8       ; Clock enable ; no     ; --                   ; --               ; --                        ;
; alwaysud:alwaysud|alwaysud_solver:solver|st_cell~959      ; LCCOMB_X70_Y37_N8  ; 8       ; Clock enable ; no     ; --                   ; --               ; --                        ;
; alwaysud:alwaysud|alwaysud_solver:solver|st_cell~961      ; LCCOMB_X70_Y37_N6  ; 8       ; Clock enable ; no     ; --                   ; --               ; --                        ;
; alwaysud:alwaysud|alwaysud_solver:solver|st_cell~963      ; LCCOMB_X70_Y36_N14 ; 8       ; Clock enable ; no     ; --                   ; --               ; --                        ;
; alwaysud:alwaysud|alwaysud_solver:solver|st_cell~964      ; LCCOMB_X70_Y38_N8  ; 8       ; Clock enable ; no     ; --                   ; --               ; --                        ;
; alwaysud:alwaysud|alwaysud_solver:solver|st_cell~965      ; LCCOMB_X70_Y41_N16 ; 8       ; Clock enable ; no     ; --                   ; --               ; --                        ;
; alwaysud:alwaysud|alwaysud_solver:solver|st_cell~966      ; LCCOMB_X70_Y41_N2  ; 8       ; Clock enable ; no     ; --                   ; --               ; --                        ;
; alwaysud:alwaysud|alwaysud_solver:solver|st_cell~967      ; LCCOMB_X70_Y38_N4  ; 8       ; Clock enable ; no     ; --                   ; --               ; --                        ;
; alwaysud:alwaysud|alwaysud_solver:solver|st_cell~968      ; LCCOMB_X70_Y35_N14 ; 8       ; Clock enable ; no     ; --                   ; --               ; --                        ;
; alwaysud:alwaysud|alwaysud_solver:solver|st_cell~969      ; LCCOMB_X69_Y37_N6  ; 8       ; Clock enable ; no     ; --                   ; --               ; --                        ;
; alwaysud:alwaysud|alwaysud_solver:solver|st_cell~970      ; LCCOMB_X69_Y37_N22 ; 8       ; Clock enable ; no     ; --                   ; --               ; --                        ;
; alwaysud:alwaysud|alwaysud_solver:solver|st_cell~971      ; LCCOMB_X69_Y36_N12 ; 8       ; Clock enable ; no     ; --                   ; --               ; --                        ;
; alwaysud:alwaysud|alwaysud_solver:solver|st_cell~973      ; LCCOMB_X65_Y38_N28 ; 8       ; Clock enable ; no     ; --                   ; --               ; --                        ;
; alwaysud:alwaysud|alwaysud_solver:solver|st_cell~974      ; LCCOMB_X64_Y39_N4  ; 8       ; Clock enable ; no     ; --                   ; --               ; --                        ;
; alwaysud:alwaysud|alwaysud_solver:solver|st_cell~975      ; LCCOMB_X64_Y39_N26 ; 8       ; Clock enable ; no     ; --                   ; --               ; --                        ;
; alwaysud:alwaysud|alwaysud_solver:solver|st_cell~976      ; LCCOMB_X65_Y38_N12 ; 8       ; Clock enable ; no     ; --                   ; --               ; --                        ;
; alwaysud:alwaysud|alwaysud_solver:solver|st_cell~978      ; LCCOMB_X67_Y39_N8  ; 8       ; Clock enable ; no     ; --                   ; --               ; --                        ;
; alwaysud:alwaysud|alwaysud_solver:solver|st_cell~979      ; LCCOMB_X66_Y39_N8  ; 8       ; Clock enable ; no     ; --                   ; --               ; --                        ;
; alwaysud:alwaysud|alwaysud_solver:solver|st_cell~980      ; LCCOMB_X66_Y39_N14 ; 8       ; Clock enable ; no     ; --                   ; --               ; --                        ;
; alwaysud:alwaysud|alwaysud_solver:solver|st_cell~981      ; LCCOMB_X67_Y39_N26 ; 8       ; Clock enable ; no     ; --                   ; --               ; --                        ;
; alwaysud:alwaysud|alwaysud_solver:solver|st_cell~982      ; LCCOMB_X63_Y38_N22 ; 8       ; Clock enable ; no     ; --                   ; --               ; --                        ;
; alwaysud:alwaysud|alwaysud_solver:solver|st_cell~983      ; LCCOMB_X64_Y40_N20 ; 8       ; Clock enable ; no     ; --                   ; --               ; --                        ;
; alwaysud:alwaysud|alwaysud_solver:solver|st_cell~984      ; LCCOMB_X64_Y40_N30 ; 8       ; Clock enable ; no     ; --                   ; --               ; --                        ;
; alwaysud:alwaysud|alwaysud_solver:solver|st_cell~985      ; LCCOMB_X64_Y37_N26 ; 8       ; Clock enable ; no     ; --                   ; --               ; --                        ;
; alwaysud:alwaysud|alwaysud_solver:solver|st_cell~986      ; LCCOMB_X67_Y35_N12 ; 8       ; Clock enable ; no     ; --                   ; --               ; --                        ;
; alwaysud:alwaysud|alwaysud_solver:solver|st_cell~987      ; LCCOMB_X66_Y35_N4  ; 8       ; Clock enable ; no     ; --                   ; --               ; --                        ;
; alwaysud:alwaysud|alwaysud_solver:solver|st_cell~988      ; LCCOMB_X66_Y35_N10 ; 8       ; Clock enable ; no     ; --                   ; --               ; --                        ;
; alwaysud:alwaysud|alwaysud_solver:solver|st_cell~989      ; LCCOMB_X67_Y35_N26 ; 8       ; Clock enable ; no     ; --                   ; --               ; --                        ;
; alwaysud:alwaysud|alwaysud_solver:solver|st_cell~991      ; LCCOMB_X69_Y38_N12 ; 8       ; Clock enable ; no     ; --                   ; --               ; --                        ;
; alwaysud:alwaysud|alwaysud_solver:solver|st_cell~992      ; LCCOMB_X67_Y38_N26 ; 8       ; Clock enable ; no     ; --                   ; --               ; --                        ;
; alwaysud:alwaysud|alwaysud_solver:solver|st_cell~993      ; LCCOMB_X66_Y38_N18 ; 8       ; Clock enable ; no     ; --                   ; --               ; --                        ;
; alwaysud:alwaysud|alwaysud_solver:solver|st_cell~994      ; LCCOMB_X69_Y38_N14 ; 8       ; Clock enable ; no     ; --                   ; --               ; --                        ;
; alwaysud:alwaysud|alwaysud_solver:solver|st_cell~995      ; LCCOMB_X71_Y36_N8  ; 8       ; Clock enable ; no     ; --                   ; --               ; --                        ;
; alwaysud:alwaysud|alwaysud_solver:solver|st_cell~996      ; LCCOMB_X71_Y37_N22 ; 8       ; Clock enable ; no     ; --                   ; --               ; --                        ;
; alwaysud:alwaysud|alwaysud_solver:solver|st_cell~997      ; LCCOMB_X71_Y37_N28 ; 8       ; Clock enable ; no     ; --                   ; --               ; --                        ;
; alwaysud:alwaysud|alwaysud_solver:solver|st_cell~998      ; LCCOMB_X71_Y36_N4  ; 8       ; Clock enable ; no     ; --                   ; --               ; --                        ;
; alwaysud:alwaysud|alwaysud_solver:solver|st_cell~999      ; LCCOMB_X71_Y38_N24 ; 8       ; Clock enable ; no     ; --                   ; --               ; --                        ;
; alwaysud:alwaysud|alwaysud_solver:solver|st_dig~1217      ; LCCOMB_X67_Y29_N4  ; 9       ; Clock enable ; no     ; --                   ; --               ; --                        ;
; alwaysud:alwaysud|alwaysud_solver:solver|st_dig~1220      ; LCCOMB_X71_Y29_N8  ; 9       ; Clock enable ; no     ; --                   ; --               ; --                        ;
; alwaysud:alwaysud|alwaysud_solver:solver|st_dig~1221      ; LCCOMB_X67_Y29_N2  ; 9       ; Clock enable ; no     ; --                   ; --               ; --                        ;
; alwaysud:alwaysud|alwaysud_solver:solver|st_dig~1223      ; LCCOMB_X71_Y28_N30 ; 9       ; Clock enable ; no     ; --                   ; --               ; --                        ;
; alwaysud:alwaysud|alwaysud_solver:solver|st_dig~1226      ; LCCOMB_X76_Y28_N2  ; 9       ; Clock enable ; no     ; --                   ; --               ; --                        ;
; alwaysud:alwaysud|alwaysud_solver:solver|st_dig~1228      ; LCCOMB_X77_Y28_N12 ; 9       ; Clock enable ; no     ; --                   ; --               ; --                        ;
; alwaysud:alwaysud|alwaysud_solver:solver|st_dig~1229      ; LCCOMB_X76_Y28_N30 ; 9       ; Clock enable ; no     ; --                   ; --               ; --                        ;
; alwaysud:alwaysud|alwaysud_solver:solver|st_dig~1231      ; LCCOMB_X75_Y28_N28 ; 9       ; Clock enable ; no     ; --                   ; --               ; --                        ;
; alwaysud:alwaysud|alwaysud_solver:solver|st_dig~1234      ; LCCOMB_X69_Y28_N26 ; 9       ; Clock enable ; no     ; --                   ; --               ; --                        ;
; alwaysud:alwaysud|alwaysud_solver:solver|st_dig~1236      ; LCCOMB_X70_Y28_N4  ; 9       ; Clock enable ; no     ; --                   ; --               ; --                        ;
; alwaysud:alwaysud|alwaysud_solver:solver|st_dig~1237      ; LCCOMB_X67_Y30_N22 ; 9       ; Clock enable ; no     ; --                   ; --               ; --                        ;
; alwaysud:alwaysud|alwaysud_solver:solver|st_dig~1239      ; LCCOMB_X75_Y28_N26 ; 9       ; Clock enable ; no     ; --                   ; --               ; --                        ;
; alwaysud:alwaysud|alwaysud_solver:solver|st_dig~1241      ; LCCOMB_X69_Y26_N4  ; 9       ; Clock enable ; no     ; --                   ; --               ; --                        ;
; alwaysud:alwaysud|alwaysud_solver:solver|st_dig~1244      ; LCCOMB_X70_Y26_N14 ; 9       ; Clock enable ; no     ; --                   ; --               ; --                        ;
; alwaysud:alwaysud|alwaysud_solver:solver|st_dig~1245      ; LCCOMB_X69_Y26_N2  ; 9       ; Clock enable ; no     ; --                   ; --               ; --                        ;
; alwaysud:alwaysud|alwaysud_solver:solver|st_dig~1247      ; LCCOMB_X71_Y28_N2  ; 9       ; Clock enable ; no     ; --                   ; --               ; --                        ;
; alwaysud:alwaysud|alwaysud_solver:solver|st_dig~1248      ; LCCOMB_X76_Y27_N8  ; 9       ; Clock enable ; no     ; --                   ; --               ; --                        ;
; alwaysud:alwaysud|alwaysud_solver:solver|st_dig~1250      ; LCCOMB_X76_Y29_N12 ; 9       ; Clock enable ; no     ; --                   ; --               ; --                        ;
; alwaysud:alwaysud|alwaysud_solver:solver|st_dig~1251      ; LCCOMB_X72_Y30_N28 ; 9       ; Clock enable ; no     ; --                   ; --               ; --                        ;
; alwaysud:alwaysud|alwaysud_solver:solver|st_dig~1252      ; LCCOMB_X75_Y27_N8  ; 9       ; Clock enable ; no     ; --                   ; --               ; --                        ;
; alwaysud:alwaysud|alwaysud_solver:solver|st_dig~1253      ; LCCOMB_X75_Y29_N4  ; 9       ; Clock enable ; no     ; --                   ; --               ; --                        ;
; alwaysud:alwaysud|alwaysud_solver:solver|st_dig~1254      ; LCCOMB_X74_Y29_N22 ; 9       ; Clock enable ; no     ; --                   ; --               ; --                        ;
; alwaysud:alwaysud|alwaysud_solver:solver|st_dig~1255      ; LCCOMB_X75_Y29_N16 ; 9       ; Clock enable ; no     ; --                   ; --               ; --                        ;
; alwaysud:alwaysud|alwaysud_solver:solver|st_dig~1256      ; LCCOMB_X74_Y30_N26 ; 9       ; Clock enable ; no     ; --                   ; --               ; --                        ;
; alwaysud:alwaysud|alwaysud_solver:solver|st_dig~1257      ; LCCOMB_X71_Y30_N4  ; 9       ; Clock enable ; no     ; --                   ; --               ; --                        ;
; alwaysud:alwaysud|alwaysud_solver:solver|st_dig~1258      ; LCCOMB_X72_Y30_N0  ; 9       ; Clock enable ; no     ; --                   ; --               ; --                        ;
; alwaysud:alwaysud|alwaysud_solver:solver|st_dig~1259      ; LCCOMB_X72_Y30_N22 ; 9       ; Clock enable ; no     ; --                   ; --               ; --                        ;
; alwaysud:alwaysud|alwaysud_solver:solver|st_dig~1260      ; LCCOMB_X74_Y30_N4  ; 9       ; Clock enable ; no     ; --                   ; --               ; --                        ;
; alwaysud:alwaysud|alwaysud_solver:solver|st_dig~1261      ; LCCOMB_X74_Y26_N8  ; 9       ; Clock enable ; no     ; --                   ; --               ; --                        ;
; alwaysud:alwaysud|alwaysud_solver:solver|st_dig~1262      ; LCCOMB_X75_Y26_N26 ; 9       ; Clock enable ; no     ; --                   ; --               ; --                        ;
; alwaysud:alwaysud|alwaysud_solver:solver|st_dig~1263      ; LCCOMB_X72_Y30_N4  ; 9       ; Clock enable ; no     ; --                   ; --               ; --                        ;
; alwaysud:alwaysud|alwaysud_solver:solver|st_dig~1264      ; LCCOMB_X75_Y28_N12 ; 9       ; Clock enable ; no     ; --                   ; --               ; --                        ;
; alwaysud:alwaysud|alwaysud_solver:solver|st_dig~1265      ; LCCOMB_X76_Y26_N14 ; 9       ; Clock enable ; no     ; --                   ; --               ; --                        ;
; alwaysud:alwaysud|alwaysud_solver:solver|st_dig~1267      ; LCCOMB_X77_Y26_N8  ; 9       ; Clock enable ; no     ; --                   ; --               ; --                        ;
; alwaysud:alwaysud|alwaysud_solver:solver|st_dig~1268      ; LCCOMB_X76_Y26_N6  ; 9       ; Clock enable ; no     ; --                   ; --               ; --                        ;
; alwaysud:alwaysud|alwaysud_solver:solver|st_dig~1269      ; LCCOMB_X76_Y27_N22 ; 9       ; Clock enable ; no     ; --                   ; --               ; --                        ;
; alwaysud:alwaysud|alwaysud_solver:solver|st_dig~1270      ; LCCOMB_X69_Y29_N20 ; 9       ; Clock enable ; no     ; --                   ; --               ; --                        ;
; alwaysud:alwaysud|alwaysud_solver:solver|st_dig~1271      ; LCCOMB_X71_Y29_N14 ; 9       ; Clock enable ; no     ; --                   ; --               ; --                        ;
; alwaysud:alwaysud|alwaysud_solver:solver|st_dig~1272      ; LCCOMB_X69_Y29_N6  ; 9       ; Clock enable ; no     ; --                   ; --               ; --                        ;
; alwaysud:alwaysud|alwaysud_solver:solver|st_dig~1273      ; LCCOMB_X71_Y28_N28 ; 9       ; Clock enable ; no     ; --                   ; --               ; --                        ;
; alwaysud:alwaysud|alwaysud_solver:solver|st_dig~1274      ; LCCOMB_X69_Y30_N14 ; 9       ; Clock enable ; no     ; --                   ; --               ; --                        ;
; alwaysud:alwaysud|alwaysud_solver:solver|st_dig~1275      ; LCCOMB_X70_Y30_N8  ; 9       ; Clock enable ; no     ; --                   ; --               ; --                        ;
; alwaysud:alwaysud|alwaysud_solver:solver|st_dig~1276      ; LCCOMB_X69_Y30_N0  ; 9       ; Clock enable ; no     ; --                   ; --               ; --                        ;
; alwaysud:alwaysud|alwaysud_solver:solver|st_dig~1277      ; LCCOMB_X71_Y30_N10 ; 9       ; Clock enable ; no     ; --                   ; --               ; --                        ;
; alwaysud:alwaysud|alwaysud_solver:solver|st_dig~1278      ; LCCOMB_X72_Y26_N8  ; 9       ; Clock enable ; no     ; --                   ; --               ; --                        ;
; alwaysud:alwaysud|alwaysud_solver:solver|st_dig~1279      ; LCCOMB_X71_Y26_N26 ; 9       ; Clock enable ; no     ; --                   ; --               ; --                        ;
; alwaysud:alwaysud|alwaysud_solver:solver|st_dig~1280      ; LCCOMB_X72_Y26_N6  ; 9       ; Clock enable ; no     ; --                   ; --               ; --                        ;
; alwaysud:alwaysud|alwaysud_solver:solver|st_dig~1281      ; LCCOMB_X74_Y28_N18 ; 9       ; Clock enable ; no     ; --                   ; --               ; --                        ;
; alwaysud:alwaysud|alwaysud_solver:solver|st_dig~1282      ; LCCOMB_X74_Y29_N0  ; 9       ; Clock enable ; no     ; --                   ; --               ; --                        ;
; alwaysud:alwaysud|alwaysud_solver:solver|st_dig~1283      ; LCCOMB_X76_Y32_N30 ; 9       ; Clock enable ; no     ; --                   ; --               ; --                        ;
; alwaysud:alwaysud|alwaysud_solver:solver|st_dig~1284      ; LCCOMB_X69_Y32_N30 ; 9       ; Clock enable ; no     ; --                   ; --               ; --                        ;
; alwaysud:alwaysud|alwaysud_solver:solver|st_dig~1285      ; LCCOMB_X72_Y31_N4  ; 9       ; Clock enable ; no     ; --                   ; --               ; --                        ;
; alwaysud:alwaysud|alwaysud_solver:solver|st_dig~1286      ; LCCOMB_X75_Y28_N22 ; 9       ; Clock enable ; no     ; --                   ; --               ; --                        ;
; alwaysud:alwaysud|alwaysud_solver:solver|st_dig~1287      ; LCCOMB_X71_Y28_N6  ; 9       ; Clock enable ; no     ; --                   ; --               ; --                        ;
; alwaysud:alwaysud|alwaysud_solver:solver|st_dig~1288      ; LCCOMB_X71_Y32_N30 ; 9       ; Clock enable ; no     ; --                   ; --               ; --                        ;
; alwaysud:alwaysud|alwaysud_solver:solver|st_dig~1289      ; LCCOMB_X74_Y28_N8  ; 9       ; Clock enable ; no     ; --                   ; --               ; --                        ;
; alwaysud:alwaysud|alwaysud_solver:solver|st_dig~1290      ; LCCOMB_X74_Y29_N18 ; 9       ; Clock enable ; no     ; --                   ; --               ; --                        ;
; alwaysud:alwaysud|alwaysud_solver:solver|st_dig~1291      ; LCCOMB_X76_Y33_N8  ; 9       ; Clock enable ; no     ; --                   ; --               ; --                        ;
; alwaysud:alwaysud|alwaysud_solver:solver|st_dig~1292      ; LCCOMB_X69_Y32_N4  ; 9       ; Clock enable ; no     ; --                   ; --               ; --                        ;
; alwaysud:alwaysud|alwaysud_solver:solver|st_dig~1293      ; LCCOMB_X72_Y31_N14 ; 9       ; Clock enable ; no     ; --                   ; --               ; --                        ;
; alwaysud:alwaysud|alwaysud_solver:solver|st_dig~1294      ; LCCOMB_X76_Y32_N8  ; 9       ; Clock enable ; no     ; --                   ; --               ; --                        ;
; alwaysud:alwaysud|alwaysud_solver:solver|st_dig~1295      ; LCCOMB_X71_Y32_N28 ; 9       ; Clock enable ; no     ; --                   ; --               ; --                        ;
; alwaysud:alwaysud|alwaysud_solver:solver|st_dig~1296      ; LCCOMB_X72_Y32_N4  ; 9       ; Clock enable ; no     ; --                   ; --               ; --                        ;
; alwaysud:alwaysud|alwaysud_solver:solver|st_dig~1297      ; LCCOMB_X74_Y28_N30 ; 9       ; Clock enable ; no     ; --                   ; --               ; --                        ;
; alwaysud:alwaysud|alwaysud_solver:solver|st_dig~1299      ; LCCOMB_X65_Y31_N30 ; 9       ; Clock enable ; no     ; --                   ; --               ; --                        ;
; alwaysud:alwaysud|alwaysud_solver:solver|st_dig~1302      ; LCCOMB_X63_Y29_N8  ; 9       ; Clock enable ; no     ; --                   ; --               ; --                        ;
; alwaysud:alwaysud|alwaysud_solver:solver|st_dig~1303      ; LCCOMB_X64_Y29_N4  ; 9       ; Clock enable ; no     ; --                   ; --               ; --                        ;
; alwaysud:alwaysud|alwaysud_solver:solver|st_dig~1304      ; LCCOMB_X63_Y29_N26 ; 9       ; Clock enable ; no     ; --                   ; --               ; --                        ;
; alwaysud:alwaysud|alwaysud_solver:solver|st_dig~1305      ; LCCOMB_X64_Y29_N14 ; 9       ; Clock enable ; no     ; --                   ; --               ; --                        ;
; alwaysud:alwaysud|alwaysud_solver:solver|st_dig~1307      ; LCCOMB_X65_Y31_N22 ; 9       ; Clock enable ; no     ; --                   ; --               ; --                        ;
; alwaysud:alwaysud|alwaysud_solver:solver|st_dig~1308      ; LCCOMB_X67_Y30_N16 ; 9       ; Clock enable ; no     ; --                   ; --               ; --                        ;
; alwaysud:alwaysud|alwaysud_solver:solver|st_dig~1309      ; LCCOMB_X65_Y31_N12 ; 9       ; Clock enable ; no     ; --                   ; --               ; --                        ;
; alwaysud:alwaysud|alwaysud_solver:solver|st_dig~1311      ; LCCOMB_X67_Y30_N26 ; 9       ; Clock enable ; no     ; --                   ; --               ; --                        ;
; alwaysud:alwaysud|alwaysud_solver:solver|st_dig~1312      ; LCCOMB_X66_Y30_N0  ; 9       ; Clock enable ; no     ; --                   ; --               ; --                        ;
; alwaysud:alwaysud|alwaysud_solver:solver|st_dig~1313      ; LCCOMB_X66_Y30_N6  ; 9       ; Clock enable ; no     ; --                   ; --               ; --                        ;
; alwaysud:alwaysud|alwaysud_solver:solver|st_dig~1314      ; LCCOMB_X66_Y30_N8  ; 9       ; Clock enable ; no     ; --                   ; --               ; --                        ;
; alwaysud:alwaysud|alwaysud_solver:solver|st_dig~1315      ; LCCOMB_X66_Y29_N2  ; 9       ; Clock enable ; no     ; --                   ; --               ; --                        ;
; alwaysud:alwaysud|alwaysud_solver:solver|st_dig~1316      ; LCCOMB_X67_Y26_N14 ; 9       ; Clock enable ; no     ; --                   ; --               ; --                        ;
; alwaysud:alwaysud|alwaysud_solver:solver|st_dig~1317      ; LCCOMB_X67_Y30_N0  ; 9       ; Clock enable ; no     ; --                   ; --               ; --                        ;
; alwaysud:alwaysud|alwaysud_solver:solver|st_dig~1318      ; LCCOMB_X67_Y30_N30 ; 9       ; Clock enable ; no     ; --                   ; --               ; --                        ;
; alwaysud:alwaysud|alwaysud_solver:solver|st_dig~1319      ; LCCOMB_X67_Y26_N20 ; 9       ; Clock enable ; no     ; --                   ; --               ; --                        ;
; alwaysud:alwaysud|alwaysud_solver:solver|state.BACK       ; FF_X74_Y41_N15     ; 886     ; Sync. load   ; no     ; --                   ; --               ; --                        ;
; alwaysud:alwaysud|alwaysud_solver:solver|used[0][4]~1052  ; LCCOMB_X72_Y25_N26 ; 9       ; Clock enable ; no     ; --                   ; --               ; --                        ;
; alwaysud:alwaysud|alwaysud_solver:solver|used[10][4]~1048 ; LCCOMB_X72_Y25_N24 ; 9       ; Clock enable ; no     ; --                   ; --               ; --                        ;
; alwaysud:alwaysud|alwaysud_solver:solver|used[11][8]~1050 ; LCCOMB_X72_Y25_N4  ; 9       ; Clock enable ; no     ; --                   ; --               ; --                        ;
; alwaysud:alwaysud|alwaysud_solver:solver|used[12][4]~536  ; LCCOMB_X69_Y24_N18 ; 9       ; Clock enable ; no     ; --                   ; --               ; --                        ;
; alwaysud:alwaysud|alwaysud_solver:solver|used[13][3]~561  ; LCCOMB_X69_Y24_N24 ; 9       ; Clock enable ; no     ; --                   ; --               ; --                        ;
; alwaysud:alwaysud|alwaysud_solver:solver|used[14][2]~558  ; LCCOMB_X47_Y25_N10 ; 9       ; Clock enable ; no     ; --                   ; --               ; --                        ;
; alwaysud:alwaysud|alwaysud_solver:solver|used[15][8]~564  ; LCCOMB_X60_Y15_N2  ; 9       ; Clock enable ; no     ; --                   ; --               ; --                        ;
; alwaysud:alwaysud|alwaysud_solver:solver|used[16][6]~573  ; LCCOMB_X66_Y25_N16 ; 9       ; Clock enable ; no     ; --                   ; --               ; --                        ;
; alwaysud:alwaysud|alwaysud_solver:solver|used[17][8]~570  ; LCCOMB_X66_Y25_N2  ; 9       ; Clock enable ; no     ; --                   ; --               ; --                        ;
; alwaysud:alwaysud|alwaysud_solver:solver|used[18][5]~996  ; LCCOMB_X69_Y25_N20 ; 9       ; Clock enable ; no     ; --                   ; --               ; --                        ;
; alwaysud:alwaysud|alwaysud_solver:solver|used[19][8]~585  ; LCCOMB_X70_Y24_N12 ; 9       ; Clock enable ; no     ; --                   ; --               ; --                        ;
; alwaysud:alwaysud|alwaysud_solver:solver|used[1][1]~590   ; LCCOMB_X69_Y23_N28 ; 9       ; Clock enable ; no     ; --                   ; --               ; --                        ;
; alwaysud:alwaysud|alwaysud_solver:solver|used[20][8]~1031 ; LCCOMB_X74_Y18_N26 ; 9       ; Clock enable ; no     ; --                   ; --               ; --                        ;
; alwaysud:alwaysud|alwaysud_solver:solver|used[21][4]~973  ; LCCOMB_X43_Y21_N10 ; 9       ; Clock enable ; no     ; --                   ; --               ; --                        ;
; alwaysud:alwaysud|alwaysud_solver:solver|used[22][0]~576  ; LCCOMB_X46_Y25_N8  ; 9       ; Clock enable ; no     ; --                   ; --               ; --                        ;
; alwaysud:alwaysud|alwaysud_solver:solver|used[23][0]~992  ; LCCOMB_X69_Y23_N30 ; 9       ; Clock enable ; no     ; --                   ; --               ; --                        ;
; alwaysud:alwaysud|alwaysud_solver:solver|used[24][6]~549  ; LCCOMB_X47_Y31_N24 ; 9       ; Clock enable ; no     ; --                   ; --               ; --                        ;
; alwaysud:alwaysud|alwaysud_solver:solver|used[25][5]~543  ; LCCOMB_X44_Y33_N24 ; 9       ; Clock enable ; no     ; --                   ; --               ; --                        ;
; alwaysud:alwaysud|alwaysud_solver:solver|used[26][3]~567  ; LCCOMB_X69_Y25_N2  ; 9       ; Clock enable ; no     ; --                   ; --               ; --                        ;
; alwaysud:alwaysud|alwaysud_solver:solver|used[2][2]~582   ; LCCOMB_X70_Y24_N30 ; 9       ; Clock enable ; no     ; --                   ; --               ; --                        ;
; alwaysud:alwaysud|alwaysud_solver:solver|used[3][6]~579   ; LCCOMB_X47_Y25_N24 ; 9       ; Clock enable ; no     ; --                   ; --               ; --                        ;
; alwaysud:alwaysud|alwaysud_solver:solver|used[4][0]~596   ; LCCOMB_X47_Y25_N14 ; 9       ; Clock enable ; no     ; --                   ; --               ; --                        ;
; alwaysud:alwaysud|alwaysud_solver:solver|used[5][1]~593   ; LCCOMB_X43_Y24_N0  ; 9       ; Clock enable ; no     ; --                   ; --               ; --                        ;
; alwaysud:alwaysud|alwaysud_solver:solver|used[6][4]~602   ; LCCOMB_X47_Y31_N2  ; 9       ; Clock enable ; no     ; --                   ; --               ; --                        ;
; alwaysud:alwaysud|alwaysud_solver:solver|used[7][2]~599   ; LCCOMB_X46_Y25_N2  ; 9       ; Clock enable ; no     ; --                   ; --               ; --                        ;
; alwaysud:alwaysud|alwaysud_solver:solver|used[8][2]~539   ; LCCOMB_X42_Y25_N24 ; 9       ; Clock enable ; no     ; --                   ; --               ; --                        ;
; alwaysud:alwaysud|alwaysud_solver:solver|used[9][4]~1049  ; LCCOMB_X72_Y25_N30 ; 9       ; Clock enable ; no     ; --                   ; --               ; --                        ;
; alwaysud:alwaysud|board[0][0][0]~1                        ; LCCOMB_X35_Y12_N30 ; 4       ; Clock enable ; no     ; --                   ; --               ; --                        ;
; alwaysud:alwaysud|board[0][1][3]~1                        ; LCCOMB_X31_Y7_N8   ; 4       ; Clock enable ; no     ; --                   ; --               ; --                        ;
; alwaysud:alwaysud|board[0][2][3]~0                        ; LCCOMB_X32_Y12_N0  ; 4       ; Clock enable ; no     ; --                   ; --               ; --                        ;
; alwaysud:alwaysud|board[0][3][3]~3                        ; LCCOMB_X31_Y5_N22  ; 4       ; Clock enable ; no     ; --                   ; --               ; --                        ;
; alwaysud:alwaysud|board[0][4][3]~2                        ; LCCOMB_X35_Y9_N30  ; 4       ; Clock enable ; no     ; --                   ; --               ; --                        ;
; alwaysud:alwaysud|board[0][5][3]~4                        ; LCCOMB_X31_Y7_N26  ; 4       ; Clock enable ; no     ; --                   ; --               ; --                        ;
; alwaysud:alwaysud|board[0][6][3]~5                        ; LCCOMB_X31_Y7_N12  ; 4       ; Clock enable ; no     ; --                   ; --               ; --                        ;
; alwaysud:alwaysud|board[0][7][0]~0                        ; LCCOMB_X32_Y10_N24 ; 24      ; Sync. load   ; no     ; --                   ; --               ; --                        ;
; alwaysud:alwaysud|board[0][7][3]~0                        ; LCCOMB_X34_Y6_N22  ; 4       ; Clock enable ; no     ; --                   ; --               ; --                        ;
; alwaysud:alwaysud|board[0][8][3]~0                        ; LCCOMB_X32_Y10_N18 ; 4       ; Clock enable ; no     ; --                   ; --               ; --                        ;
; alwaysud:alwaysud|board[1][0][3]~0                        ; LCCOMB_X29_Y7_N2   ; 4       ; Clock enable ; no     ; --                   ; --               ; --                        ;
; alwaysud:alwaysud|board[1][1][3]~1                        ; LCCOMB_X32_Y10_N12 ; 4       ; Clock enable ; no     ; --                   ; --               ; --                        ;
; alwaysud:alwaysud|board[1][2][3]~0                        ; LCCOMB_X35_Y9_N16  ; 4       ; Clock enable ; no     ; --                   ; --               ; --                        ;
; alwaysud:alwaysud|board[1][3][3]~1                        ; LCCOMB_X31_Y6_N18  ; 4       ; Clock enable ; no     ; --                   ; --               ; --                        ;
; alwaysud:alwaysud|board[1][4][3]~1                        ; LCCOMB_X29_Y7_N28  ; 4       ; Clock enable ; no     ; --                   ; --               ; --                        ;
; alwaysud:alwaysud|board[1][5][3]~0                        ; LCCOMB_X32_Y10_N30 ; 4       ; Clock enable ; no     ; --                   ; --               ; --                        ;
; alwaysud:alwaysud|board[1][6][3]~0                        ; LCCOMB_X35_Y7_N20  ; 4       ; Clock enable ; no     ; --                   ; --               ; --                        ;
; alwaysud:alwaysud|board[1][7][3]~0                        ; LCCOMB_X34_Y11_N10 ; 4       ; Clock enable ; no     ; --                   ; --               ; --                        ;
; alwaysud:alwaysud|board[1][8][3]~1                        ; LCCOMB_X31_Y7_N14  ; 4       ; Clock enable ; no     ; --                   ; --               ; --                        ;
; alwaysud:alwaysud|board[2][0][3]~1                        ; LCCOMB_X32_Y12_N22 ; 4       ; Clock enable ; no     ; --                   ; --               ; --                        ;
; alwaysud:alwaysud|board[2][1][3]~3                        ; LCCOMB_X36_Y5_N18  ; 4       ; Clock enable ; no     ; --                   ; --               ; --                        ;
; alwaysud:alwaysud|board[2][2][3]~1                        ; LCCOMB_X31_Y10_N26 ; 4       ; Clock enable ; no     ; --                   ; --               ; --                        ;
; alwaysud:alwaysud|board[2][3][3]~1                        ; LCCOMB_X30_Y9_N26  ; 4       ; Clock enable ; no     ; --                   ; --               ; --                        ;
; alwaysud:alwaysud|board[2][4][3]~0                        ; LCCOMB_X34_Y11_N16 ; 4       ; Clock enable ; no     ; --                   ; --               ; --                        ;
; alwaysud:alwaysud|board[2][5][3]~0                        ; LCCOMB_X32_Y10_N0  ; 4       ; Clock enable ; no     ; --                   ; --               ; --                        ;
; alwaysud:alwaysud|board[2][6][3]~3                        ; LCCOMB_X31_Y7_N30  ; 4       ; Clock enable ; no     ; --                   ; --               ; --                        ;
; alwaysud:alwaysud|board[2][7][3]~1                        ; LCCOMB_X31_Y7_N20  ; 4       ; Clock enable ; no     ; --                   ; --               ; --                        ;
; alwaysud:alwaysud|board[2][8][3]~2                        ; LCCOMB_X31_Y7_N16  ; 4       ; Clock enable ; no     ; --                   ; --               ; --                        ;
; alwaysud:alwaysud|board[3][0][3]~3                        ; LCCOMB_X36_Y5_N16  ; 4       ; Clock enable ; no     ; --                   ; --               ; --                        ;
; alwaysud:alwaysud|board[3][1][3]~1                        ; LCCOMB_X31_Y12_N8  ; 4       ; Clock enable ; no     ; --                   ; --               ; --                        ;
; alwaysud:alwaysud|board[3][2][3]~0                        ; LCCOMB_X29_Y12_N28 ; 4       ; Clock enable ; no     ; --                   ; --               ; --                        ;
; alwaysud:alwaysud|board[3][3][3]~0                        ; LCCOMB_X32_Y14_N22 ; 4       ; Clock enable ; no     ; --                   ; --               ; --                        ;
; alwaysud:alwaysud|board[3][4][3]~0                        ; LCCOMB_X27_Y10_N26 ; 25      ; Clock enable ; no     ; --                   ; --               ; --                        ;
; alwaysud:alwaysud|board[3][5][3]~0                        ; LCCOMB_X32_Y11_N28 ; 4       ; Clock enable ; no     ; --                   ; --               ; --                        ;
; alwaysud:alwaysud|board[3][6][3]~0                        ; LCCOMB_X27_Y11_N30 ; 4       ; Clock enable ; no     ; --                   ; --               ; --                        ;
; alwaysud:alwaysud|board[3][7][3]~0                        ; LCCOMB_X35_Y9_N26  ; 4       ; Clock enable ; no     ; --                   ; --               ; --                        ;
; alwaysud:alwaysud|board[3][8][3]~0                        ; LCCOMB_X32_Y10_N8  ; 4       ; Clock enable ; no     ; --                   ; --               ; --                        ;
; alwaysud:alwaysud|board[4][0][3]~1                        ; LCCOMB_X31_Y12_N16 ; 4       ; Clock enable ; no     ; --                   ; --               ; --                        ;
; alwaysud:alwaysud|board[4][1][3]~0                        ; LCCOMB_X30_Y9_N28  ; 4       ; Clock enable ; no     ; --                   ; --               ; --                        ;
; alwaysud:alwaysud|board[4][2][3]~2                        ; LCCOMB_X34_Y11_N0  ; 4       ; Clock enable ; no     ; --                   ; --               ; --                        ;
; alwaysud:alwaysud|board[4][3][3]~1                        ; LCCOMB_X35_Y9_N0   ; 4       ; Clock enable ; no     ; --                   ; --               ; --                        ;
; alwaysud:alwaysud|board[4][4][3]~0                        ; LCCOMB_X31_Y14_N12 ; 4       ; Clock enable ; no     ; --                   ; --               ; --                        ;
; alwaysud:alwaysud|board[4][5][3]~0                        ; LCCOMB_X27_Y10_N12 ; 4       ; Clock enable ; no     ; --                   ; --               ; --                        ;
; alwaysud:alwaysud|board[4][6][3]~1                        ; LCCOMB_X32_Y11_N2  ; 4       ; Clock enable ; no     ; --                   ; --               ; --                        ;
; alwaysud:alwaysud|board[4][7][3]~0                        ; LCCOMB_X35_Y9_N6   ; 4       ; Clock enable ; no     ; --                   ; --               ; --                        ;
; alwaysud:alwaysud|board[4][8][3]~0                        ; LCCOMB_X31_Y13_N24 ; 4       ; Clock enable ; no     ; --                   ; --               ; --                        ;
; alwaysud:alwaysud|board[5][0][3]~0                        ; LCCOMB_X29_Y12_N30 ; 4       ; Clock enable ; no     ; --                   ; --               ; --                        ;
; alwaysud:alwaysud|board[5][1][3]~2                        ; LCCOMB_X32_Y14_N18 ; 4       ; Clock enable ; no     ; --                   ; --               ; --                        ;
; alwaysud:alwaysud|board[5][2][3]~0                        ; LCCOMB_X32_Y10_N16 ; 4       ; Clock enable ; no     ; --                   ; --               ; --                        ;
; alwaysud:alwaysud|board[5][3][3]~0                        ; LCCOMB_X32_Y11_N20 ; 4       ; Clock enable ; no     ; --                   ; --               ; --                        ;
; alwaysud:alwaysud|board[5][4][3]~0                        ; LCCOMB_X27_Y11_N26 ; 4       ; Clock enable ; no     ; --                   ; --               ; --                        ;
; alwaysud:alwaysud|board[5][5][3]~1                        ; LCCOMB_X31_Y9_N22  ; 4       ; Clock enable ; no     ; --                   ; --               ; --                        ;
; alwaysud:alwaysud|board[5][6][3]~0                        ; LCCOMB_X32_Y10_N28 ; 4       ; Clock enable ; no     ; --                   ; --               ; --                        ;
; alwaysud:alwaysud|board[5][7][3]~1                        ; LCCOMB_X31_Y12_N2  ; 4       ; Clock enable ; no     ; --                   ; --               ; --                        ;
; alwaysud:alwaysud|board[5][8][3]~1                        ; LCCOMB_X30_Y9_N12  ; 4       ; Clock enable ; no     ; --                   ; --               ; --                        ;
; alwaysud:alwaysud|board[6][0][3]~0                        ; LCCOMB_X32_Y11_N6  ; 4       ; Clock enable ; no     ; --                   ; --               ; --                        ;
; alwaysud:alwaysud|board[6][1][3]~1                        ; LCCOMB_X31_Y9_N26  ; 4       ; Clock enable ; no     ; --                   ; --               ; --                        ;
; alwaysud:alwaysud|board[6][2][0]~2                        ; LCCOMB_X27_Y10_N8  ; 28      ; Sync. load   ; no     ; --                   ; --               ; --                        ;
; alwaysud:alwaysud|board[6][2][0]~3                        ; LCCOMB_X29_Y10_N8  ; 4       ; Sync. load   ; no     ; --                   ; --               ; --                        ;
; alwaysud:alwaysud|board[6][2][3]~1                        ; LCCOMB_X29_Y10_N28 ; 4       ; Clock enable ; no     ; --                   ; --               ; --                        ;
; alwaysud:alwaysud|board[6][3][1]~1                        ; LCCOMB_X26_Y9_N28  ; 4       ; Sync. load   ; no     ; --                   ; --               ; --                        ;
; alwaysud:alwaysud|board[6][3][3]~1                        ; LCCOMB_X27_Y10_N16 ; 4       ; Clock enable ; no     ; --                   ; --               ; --                        ;
; alwaysud:alwaysud|board[6][4][3]~2                        ; LCCOMB_X31_Y9_N6   ; 4       ; Clock enable ; no     ; --                   ; --               ; --                        ;
; alwaysud:alwaysud|board[6][5][3]~0                        ; LCCOMB_X31_Y9_N30  ; 4       ; Clock enable ; no     ; --                   ; --               ; --                        ;
; alwaysud:alwaysud|board[6][6][3]~0                        ; LCCOMB_X31_Y13_N26 ; 4       ; Clock enable ; no     ; --                   ; --               ; --                        ;
; alwaysud:alwaysud|board[6][7][3]~1                        ; LCCOMB_X29_Y12_N20 ; 4       ; Clock enable ; no     ; --                   ; --               ; --                        ;
; alwaysud:alwaysud|board[6][8][3]~2                        ; LCCOMB_X32_Y14_N20 ; 4       ; Clock enable ; no     ; --                   ; --               ; --                        ;
; alwaysud:alwaysud|board[7][0][3]~0                        ; LCCOMB_X35_Y9_N8   ; 4       ; Clock enable ; no     ; --                   ; --               ; --                        ;
; alwaysud:alwaysud|board[7][1][3]~1                        ; LCCOMB_X35_Y10_N30 ; 4       ; Clock enable ; no     ; --                   ; --               ; --                        ;
; alwaysud:alwaysud|board[7][2][3]~0                        ; LCCOMB_X27_Y11_N18 ; 4       ; Clock enable ; no     ; --                   ; --               ; --                        ;
; alwaysud:alwaysud|board[7][3][3]~0                        ; LCCOMB_X35_Y9_N2   ; 4       ; Clock enable ; no     ; --                   ; --               ; --                        ;
; alwaysud:alwaysud|board[7][4][3]~0                        ; LCCOMB_X35_Y7_N28  ; 4       ; Clock enable ; no     ; --                   ; --               ; --                        ;
; alwaysud:alwaysud|board[7][5][3]~0                        ; LCCOMB_X31_Y9_N10  ; 4       ; Clock enable ; no     ; --                   ; --               ; --                        ;
; alwaysud:alwaysud|board[7][6][3]~0                        ; LCCOMB_X31_Y7_N4   ; 4       ; Clock enable ; no     ; --                   ; --               ; --                        ;
; alwaysud:alwaysud|board[7][7][3]~0                        ; LCCOMB_X31_Y7_N0   ; 4       ; Clock enable ; no     ; --                   ; --               ; --                        ;
; alwaysud:alwaysud|board[7][8][3]~1                        ; LCCOMB_X34_Y6_N28  ; 4       ; Clock enable ; no     ; --                   ; --               ; --                        ;
; alwaysud:alwaysud|board[8][0][3]~3                        ; LCCOMB_X31_Y14_N30 ; 4       ; Clock enable ; no     ; --                   ; --               ; --                        ;
; alwaysud:alwaysud|board[8][1][1]~1                        ; LCCOMB_X27_Y10_N14 ; 20      ; Sync. load   ; no     ; --                   ; --               ; --                        ;
; alwaysud:alwaysud|board[8][1][3]~1                        ; LCCOMB_X27_Y10_N28 ; 4       ; Clock enable ; no     ; --                   ; --               ; --                        ;
; alwaysud:alwaysud|board[8][2][3]~1                        ; LCCOMB_X31_Y12_N6  ; 4       ; Clock enable ; no     ; --                   ; --               ; --                        ;
; alwaysud:alwaysud|board[8][3][3]~0                        ; LCCOMB_X35_Y9_N24  ; 4       ; Clock enable ; no     ; --                   ; --               ; --                        ;
; alwaysud:alwaysud|board[8][4][3]~1                        ; LCCOMB_X31_Y12_N24 ; 4       ; Clock enable ; no     ; --                   ; --               ; --                        ;
; alwaysud:alwaysud|board[8][5][3]~1                        ; LCCOMB_X29_Y12_N18 ; 4       ; Clock enable ; no     ; --                   ; --               ; --                        ;
; alwaysud:alwaysud|board[8][6][3]~1                        ; LCCOMB_X32_Y14_N16 ; 4       ; Clock enable ; no     ; --                   ; --               ; --                        ;
; alwaysud:alwaysud|board[8][7][3]~0                        ; LCCOMB_X32_Y10_N6  ; 4       ; Clock enable ; no     ; --                   ; --               ; --                        ;
; alwaysud:alwaysud|board[8][8][3]~3                        ; LCCOMB_X34_Y11_N14 ; 4       ; Clock enable ; no     ; --                   ; --               ; --                        ;
; alwaysud:alwaysud|loaded_start_idx[2]                     ; FF_X24_Y8_N7       ; 172     ; Sync. load   ; no     ; --                   ; --               ; --                        ;
; alwaysud:alwaysud|loaded_start_idx[3]                     ; FF_X24_Y8_N9       ; 153     ; Sync. load   ; no     ; --                   ; --               ; --                        ;
; alwaysud:alwaysud|loaded_start_idx[4]                     ; FF_X24_Y8_N11      ; 169     ; Sync. load   ; no     ; --                   ; --               ; --                        ;
; alwaysud:alwaysud|loaded_start_idx[5]                     ; FF_X24_Y8_N13      ; 220     ; Sync. load   ; no     ; --                   ; --               ; --                        ;
; alwaysud:alwaysud|mem_intf_read.mem_req~0                 ; LCCOMB_X24_Y28_N20 ; 15      ; Clock enable ; no     ; --                   ; --               ; --                        ;
; alwaysud:alwaysud|mem_intf_write.mem_req~0                ; LCCOMB_X22_Y24_N30 ; 43      ; Clock enable ; no     ; --                   ; --               ; --                        ;
; clk                                                       ; PIN_M8             ; 2907    ; Clock        ; yes    ; Global Clock         ; GCLK3            ; --                        ;
; rst_n                                                     ; PIN_M9             ; 1530    ; Async. clear ; yes    ; Global Clock         ; GCLK4            ; --                        ;
; sel_xmem                                                  ; PIN_A3             ; 16      ; Sync. load   ; no     ; --                   ; --               ; --                        ;
+-----------------------------------------------------------+--------------------+---------+--------------+--------+----------------------+------------------+---------------------------+


+-----------------------------------------------------------------------------------------------------------------------------------------+
; Global & Other Fast Signals                                                                                                             ;
+-------+----------+---------+--------------------------------------+----------------------+------------------+---------------------------+
; Name  ; Location ; Fan-Out ; Fan-Out Using Intentional Clock Skew ; Global Resource Used ; Global Line Name ; Enable Signal Source Name ;
+-------+----------+---------+--------------------------------------+----------------------+------------------+---------------------------+
; clk   ; PIN_M8   ; 2907    ; 858                                  ; Global Clock         ; GCLK3            ; --                        ;
; rst_n ; PIN_M9   ; 1530    ; 0                                    ; Global Clock         ; GCLK4            ; --                        ;
+-------+----------+---------+--------------------------------------+----------------------+------------------+---------------------------+


+---------------------------------------------------------------+
; Non-Global High Fan-Out Signals                               ;
+-----------------------------------------------------+---------+
; Name                                                ; Fan-Out ;
+-----------------------------------------------------+---------+
; alwaysud:alwaysud|alwaysud_solver:solver|state.STEP ; 1237    ;
; alwaysud:alwaysud|alwaysud_solver:solver|state.BACK ; 886     ;
; alwaysud:alwaysud|alwaysud_solver:solver|WideOr83   ; 721     ;
; alwaysud:alwaysud|next_store_start_idx[0]~0         ; 627     ;
; alwaysud:alwaysud|next_store_start_idx[1]~2         ; 516     ;
+-----------------------------------------------------+---------+


+---------------------------------------------------+
; Routing Usage Summary                             ;
+-----------------------+---------------------------+
; Routing Resource Type ; Usage                     ;
+-----------------------+---------------------------+
; Block interconnects   ; 42,672 / 148,641 ( 29 % ) ;
; C16 interconnects     ; 2,031 / 5,382 ( 38 % )    ;
; C4 interconnects      ; 40,963 / 106,704 ( 38 % ) ;
; Direct links          ; 3,348 / 148,641 ( 2 % )   ;
; Global clocks         ; 2 / 20 ( 10 % )           ;
; Local interconnects   ; 13,640 / 49,760 ( 27 % )  ;
; NSLEEPs               ; 0 / 500 ( 0 % )           ;
; R24 interconnects     ; 2,167 / 5,406 ( 40 % )    ;
; R4 interconnects      ; 52,346 / 147,764 ( 35 % ) ;
+-----------------------+---------------------------+


+------------------------------------------------------------------------------+
; LAB Logic Elements                                                           ;
+---------------------------------------------+--------------------------------+
; Number of Logic Elements  (Average = 13.84) ; Number of LABs  (Total = 1762) ;
+---------------------------------------------+--------------------------------+
; 1                                           ; 53                             ;
; 2                                           ; 25                             ;
; 3                                           ; 19                             ;
; 4                                           ; 13                             ;
; 5                                           ; 18                             ;
; 6                                           ; 26                             ;
; 7                                           ; 18                             ;
; 8                                           ; 20                             ;
; 9                                           ; 22                             ;
; 10                                          ; 34                             ;
; 11                                          ; 35                             ;
; 12                                          ; 60                             ;
; 13                                          ; 94                             ;
; 14                                          ; 116                            ;
; 15                                          ; 193                            ;
; 16                                          ; 1016                           ;
+---------------------------------------------+--------------------------------+


+---------------------------------------------------------------------+
; LAB-wide Signals                                                    ;
+------------------------------------+--------------------------------+
; LAB-wide Signals  (Average = 0.77) ; Number of LABs  (Total = 1762) ;
+------------------------------------+--------------------------------+
; 1 Async. clear                     ; 338                            ;
; 1 Clock                            ; 488                            ;
; 1 Clock enable                     ; 179                            ;
; 1 Sync. load                       ; 182                            ;
; 2 Clock enables                    ; 177                            ;
+------------------------------------+--------------------------------+


+-------------------------------------------------------------------------------+
; LAB Signals Sourced                                                           ;
+----------------------------------------------+--------------------------------+
; Number of Signals Sourced  (Average = 15.49) ; Number of LABs  (Total = 1762) ;
+----------------------------------------------+--------------------------------+
; 0                                            ; 0                              ;
; 1                                            ; 46                             ;
; 2                                            ; 27                             ;
; 3                                            ; 12                             ;
; 4                                            ; 15                             ;
; 5                                            ; 10                             ;
; 6                                            ; 25                             ;
; 7                                            ; 15                             ;
; 8                                            ; 21                             ;
; 9                                            ; 24                             ;
; 10                                           ; 31                             ;
; 11                                           ; 33                             ;
; 12                                           ; 57                             ;
; 13                                           ; 75                             ;
; 14                                           ; 98                             ;
; 15                                           ; 173                            ;
; 16                                           ; 714                            ;
; 17                                           ; 44                             ;
; 18                                           ; 77                             ;
; 19                                           ; 15                             ;
; 20                                           ; 35                             ;
; 21                                           ; 13                             ;
; 22                                           ; 16                             ;
; 23                                           ; 19                             ;
; 24                                           ; 46                             ;
; 25                                           ; 48                             ;
; 26                                           ; 4                              ;
; 27                                           ; 9                              ;
; 28                                           ; 1                              ;
; 29                                           ; 9                              ;
; 30                                           ; 11                             ;
; 31                                           ; 22                             ;
; 32                                           ; 17                             ;
+----------------------------------------------+--------------------------------+


+----------------------------------------------------------------------------------+
; LAB Signals Sourced Out                                                          ;
+-------------------------------------------------+--------------------------------+
; Number of Signals Sourced Out  (Average = 8.70) ; Number of LABs  (Total = 1762) ;
+-------------------------------------------------+--------------------------------+
; 0                                               ; 0                              ;
; 1                                               ; 84                             ;
; 2                                               ; 82                             ;
; 3                                               ; 77                             ;
; 4                                               ; 101                            ;
; 5                                               ; 116                            ;
; 6                                               ; 101                            ;
; 7                                               ; 122                            ;
; 8                                               ; 149                            ;
; 9                                               ; 155                            ;
; 10                                              ; 151                            ;
; 11                                              ; 122                            ;
; 12                                              ; 132                            ;
; 13                                              ; 103                            ;
; 14                                              ; 99                             ;
; 15                                              ; 77                             ;
; 16                                              ; 81                             ;
; 17                                              ; 0                              ;
; 18                                              ; 3                              ;
; 19                                              ; 4                              ;
; 20                                              ; 0                              ;
; 21                                              ; 1                              ;
; 22                                              ; 0                              ;
; 23                                              ; 0                              ;
; 24                                              ; 1                              ;
; 25                                              ; 0                              ;
; 26                                              ; 0                              ;
; 27                                              ; 0                              ;
; 28                                              ; 0                              ;
; 29                                              ; 0                              ;
; 30                                              ; 0                              ;
; 31                                              ; 0                              ;
; 32                                              ; 1                              ;
+-------------------------------------------------+--------------------------------+


+-------------------------------------------------------------------------------+
; LAB Distinct Inputs                                                           ;
+----------------------------------------------+--------------------------------+
; Number of Distinct Inputs  (Average = 22.84) ; Number of LABs  (Total = 1762) ;
+----------------------------------------------+--------------------------------+
; 0                                            ; 0                              ;
; 1                                            ; 0                              ;
; 2                                            ; 2                              ;
; 3                                            ; 12                             ;
; 4                                            ; 46                             ;
; 5                                            ; 10                             ;
; 6                                            ; 21                             ;
; 7                                            ; 19                             ;
; 8                                            ; 13                             ;
; 9                                            ; 22                             ;
; 10                                           ; 24                             ;
; 11                                           ; 27                             ;
; 12                                           ; 30                             ;
; 13                                           ; 35                             ;
; 14                                           ; 40                             ;
; 15                                           ; 38                             ;
; 16                                           ; 59                             ;
; 17                                           ; 50                             ;
; 18                                           ; 52                             ;
; 19                                           ; 60                             ;
; 20                                           ; 86                             ;
; 21                                           ; 67                             ;
; 22                                           ; 112                            ;
; 23                                           ; 83                             ;
; 24                                           ; 60                             ;
; 25                                           ; 98                             ;
; 26                                           ; 70                             ;
; 27                                           ; 62                             ;
; 28                                           ; 61                             ;
; 29                                           ; 66                             ;
; 30                                           ; 73                             ;
; 31                                           ; 49                             ;
; 32                                           ; 50                             ;
; 33                                           ; 56                             ;
; 34                                           ; 49                             ;
; 35                                           ; 62                             ;
; 36                                           ; 72                             ;
; 37                                           ; 14                             ;
; 38                                           ; 12                             ;
+----------------------------------------------+--------------------------------+


+------------------------------------------+
; I/O Rules Summary                        ;
+----------------------------------+-------+
; I/O Rules Statistic              ; Total ;
+----------------------------------+-------+
; Total I/O Rules                  ; 30    ;
; Number of I/O Rules Passed       ; 9     ;
; Number of I/O Rules Failed       ; 0     ;
; Number of I/O Rules Unchecked    ; 0     ;
; Number of I/O Rules Inapplicable ; 21    ;
+----------------------------------+-------+


+-----------------------------------------------------------------------------------------------------------------------------------------------------------------------------------------------------------------------------------------------------------------------------------------------------+
; I/O Rules Details                                                                                                                                                                                                                                                                                   ;
+--------------+-----------+-----------------------------------+------------------------------------------------------------------------------------------------------+----------+--------------------------------------------------------------------------+---------------------+-------------------+
; Status       ; ID        ; Category                          ; Rule Description                                                                                     ; Severity ; Information                                                              ; Area                ; Extra Information ;
+--------------+-----------+-----------------------------------+------------------------------------------------------------------------------------------------------+----------+--------------------------------------------------------------------------+---------------------+-------------------+
; Inapplicable ; IO_000002 ; Capacity Checks                   ; Number of clocks in an I/O bank should not exceed the number of clocks available.                    ; Critical ; No Global Signal assignments found.                                      ; I/O                 ;                   ;
; Inapplicable ; IO_000001 ; Capacity Checks                   ; Number of pins in an I/O bank should not exceed the number of locations available.                   ; Critical ; No Location assignments found.                                           ; I/O                 ;                   ;
; Inapplicable ; IO_000003 ; Capacity Checks                   ; Number of pins in a Vrefgroup should not exceed the number of locations available.                   ; Critical ; No Location assignments found.                                           ; I/O                 ;                   ;
; Inapplicable ; IO_000004 ; Voltage Compatibility Checks      ; The I/O bank should support the requested VCCIO.                                                     ; Critical ; No IOBANK_VCCIO assignments found.                                       ; I/O                 ;                   ;
; Inapplicable ; IO_000005 ; Voltage Compatibility Checks      ; The I/O bank should not have competing VREF values.                                                  ; Critical ; No VREF I/O Standard assignments found.                                  ; I/O                 ;                   ;
; Pass         ; IO_000006 ; Voltage Compatibility Checks      ; The I/O bank should not have competing VCCIO values.                                                 ; Critical ; 0 such failures found.                                                   ; I/O                 ;                   ;
; Inapplicable ; IO_000007 ; Valid Location Checks             ; Checks for unavailable locations.                                                                    ; Critical ; No Location assignments found.                                           ; I/O                 ;                   ;
; Inapplicable ; IO_000008 ; Valid Location Checks             ; Checks for reserved locations.                                                                       ; Critical ; No reserved LogicLock region found.                                      ; I/O                 ;                   ;
; Inapplicable ; IO_000047 ; I/O Properties Checks for One I/O ; On Chip Termination and Slew Rate should not be used at the same time.                               ; Critical ; No Slew Rate assignments found.                                          ; I/O                 ;                   ;
; Inapplicable ; IO_000046 ; I/O Properties Checks for One I/O ; The location should support the requested Slew Rate value.                                           ; Critical ; No Slew Rate assignments found.                                          ; I/O                 ;                   ;
; Inapplicable ; IO_000045 ; I/O Properties Checks for One I/O ; The I/O standard should support the requested Slew Rate value.                                       ; Critical ; No Slew Rate assignments found.                                          ; I/O                 ;                   ;
; Inapplicable ; IO_000027 ; I/O Properties Checks for One I/O ; Weak Pull Up and Bus Hold should not be used at the same time.                                       ; Critical ; No Enable Bus-Hold Circuitry or Weak Pull-Up Resistor assignments found. ; I/O                 ;                   ;
; Inapplicable ; IO_000026 ; I/O Properties Checks for One I/O ; On Chip Termination and Current Strength should not be used at the same time.                        ; Critical ; No Current Strength assignments found.                                   ; I/O                 ;                   ;
; Pass         ; IO_000024 ; I/O Properties Checks for One I/O ; The I/O direction should support the On Chip Termination value.                                      ; Critical ; 0 such failures found.                                                   ; I/O                 ;                   ;
; Inapplicable ; IO_000023 ; I/O Properties Checks for One I/O ; The I/O standard should support the Open Drain value.                                                ; Critical ; No open drain assignments found.                                         ; I/O                 ;                   ;
; Inapplicable ; IO_000022 ; I/O Properties Checks for One I/O ; The I/O standard should support the requested Bus Hold value.                                        ; Critical ; No Enable Bus-Hold Circuitry assignments found.                          ; I/O                 ;                   ;
; Inapplicable ; IO_000021 ; I/O Properties Checks for One I/O ; The I/O standard should support the requested Weak Pull Up value.                                    ; Critical ; No Weak Pull-Up Resistor assignments found.                              ; I/O                 ;                   ;
; Pass         ; IO_000020 ; I/O Properties Checks for One I/O ; The I/O standard should support the requested PCI Clamp Diode.                                       ; Critical ; 0 such failures found.                                                   ; I/O                 ;                   ;
; Pass         ; IO_000019 ; I/O Properties Checks for One I/O ; The I/O standard should support the requested On Chip Termination value.                             ; Critical ; 0 such failures found.                                                   ; I/O                 ;                   ;
; Inapplicable ; IO_000018 ; I/O Properties Checks for One I/O ; The I/O standard should support the requested Current Strength.                                      ; Critical ; No Current Strength assignments found.                                   ; I/O                 ;                   ;
; Pass         ; IO_000015 ; I/O Properties Checks for One I/O ; The location should support the requested PCI Clamp Diode.                                           ; Critical ; 0 such failures found.                                                   ; I/O                 ;                   ;
; Inapplicable ; IO_000014 ; I/O Properties Checks for One I/O ; The location should support the requested Weak Pull Up value.                                        ; Critical ; No Weak Pull-Up Resistor assignments found.                              ; I/O                 ;                   ;
; Inapplicable ; IO_000013 ; I/O Properties Checks for One I/O ; The location should support the requested Bus Hold value.                                            ; Critical ; No Enable Bus-Hold Circuitry assignments found.                          ; I/O                 ;                   ;
; Pass         ; IO_000012 ; I/O Properties Checks for One I/O ; The location should support the requested On Chip Termination value.                                 ; Critical ; 0 such failures found.                                                   ; I/O                 ;                   ;
; Inapplicable ; IO_000011 ; I/O Properties Checks for One I/O ; The location should support the requested Current Strength.                                          ; Critical ; No Current Strength assignments found.                                   ; I/O                 ;                   ;
; Pass         ; IO_000010 ; I/O Properties Checks for One I/O ; The location should support the requested I/O direction.                                             ; Critical ; 0 such failures found.                                                   ; I/O                 ;                   ;
; Pass         ; IO_000009 ; I/O Properties Checks for One I/O ; The location should support the requested I/O standard.                                              ; Critical ; 0 such failures found.                                                   ; I/O                 ;                   ;
; Pass         ; IO_000033 ; Electromigration Checks           ; Current density for consecutive I/Os should not exceed 160mA for row I/Os and 160mA for column I/Os. ; Critical ; 0 such failures found.                                                   ; I/O                 ;                   ;
; Inapplicable ; IO_000034 ; SI Related Distance Checks        ; Single-ended outputs should be 5 LAB row(s) away from a differential I/O.                            ; High     ; No Differential I/O Standard assignments found.                          ; I/O                 ;                   ;
; Inapplicable ; IO_000042 ; SI Related SSO Limit Checks       ; No more than 20 outputs are allowed in a VREF group when VREF is being read from.                    ; High     ; No VREF I/O Standard assignments found.                                  ; I/O                 ;                   ;
; ----         ; ----      ; Disclaimer                        ; OCT rules are checked but not reported.                                                              ; None     ; ----                                                                     ; On Chip Termination ;                   ;
+--------------+-----------+-----------------------------------+------------------------------------------------------------------------------------------------------+----------+--------------------------------------------------------------------------+---------------------+-------------------+


+--------------------------------------------------------------------------------------------------------------------------------------------------------------------------------------------------------------------------------------------------------------------------------------------------------------------------------------------------------------------------------------------------------------------------------------------------------------------------------+
; I/O Rules Matrix                                                                                                                                                                                                                                                                                                                                                                                                                                                               ;
+--------------------------+--------------+--------------+--------------+--------------+--------------+-----------+--------------+--------------+--------------+--------------+--------------+--------------+--------------+--------------+--------------+--------------+--------------+--------------+--------------+--------------+--------------+--------------+--------------+--------------+--------------+-----------+-----------+-----------+--------------+--------------+
; Pin/Rules                ; IO_000002    ; IO_000001    ; IO_000003    ; IO_000004    ; IO_000005    ; IO_000006 ; IO_000007    ; IO_000008    ; IO_000047    ; IO_000046    ; IO_000045    ; IO_000027    ; IO_000026    ; IO_000024    ; IO_000023    ; IO_000022    ; IO_000021    ; IO_000020    ; IO_000019    ; IO_000018    ; IO_000015    ; IO_000014    ; IO_000013    ; IO_000012    ; IO_000011    ; IO_000010 ; IO_000009 ; IO_000033 ; IO_000034    ; IO_000042    ;
+--------------------------+--------------+--------------+--------------+--------------+--------------+-----------+--------------+--------------+--------------+--------------+--------------+--------------+--------------+--------------+--------------+--------------+--------------+--------------+--------------+--------------+--------------+--------------+--------------+--------------+--------------+-----------+-----------+-----------+--------------+--------------+
; Total Pass               ; 0            ; 0            ; 0            ; 0            ; 0            ; 120       ; 0            ; 0            ; 0            ; 0            ; 0            ; 0            ; 0            ; 57           ; 0            ; 0            ; 0            ; 63           ; 57           ; 0            ; 63           ; 0            ; 0            ; 57           ; 0            ; 120       ; 120       ; 120       ; 0            ; 0            ;
; Total Unchecked          ; 0            ; 0            ; 0            ; 0            ; 0            ; 0         ; 0            ; 0            ; 0            ; 0            ; 0            ; 0            ; 0            ; 0            ; 0            ; 0            ; 0            ; 0            ; 0            ; 0            ; 0            ; 0            ; 0            ; 0            ; 0            ; 0         ; 0         ; 0         ; 0            ; 0            ;
; Total Inapplicable       ; 120          ; 120          ; 120          ; 120          ; 120          ; 0         ; 120          ; 120          ; 120          ; 120          ; 120          ; 120          ; 120          ; 63           ; 120          ; 120          ; 120          ; 57           ; 63           ; 120          ; 57           ; 120          ; 120          ; 63           ; 120          ; 0         ; 0         ; 0         ; 120          ; 120          ;
; Total Fail               ; 0            ; 0            ; 0            ; 0            ; 0            ; 0         ; 0            ; 0            ; 0            ; 0            ; 0            ; 0            ; 0            ; 0            ; 0            ; 0            ; 0            ; 0            ; 0            ; 0            ; 0            ; 0            ; 0            ; 0            ; 0            ; 0         ; 0         ; 0         ; 0            ; 0            ;
; read_mem_req             ; Inapplicable ; Inapplicable ; Inapplicable ; Inapplicable ; Inapplicable ; Pass      ; Inapplicable ; Inapplicable ; Inapplicable ; Inapplicable ; Inapplicable ; Inapplicable ; Inapplicable ; Pass         ; Inapplicable ; Inapplicable ; Inapplicable ; Inapplicable ; Pass         ; Inapplicable ; Inapplicable ; Inapplicable ; Inapplicable ; Pass         ; Inapplicable ; Pass      ; Pass      ; Pass      ; Inapplicable ; Inapplicable ;
; write_mem_req            ; Inapplicable ; Inapplicable ; Inapplicable ; Inapplicable ; Inapplicable ; Pass      ; Inapplicable ; Inapplicable ; Inapplicable ; Inapplicable ; Inapplicable ; Inapplicable ; Inapplicable ; Pass         ; Inapplicable ; Inapplicable ; Inapplicable ; Inapplicable ; Pass         ; Inapplicable ; Inapplicable ; Inapplicable ; Inapplicable ; Pass         ; Inapplicable ; Pass      ; Pass      ; Pass      ; Inapplicable ; Inapplicable ;
; mem_start_addr[0]        ; Inapplicable ; Inapplicable ; Inapplicable ; Inapplicable ; Inapplicable ; Pass      ; Inapplicable ; Inapplicable ; Inapplicable ; Inapplicable ; Inapplicable ; Inapplicable ; Inapplicable ; Pass         ; Inapplicable ; Inapplicable ; Inapplicable ; Inapplicable ; Pass         ; Inapplicable ; Inapplicable ; Inapplicable ; Inapplicable ; Pass         ; Inapplicable ; Pass      ; Pass      ; Pass      ; Inapplicable ; Inapplicable ;
; mem_start_addr[1]        ; Inapplicable ; Inapplicable ; Inapplicable ; Inapplicable ; Inapplicable ; Pass      ; Inapplicable ; Inapplicable ; Inapplicable ; Inapplicable ; Inapplicable ; Inapplicable ; Inapplicable ; Pass         ; Inapplicable ; Inapplicable ; Inapplicable ; Inapplicable ; Pass         ; Inapplicable ; Inapplicable ; Inapplicable ; Inapplicable ; Pass         ; Inapplicable ; Pass      ; Pass      ; Pass      ; Inapplicable ; Inapplicable ;
; mem_start_addr[2]        ; Inapplicable ; Inapplicable ; Inapplicable ; Inapplicable ; Inapplicable ; Pass      ; Inapplicable ; Inapplicable ; Inapplicable ; Inapplicable ; Inapplicable ; Inapplicable ; Inapplicable ; Pass         ; Inapplicable ; Inapplicable ; Inapplicable ; Inapplicable ; Pass         ; Inapplicable ; Inapplicable ; Inapplicable ; Inapplicable ; Pass         ; Inapplicable ; Pass      ; Pass      ; Pass      ; Inapplicable ; Inapplicable ;
; mem_start_addr[3]        ; Inapplicable ; Inapplicable ; Inapplicable ; Inapplicable ; Inapplicable ; Pass      ; Inapplicable ; Inapplicable ; Inapplicable ; Inapplicable ; Inapplicable ; Inapplicable ; Inapplicable ; Pass         ; Inapplicable ; Inapplicable ; Inapplicable ; Inapplicable ; Pass         ; Inapplicable ; Inapplicable ; Inapplicable ; Inapplicable ; Pass         ; Inapplicable ; Pass      ; Pass      ; Pass      ; Inapplicable ; Inapplicable ;
; mem_start_addr[4]        ; Inapplicable ; Inapplicable ; Inapplicable ; Inapplicable ; Inapplicable ; Pass      ; Inapplicable ; Inapplicable ; Inapplicable ; Inapplicable ; Inapplicable ; Inapplicable ; Inapplicable ; Pass         ; Inapplicable ; Inapplicable ; Inapplicable ; Inapplicable ; Pass         ; Inapplicable ; Inapplicable ; Inapplicable ; Inapplicable ; Pass         ; Inapplicable ; Pass      ; Pass      ; Pass      ; Inapplicable ; Inapplicable ;
; mem_start_addr[5]        ; Inapplicable ; Inapplicable ; Inapplicable ; Inapplicable ; Inapplicable ; Pass      ; Inapplicable ; Inapplicable ; Inapplicable ; Inapplicable ; Inapplicable ; Inapplicable ; Inapplicable ; Pass         ; Inapplicable ; Inapplicable ; Inapplicable ; Inapplicable ; Pass         ; Inapplicable ; Inapplicable ; Inapplicable ; Inapplicable ; Pass         ; Inapplicable ; Pass      ; Pass      ; Pass      ; Inapplicable ; Inapplicable ;
; mem_start_addr[6]        ; Inapplicable ; Inapplicable ; Inapplicable ; Inapplicable ; Inapplicable ; Pass      ; Inapplicable ; Inapplicable ; Inapplicable ; Inapplicable ; Inapplicable ; Inapplicable ; Inapplicable ; Pass         ; Inapplicable ; Inapplicable ; Inapplicable ; Inapplicable ; Pass         ; Inapplicable ; Inapplicable ; Inapplicable ; Inapplicable ; Pass         ; Inapplicable ; Pass      ; Pass      ; Pass      ; Inapplicable ; Inapplicable ;
; mem_start_addr[7]        ; Inapplicable ; Inapplicable ; Inapplicable ; Inapplicable ; Inapplicable ; Pass      ; Inapplicable ; Inapplicable ; Inapplicable ; Inapplicable ; Inapplicable ; Inapplicable ; Inapplicable ; Pass         ; Inapplicable ; Inapplicable ; Inapplicable ; Inapplicable ; Pass         ; Inapplicable ; Inapplicable ; Inapplicable ; Inapplicable ; Pass         ; Inapplicable ; Pass      ; Pass      ; Pass      ; Inapplicable ; Inapplicable ;
; mem_start_addr[8]        ; Inapplicable ; Inapplicable ; Inapplicable ; Inapplicable ; Inapplicable ; Pass      ; Inapplicable ; Inapplicable ; Inapplicable ; Inapplicable ; Inapplicable ; Inapplicable ; Inapplicable ; Pass         ; Inapplicable ; Inapplicable ; Inapplicable ; Inapplicable ; Pass         ; Inapplicable ; Inapplicable ; Inapplicable ; Inapplicable ; Pass         ; Inapplicable ; Pass      ; Pass      ; Pass      ; Inapplicable ; Inapplicable ;
; mem_start_addr[9]        ; Inapplicable ; Inapplicable ; Inapplicable ; Inapplicable ; Inapplicable ; Pass      ; Inapplicable ; Inapplicable ; Inapplicable ; Inapplicable ; Inapplicable ; Inapplicable ; Inapplicable ; Pass         ; Inapplicable ; Inapplicable ; Inapplicable ; Inapplicable ; Pass         ; Inapplicable ; Inapplicable ; Inapplicable ; Inapplicable ; Pass         ; Inapplicable ; Pass      ; Pass      ; Pass      ; Inapplicable ; Inapplicable ;
; mem_start_addr[10]       ; Inapplicable ; Inapplicable ; Inapplicable ; Inapplicable ; Inapplicable ; Pass      ; Inapplicable ; Inapplicable ; Inapplicable ; Inapplicable ; Inapplicable ; Inapplicable ; Inapplicable ; Pass         ; Inapplicable ; Inapplicable ; Inapplicable ; Inapplicable ; Pass         ; Inapplicable ; Inapplicable ; Inapplicable ; Inapplicable ; Pass         ; Inapplicable ; Pass      ; Pass      ; Pass      ; Inapplicable ; Inapplicable ;
; mem_start_addr[11]       ; Inapplicable ; Inapplicable ; Inapplicable ; Inapplicable ; Inapplicable ; Pass      ; Inapplicable ; Inapplicable ; Inapplicable ; Inapplicable ; Inapplicable ; Inapplicable ; Inapplicable ; Pass         ; Inapplicable ; Inapplicable ; Inapplicable ; Inapplicable ; Pass         ; Inapplicable ; Inapplicable ; Inapplicable ; Inapplicable ; Pass         ; Inapplicable ; Pass      ; Pass      ; Pass      ; Inapplicable ; Inapplicable ;
; mem_start_addr[12]       ; Inapplicable ; Inapplicable ; Inapplicable ; Inapplicable ; Inapplicable ; Pass      ; Inapplicable ; Inapplicable ; Inapplicable ; Inapplicable ; Inapplicable ; Inapplicable ; Inapplicable ; Pass         ; Inapplicable ; Inapplicable ; Inapplicable ; Inapplicable ; Pass         ; Inapplicable ; Inapplicable ; Inapplicable ; Inapplicable ; Pass         ; Inapplicable ; Pass      ; Pass      ; Pass      ; Inapplicable ; Inapplicable ;
; mem_start_addr[13]       ; Inapplicable ; Inapplicable ; Inapplicable ; Inapplicable ; Inapplicable ; Pass      ; Inapplicable ; Inapplicable ; Inapplicable ; Inapplicable ; Inapplicable ; Inapplicable ; Inapplicable ; Pass         ; Inapplicable ; Inapplicable ; Inapplicable ; Inapplicable ; Pass         ; Inapplicable ; Inapplicable ; Inapplicable ; Inapplicable ; Pass         ; Inapplicable ; Pass      ; Pass      ; Pass      ; Inapplicable ; Inapplicable ;
; mem_start_addr[14]       ; Inapplicable ; Inapplicable ; Inapplicable ; Inapplicable ; Inapplicable ; Pass      ; Inapplicable ; Inapplicable ; Inapplicable ; Inapplicable ; Inapplicable ; Inapplicable ; Inapplicable ; Pass         ; Inapplicable ; Inapplicable ; Inapplicable ; Inapplicable ; Pass         ; Inapplicable ; Inapplicable ; Inapplicable ; Inapplicable ; Pass         ; Inapplicable ; Pass      ; Pass      ; Pass      ; Inapplicable ; Inapplicable ;
; mem_start_addr[15]       ; Inapplicable ; Inapplicable ; Inapplicable ; Inapplicable ; Inapplicable ; Pass      ; Inapplicable ; Inapplicable ; Inapplicable ; Inapplicable ; Inapplicable ; Inapplicable ; Inapplicable ; Pass         ; Inapplicable ; Inapplicable ; Inapplicable ; Inapplicable ; Pass         ; Inapplicable ; Inapplicable ; Inapplicable ; Inapplicable ; Pass         ; Inapplicable ; Pass      ; Pass      ; Pass      ; Inapplicable ; Inapplicable ;
; mem_size_bytes[0]        ; Inapplicable ; Inapplicable ; Inapplicable ; Inapplicable ; Inapplicable ; Pass      ; Inapplicable ; Inapplicable ; Inapplicable ; Inapplicable ; Inapplicable ; Inapplicable ; Inapplicable ; Pass         ; Inapplicable ; Inapplicable ; Inapplicable ; Inapplicable ; Pass         ; Inapplicable ; Inapplicable ; Inapplicable ; Inapplicable ; Pass         ; Inapplicable ; Pass      ; Pass      ; Pass      ; Inapplicable ; Inapplicable ;
; mem_size_bytes[1]        ; Inapplicable ; Inapplicable ; Inapplicable ; Inapplicable ; Inapplicable ; Pass      ; Inapplicable ; Inapplicable ; Inapplicable ; Inapplicable ; Inapplicable ; Inapplicable ; Inapplicable ; Pass         ; Inapplicable ; Inapplicable ; Inapplicable ; Inapplicable ; Pass         ; Inapplicable ; Inapplicable ; Inapplicable ; Inapplicable ; Pass         ; Inapplicable ; Pass      ; Pass      ; Pass      ; Inapplicable ; Inapplicable ;
; mem_size_bytes[2]        ; Inapplicable ; Inapplicable ; Inapplicable ; Inapplicable ; Inapplicable ; Pass      ; Inapplicable ; Inapplicable ; Inapplicable ; Inapplicable ; Inapplicable ; Inapplicable ; Inapplicable ; Pass         ; Inapplicable ; Inapplicable ; Inapplicable ; Inapplicable ; Pass         ; Inapplicable ; Inapplicable ; Inapplicable ; Inapplicable ; Pass         ; Inapplicable ; Pass      ; Pass      ; Pass      ; Inapplicable ; Inapplicable ;
; mem_size_bytes[3]        ; Inapplicable ; Inapplicable ; Inapplicable ; Inapplicable ; Inapplicable ; Pass      ; Inapplicable ; Inapplicable ; Inapplicable ; Inapplicable ; Inapplicable ; Inapplicable ; Inapplicable ; Pass         ; Inapplicable ; Inapplicable ; Inapplicable ; Inapplicable ; Pass         ; Inapplicable ; Inapplicable ; Inapplicable ; Inapplicable ; Pass         ; Inapplicable ; Pass      ; Pass      ; Pass      ; Inapplicable ; Inapplicable ;
; mem_size_bytes[4]        ; Inapplicable ; Inapplicable ; Inapplicable ; Inapplicable ; Inapplicable ; Pass      ; Inapplicable ; Inapplicable ; Inapplicable ; Inapplicable ; Inapplicable ; Inapplicable ; Inapplicable ; Pass         ; Inapplicable ; Inapplicable ; Inapplicable ; Inapplicable ; Pass         ; Inapplicable ; Inapplicable ; Inapplicable ; Inapplicable ; Pass         ; Inapplicable ; Pass      ; Pass      ; Pass      ; Inapplicable ; Inapplicable ;
; mem_size_bytes[5]        ; Inapplicable ; Inapplicable ; Inapplicable ; Inapplicable ; Inapplicable ; Pass      ; Inapplicable ; Inapplicable ; Inapplicable ; Inapplicable ; Inapplicable ; Inapplicable ; Inapplicable ; Pass         ; Inapplicable ; Inapplicable ; Inapplicable ; Inapplicable ; Pass         ; Inapplicable ; Inapplicable ; Inapplicable ; Inapplicable ; Pass         ; Inapplicable ; Pass      ; Pass      ; Pass      ; Inapplicable ; Inapplicable ;
; host_regs_valid_out      ; Inapplicable ; Inapplicable ; Inapplicable ; Inapplicable ; Inapplicable ; Pass      ; Inapplicable ; Inapplicable ; Inapplicable ; Inapplicable ; Inapplicable ; Inapplicable ; Inapplicable ; Pass         ; Inapplicable ; Inapplicable ; Inapplicable ; Inapplicable ; Pass         ; Inapplicable ; Inapplicable ; Inapplicable ; Inapplicable ; Pass         ; Inapplicable ; Pass      ; Pass      ; Pass      ; Inapplicable ; Inapplicable ;
; host_regs_read_pulse[0]  ; Inapplicable ; Inapplicable ; Inapplicable ; Inapplicable ; Inapplicable ; Pass      ; Inapplicable ; Inapplicable ; Inapplicable ; Inapplicable ; Inapplicable ; Inapplicable ; Inapplicable ; Inapplicable ; Inapplicable ; Inapplicable ; Inapplicable ; Pass         ; Inapplicable ; Inapplicable ; Pass         ; Inapplicable ; Inapplicable ; Inapplicable ; Inapplicable ; Pass      ; Pass      ; Pass      ; Inapplicable ; Inapplicable ;
; host_regs_read_pulse[1]  ; Inapplicable ; Inapplicable ; Inapplicable ; Inapplicable ; Inapplicable ; Pass      ; Inapplicable ; Inapplicable ; Inapplicable ; Inapplicable ; Inapplicable ; Inapplicable ; Inapplicable ; Inapplicable ; Inapplicable ; Inapplicable ; Inapplicable ; Pass         ; Inapplicable ; Inapplicable ; Pass         ; Inapplicable ; Inapplicable ; Inapplicable ; Inapplicable ; Pass      ; Pass      ; Pass      ; Inapplicable ; Inapplicable ;
; host_regs_read_pulse[2]  ; Inapplicable ; Inapplicable ; Inapplicable ; Inapplicable ; Inapplicable ; Pass      ; Inapplicable ; Inapplicable ; Inapplicable ; Inapplicable ; Inapplicable ; Inapplicable ; Inapplicable ; Inapplicable ; Inapplicable ; Inapplicable ; Inapplicable ; Pass         ; Inapplicable ; Inapplicable ; Pass         ; Inapplicable ; Inapplicable ; Inapplicable ; Inapplicable ; Pass      ; Pass      ; Pass      ; Inapplicable ; Inapplicable ;
; host_regs_read_pulse[3]  ; Inapplicable ; Inapplicable ; Inapplicable ; Inapplicable ; Inapplicable ; Pass      ; Inapplicable ; Inapplicable ; Inapplicable ; Inapplicable ; Inapplicable ; Inapplicable ; Inapplicable ; Inapplicable ; Inapplicable ; Inapplicable ; Inapplicable ; Pass         ; Inapplicable ; Inapplicable ; Pass         ; Inapplicable ; Inapplicable ; Inapplicable ; Inapplicable ; Pass      ; Pass      ; Pass      ; Inapplicable ; Inapplicable ;
; host_regs_read_pulse[4]  ; Inapplicable ; Inapplicable ; Inapplicable ; Inapplicable ; Inapplicable ; Pass      ; Inapplicable ; Inapplicable ; Inapplicable ; Inapplicable ; Inapplicable ; Inapplicable ; Inapplicable ; Inapplicable ; Inapplicable ; Inapplicable ; Inapplicable ; Pass         ; Inapplicable ; Inapplicable ; Pass         ; Inapplicable ; Inapplicable ; Inapplicable ; Inapplicable ; Pass      ; Pass      ; Pass      ; Inapplicable ; Inapplicable ;
; host_regs_read_pulse[5]  ; Inapplicable ; Inapplicable ; Inapplicable ; Inapplicable ; Inapplicable ; Pass      ; Inapplicable ; Inapplicable ; Inapplicable ; Inapplicable ; Inapplicable ; Inapplicable ; Inapplicable ; Inapplicable ; Inapplicable ; Inapplicable ; Inapplicable ; Pass         ; Inapplicable ; Inapplicable ; Pass         ; Inapplicable ; Inapplicable ; Inapplicable ; Inapplicable ; Pass      ; Pass      ; Pass      ; Inapplicable ; Inapplicable ;
; host_regs_read_pulse[6]  ; Inapplicable ; Inapplicable ; Inapplicable ; Inapplicable ; Inapplicable ; Pass      ; Inapplicable ; Inapplicable ; Inapplicable ; Inapplicable ; Inapplicable ; Inapplicable ; Inapplicable ; Inapplicable ; Inapplicable ; Inapplicable ; Inapplicable ; Pass         ; Inapplicable ; Inapplicable ; Pass         ; Inapplicable ; Inapplicable ; Inapplicable ; Inapplicable ; Pass      ; Pass      ; Pass      ; Inapplicable ; Inapplicable ;
; host_regs_read_pulse[7]  ; Inapplicable ; Inapplicable ; Inapplicable ; Inapplicable ; Inapplicable ; Pass      ; Inapplicable ; Inapplicable ; Inapplicable ; Inapplicable ; Inapplicable ; Inapplicable ; Inapplicable ; Inapplicable ; Inapplicable ; Inapplicable ; Inapplicable ; Pass         ; Inapplicable ; Inapplicable ; Pass         ; Inapplicable ; Inapplicable ; Inapplicable ; Inapplicable ; Pass      ; Pass      ; Pass      ; Inapplicable ; Inapplicable ;
; host_regs_read_pulse[8]  ; Inapplicable ; Inapplicable ; Inapplicable ; Inapplicable ; Inapplicable ; Pass      ; Inapplicable ; Inapplicable ; Inapplicable ; Inapplicable ; Inapplicable ; Inapplicable ; Inapplicable ; Inapplicable ; Inapplicable ; Inapplicable ; Inapplicable ; Pass         ; Inapplicable ; Inapplicable ; Pass         ; Inapplicable ; Inapplicable ; Inapplicable ; Inapplicable ; Pass      ; Pass      ; Pass      ; Inapplicable ; Inapplicable ;
; host_regs_read_pulse[9]  ; Inapplicable ; Inapplicable ; Inapplicable ; Inapplicable ; Inapplicable ; Pass      ; Inapplicable ; Inapplicable ; Inapplicable ; Inapplicable ; Inapplicable ; Inapplicable ; Inapplicable ; Inapplicable ; Inapplicable ; Inapplicable ; Inapplicable ; Pass         ; Inapplicable ; Inapplicable ; Pass         ; Inapplicable ; Inapplicable ; Inapplicable ; Inapplicable ; Pass      ; Pass      ; Pass      ; Inapplicable ; Inapplicable ;
; host_regs_read_pulse[10] ; Inapplicable ; Inapplicable ; Inapplicable ; Inapplicable ; Inapplicable ; Pass      ; Inapplicable ; Inapplicable ; Inapplicable ; Inapplicable ; Inapplicable ; Inapplicable ; Inapplicable ; Inapplicable ; Inapplicable ; Inapplicable ; Inapplicable ; Pass         ; Inapplicable ; Inapplicable ; Pass         ; Inapplicable ; Inapplicable ; Inapplicable ; Inapplicable ; Pass      ; Pass      ; Pass      ; Inapplicable ; Inapplicable ;
; host_regs_read_pulse[11] ; Inapplicable ; Inapplicable ; Inapplicable ; Inapplicable ; Inapplicable ; Pass      ; Inapplicable ; Inapplicable ; Inapplicable ; Inapplicable ; Inapplicable ; Inapplicable ; Inapplicable ; Inapplicable ; Inapplicable ; Inapplicable ; Inapplicable ; Pass         ; Inapplicable ; Inapplicable ; Pass         ; Inapplicable ; Inapplicable ; Inapplicable ; Inapplicable ; Pass      ; Pass      ; Pass      ; Inapplicable ; Inapplicable ;
; host_regs_read_pulse[12] ; Inapplicable ; Inapplicable ; Inapplicable ; Inapplicable ; Inapplicable ; Pass      ; Inapplicable ; Inapplicable ; Inapplicable ; Inapplicable ; Inapplicable ; Inapplicable ; Inapplicable ; Inapplicable ; Inapplicable ; Inapplicable ; Inapplicable ; Pass         ; Inapplicable ; Inapplicable ; Pass         ; Inapplicable ; Inapplicable ; Inapplicable ; Inapplicable ; Pass      ; Pass      ; Pass      ; Inapplicable ; Inapplicable ;
; host_regs_read_pulse[13] ; Inapplicable ; Inapplicable ; Inapplicable ; Inapplicable ; Inapplicable ; Pass      ; Inapplicable ; Inapplicable ; Inapplicable ; Inapplicable ; Inapplicable ; Inapplicable ; Inapplicable ; Inapplicable ; Inapplicable ; Inapplicable ; Inapplicable ; Pass         ; Inapplicable ; Inapplicable ; Pass         ; Inapplicable ; Inapplicable ; Inapplicable ; Inapplicable ; Pass      ; Pass      ; Pass      ; Inapplicable ; Inapplicable ;
; host_regs_read_pulse[14] ; Inapplicable ; Inapplicable ; Inapplicable ; Inapplicable ; Inapplicable ; Pass      ; Inapplicable ; Inapplicable ; Inapplicable ; Inapplicable ; Inapplicable ; Inapplicable ; Inapplicable ; Inapplicable ; Inapplicable ; Inapplicable ; Inapplicable ; Pass         ; Inapplicable ; Inapplicable ; Pass         ; Inapplicable ; Inapplicable ; Inapplicable ; Inapplicable ; Pass      ; Pass      ; Pass      ; Inapplicable ; Inapplicable ;
; host_regs_read_pulse[15] ; Inapplicable ; Inapplicable ; Inapplicable ; Inapplicable ; Inapplicable ; Pass      ; Inapplicable ; Inapplicable ; Inapplicable ; Inapplicable ; Inapplicable ; Inapplicable ; Inapplicable ; Inapplicable ; Inapplicable ; Inapplicable ; Inapplicable ; Pass         ; Inapplicable ; Inapplicable ; Pass         ; Inapplicable ; Inapplicable ; Inapplicable ; Inapplicable ; Pass      ; Pass      ; Pass      ; Inapplicable ; Inapplicable ;
; dummy_din[20]            ; Inapplicable ; Inapplicable ; Inapplicable ; Inapplicable ; Inapplicable ; Pass      ; Inapplicable ; Inapplicable ; Inapplicable ; Inapplicable ; Inapplicable ; Inapplicable ; Inapplicable ; Inapplicable ; Inapplicable ; Inapplicable ; Inapplicable ; Pass         ; Inapplicable ; Inapplicable ; Pass         ; Inapplicable ; Inapplicable ; Inapplicable ; Inapplicable ; Pass      ; Pass      ; Pass      ; Inapplicable ; Inapplicable ;
; dummy_din[21]            ; Inapplicable ; Inapplicable ; Inapplicable ; Inapplicable ; Inapplicable ; Pass      ; Inapplicable ; Inapplicable ; Inapplicable ; Inapplicable ; Inapplicable ; Inapplicable ; Inapplicable ; Inapplicable ; Inapplicable ; Inapplicable ; Inapplicable ; Pass         ; Inapplicable ; Inapplicable ; Pass         ; Inapplicable ; Inapplicable ; Inapplicable ; Inapplicable ; Pass      ; Pass      ; Pass      ; Inapplicable ; Inapplicable ;
; dummy_din[22]            ; Inapplicable ; Inapplicable ; Inapplicable ; Inapplicable ; Inapplicable ; Pass      ; Inapplicable ; Inapplicable ; Inapplicable ; Inapplicable ; Inapplicable ; Inapplicable ; Inapplicable ; Inapplicable ; Inapplicable ; Inapplicable ; Inapplicable ; Pass         ; Inapplicable ; Inapplicable ; Pass         ; Inapplicable ; Inapplicable ; Inapplicable ; Inapplicable ; Pass      ; Pass      ; Pass      ; Inapplicable ; Inapplicable ;
; dummy_din[23]            ; Inapplicable ; Inapplicable ; Inapplicable ; Inapplicable ; Inapplicable ; Pass      ; Inapplicable ; Inapplicable ; Inapplicable ; Inapplicable ; Inapplicable ; Inapplicable ; Inapplicable ; Inapplicable ; Inapplicable ; Inapplicable ; Inapplicable ; Pass         ; Inapplicable ; Inapplicable ; Pass         ; Inapplicable ; Inapplicable ; Inapplicable ; Inapplicable ; Pass      ; Pass      ; Pass      ; Inapplicable ; Inapplicable ;
; dummy_din[28]            ; Inapplicable ; Inapplicable ; Inapplicable ; Inapplicable ; Inapplicable ; Pass      ; Inapplicable ; Inapplicable ; Inapplicable ; Inapplicable ; Inapplicable ; Inapplicable ; Inapplicable ; Inapplicable ; Inapplicable ; Inapplicable ; Inapplicable ; Pass         ; Inapplicable ; Inapplicable ; Pass         ; Inapplicable ; Inapplicable ; Inapplicable ; Inapplicable ; Pass      ; Pass      ; Pass      ; Inapplicable ; Inapplicable ;
; dummy_din[29]            ; Inapplicable ; Inapplicable ; Inapplicable ; Inapplicable ; Inapplicable ; Pass      ; Inapplicable ; Inapplicable ; Inapplicable ; Inapplicable ; Inapplicable ; Inapplicable ; Inapplicable ; Inapplicable ; Inapplicable ; Inapplicable ; Inapplicable ; Pass         ; Inapplicable ; Inapplicable ; Pass         ; Inapplicable ; Inapplicable ; Inapplicable ; Inapplicable ; Pass      ; Pass      ; Pass      ; Inapplicable ; Inapplicable ;
; dummy_din[30]            ; Inapplicable ; Inapplicable ; Inapplicable ; Inapplicable ; Inapplicable ; Pass      ; Inapplicable ; Inapplicable ; Inapplicable ; Inapplicable ; Inapplicable ; Inapplicable ; Inapplicable ; Inapplicable ; Inapplicable ; Inapplicable ; Inapplicable ; Pass         ; Inapplicable ; Inapplicable ; Pass         ; Inapplicable ; Inapplicable ; Inapplicable ; Inapplicable ; Pass      ; Pass      ; Pass      ; Inapplicable ; Inapplicable ;
; dummy_din[31]            ; Inapplicable ; Inapplicable ; Inapplicable ; Inapplicable ; Inapplicable ; Pass      ; Inapplicable ; Inapplicable ; Inapplicable ; Inapplicable ; Inapplicable ; Inapplicable ; Inapplicable ; Inapplicable ; Inapplicable ; Inapplicable ; Inapplicable ; Pass         ; Inapplicable ; Inapplicable ; Pass         ; Inapplicable ; Inapplicable ; Inapplicable ; Inapplicable ; Pass      ; Pass      ; Pass      ; Inapplicable ; Inapplicable ;
; dummy_dout[0]            ; Inapplicable ; Inapplicable ; Inapplicable ; Inapplicable ; Inapplicable ; Pass      ; Inapplicable ; Inapplicable ; Inapplicable ; Inapplicable ; Inapplicable ; Inapplicable ; Inapplicable ; Pass         ; Inapplicable ; Inapplicable ; Inapplicable ; Inapplicable ; Pass         ; Inapplicable ; Inapplicable ; Inapplicable ; Inapplicable ; Pass         ; Inapplicable ; Pass      ; Pass      ; Pass      ; Inapplicable ; Inapplicable ;
; dummy_dout[1]            ; Inapplicable ; Inapplicable ; Inapplicable ; Inapplicable ; Inapplicable ; Pass      ; Inapplicable ; Inapplicable ; Inapplicable ; Inapplicable ; Inapplicable ; Inapplicable ; Inapplicable ; Pass         ; Inapplicable ; Inapplicable ; Inapplicable ; Inapplicable ; Pass         ; Inapplicable ; Inapplicable ; Inapplicable ; Inapplicable ; Pass         ; Inapplicable ; Pass      ; Pass      ; Pass      ; Inapplicable ; Inapplicable ;
; dummy_dout[2]            ; Inapplicable ; Inapplicable ; Inapplicable ; Inapplicable ; Inapplicable ; Pass      ; Inapplicable ; Inapplicable ; Inapplicable ; Inapplicable ; Inapplicable ; Inapplicable ; Inapplicable ; Pass         ; Inapplicable ; Inapplicable ; Inapplicable ; Inapplicable ; Pass         ; Inapplicable ; Inapplicable ; Inapplicable ; Inapplicable ; Pass         ; Inapplicable ; Pass      ; Pass      ; Pass      ; Inapplicable ; Inapplicable ;
; dummy_dout[3]            ; Inapplicable ; Inapplicable ; Inapplicable ; Inapplicable ; Inapplicable ; Pass      ; Inapplicable ; Inapplicable ; Inapplicable ; Inapplicable ; Inapplicable ; Inapplicable ; Inapplicable ; Pass         ; Inapplicable ; Inapplicable ; Inapplicable ; Inapplicable ; Pass         ; Inapplicable ; Inapplicable ; Inapplicable ; Inapplicable ; Pass         ; Inapplicable ; Pass      ; Pass      ; Pass      ; Inapplicable ; Inapplicable ;
; dummy_dout[4]            ; Inapplicable ; Inapplicable ; Inapplicable ; Inapplicable ; Inapplicable ; Pass      ; Inapplicable ; Inapplicable ; Inapplicable ; Inapplicable ; Inapplicable ; Inapplicable ; Inapplicable ; Pass         ; Inapplicable ; Inapplicable ; Inapplicable ; Inapplicable ; Pass         ; Inapplicable ; Inapplicable ; Inapplicable ; Inapplicable ; Pass         ; Inapplicable ; Pass      ; Pass      ; Pass      ; Inapplicable ; Inapplicable ;
; dummy_dout[5]            ; Inapplicable ; Inapplicable ; Inapplicable ; Inapplicable ; Inapplicable ; Pass      ; Inapplicable ; Inapplicable ; Inapplicable ; Inapplicable ; Inapplicable ; Inapplicable ; Inapplicable ; Pass         ; Inapplicable ; Inapplicable ; Inapplicable ; Inapplicable ; Pass         ; Inapplicable ; Inapplicable ; Inapplicable ; Inapplicable ; Pass         ; Inapplicable ; Pass      ; Pass      ; Pass      ; Inapplicable ; Inapplicable ;
; dummy_dout[6]            ; Inapplicable ; Inapplicable ; Inapplicable ; Inapplicable ; Inapplicable ; Pass      ; Inapplicable ; Inapplicable ; Inapplicable ; Inapplicable ; Inapplicable ; Inapplicable ; Inapplicable ; Pass         ; Inapplicable ; Inapplicable ; Inapplicable ; Inapplicable ; Pass         ; Inapplicable ; Inapplicable ; Inapplicable ; Inapplicable ; Pass         ; Inapplicable ; Pass      ; Pass      ; Pass      ; Inapplicable ; Inapplicable ;
; dummy_dout[7]            ; Inapplicable ; Inapplicable ; Inapplicable ; Inapplicable ; Inapplicable ; Pass      ; Inapplicable ; Inapplicable ; Inapplicable ; Inapplicable ; Inapplicable ; Inapplicable ; Inapplicable ; Pass         ; Inapplicable ; Inapplicable ; Inapplicable ; Inapplicable ; Pass         ; Inapplicable ; Inapplicable ; Inapplicable ; Inapplicable ; Pass         ; Inapplicable ; Pass      ; Pass      ; Pass      ; Inapplicable ; Inapplicable ;
; dummy_dout[8]            ; Inapplicable ; Inapplicable ; Inapplicable ; Inapplicable ; Inapplicable ; Pass      ; Inapplicable ; Inapplicable ; Inapplicable ; Inapplicable ; Inapplicable ; Inapplicable ; Inapplicable ; Pass         ; Inapplicable ; Inapplicable ; Inapplicable ; Inapplicable ; Pass         ; Inapplicable ; Inapplicable ; Inapplicable ; Inapplicable ; Pass         ; Inapplicable ; Pass      ; Pass      ; Pass      ; Inapplicable ; Inapplicable ;
; dummy_dout[9]            ; Inapplicable ; Inapplicable ; Inapplicable ; Inapplicable ; Inapplicable ; Pass      ; Inapplicable ; Inapplicable ; Inapplicable ; Inapplicable ; Inapplicable ; Inapplicable ; Inapplicable ; Pass         ; Inapplicable ; Inapplicable ; Inapplicable ; Inapplicable ; Pass         ; Inapplicable ; Inapplicable ; Inapplicable ; Inapplicable ; Pass         ; Inapplicable ; Pass      ; Pass      ; Pass      ; Inapplicable ; Inapplicable ;
; dummy_dout[10]           ; Inapplicable ; Inapplicable ; Inapplicable ; Inapplicable ; Inapplicable ; Pass      ; Inapplicable ; Inapplicable ; Inapplicable ; Inapplicable ; Inapplicable ; Inapplicable ; Inapplicable ; Pass         ; Inapplicable ; Inapplicable ; Inapplicable ; Inapplicable ; Pass         ; Inapplicable ; Inapplicable ; Inapplicable ; Inapplicable ; Pass         ; Inapplicable ; Pass      ; Pass      ; Pass      ; Inapplicable ; Inapplicable ;
; dummy_dout[11]           ; Inapplicable ; Inapplicable ; Inapplicable ; Inapplicable ; Inapplicable ; Pass      ; Inapplicable ; Inapplicable ; Inapplicable ; Inapplicable ; Inapplicable ; Inapplicable ; Inapplicable ; Pass         ; Inapplicable ; Inapplicable ; Inapplicable ; Inapplicable ; Pass         ; Inapplicable ; Inapplicable ; Inapplicable ; Inapplicable ; Pass         ; Inapplicable ; Pass      ; Pass      ; Pass      ; Inapplicable ; Inapplicable ;
; dummy_dout[12]           ; Inapplicable ; Inapplicable ; Inapplicable ; Inapplicable ; Inapplicable ; Pass      ; Inapplicable ; Inapplicable ; Inapplicable ; Inapplicable ; Inapplicable ; Inapplicable ; Inapplicable ; Pass         ; Inapplicable ; Inapplicable ; Inapplicable ; Inapplicable ; Pass         ; Inapplicable ; Inapplicable ; Inapplicable ; Inapplicable ; Pass         ; Inapplicable ; Pass      ; Pass      ; Pass      ; Inapplicable ; Inapplicable ;
; dummy_dout[13]           ; Inapplicable ; Inapplicable ; Inapplicable ; Inapplicable ; Inapplicable ; Pass      ; Inapplicable ; Inapplicable ; Inapplicable ; Inapplicable ; Inapplicable ; Inapplicable ; Inapplicable ; Pass         ; Inapplicable ; Inapplicable ; Inapplicable ; Inapplicable ; Pass         ; Inapplicable ; Inapplicable ; Inapplicable ; Inapplicable ; Pass         ; Inapplicable ; Pass      ; Pass      ; Pass      ; Inapplicable ; Inapplicable ;
; dummy_dout[14]           ; Inapplicable ; Inapplicable ; Inapplicable ; Inapplicable ; Inapplicable ; Pass      ; Inapplicable ; Inapplicable ; Inapplicable ; Inapplicable ; Inapplicable ; Inapplicable ; Inapplicable ; Pass         ; Inapplicable ; Inapplicable ; Inapplicable ; Inapplicable ; Pass         ; Inapplicable ; Inapplicable ; Inapplicable ; Inapplicable ; Pass         ; Inapplicable ; Pass      ; Pass      ; Pass      ; Inapplicable ; Inapplicable ;
; dummy_dout[15]           ; Inapplicable ; Inapplicable ; Inapplicable ; Inapplicable ; Inapplicable ; Pass      ; Inapplicable ; Inapplicable ; Inapplicable ; Inapplicable ; Inapplicable ; Inapplicable ; Inapplicable ; Pass         ; Inapplicable ; Inapplicable ; Inapplicable ; Inapplicable ; Pass         ; Inapplicable ; Inapplicable ; Inapplicable ; Inapplicable ; Pass         ; Inapplicable ; Pass      ; Pass      ; Pass      ; Inapplicable ; Inapplicable ;
; dummy_dout[16]           ; Inapplicable ; Inapplicable ; Inapplicable ; Inapplicable ; Inapplicable ; Pass      ; Inapplicable ; Inapplicable ; Inapplicable ; Inapplicable ; Inapplicable ; Inapplicable ; Inapplicable ; Pass         ; Inapplicable ; Inapplicable ; Inapplicable ; Inapplicable ; Pass         ; Inapplicable ; Inapplicable ; Inapplicable ; Inapplicable ; Pass         ; Inapplicable ; Pass      ; Pass      ; Pass      ; Inapplicable ; Inapplicable ;
; dummy_dout[17]           ; Inapplicable ; Inapplicable ; Inapplicable ; Inapplicable ; Inapplicable ; Pass      ; Inapplicable ; Inapplicable ; Inapplicable ; Inapplicable ; Inapplicable ; Inapplicable ; Inapplicable ; Pass         ; Inapplicable ; Inapplicable ; Inapplicable ; Inapplicable ; Pass         ; Inapplicable ; Inapplicable ; Inapplicable ; Inapplicable ; Pass         ; Inapplicable ; Pass      ; Pass      ; Pass      ; Inapplicable ; Inapplicable ;
; dummy_dout[18]           ; Inapplicable ; Inapplicable ; Inapplicable ; Inapplicable ; Inapplicable ; Pass      ; Inapplicable ; Inapplicable ; Inapplicable ; Inapplicable ; Inapplicable ; Inapplicable ; Inapplicable ; Pass         ; Inapplicable ; Inapplicable ; Inapplicable ; Inapplicable ; Pass         ; Inapplicable ; Inapplicable ; Inapplicable ; Inapplicable ; Pass         ; Inapplicable ; Pass      ; Pass      ; Pass      ; Inapplicable ; Inapplicable ;
; dummy_dout[19]           ; Inapplicable ; Inapplicable ; Inapplicable ; Inapplicable ; Inapplicable ; Pass      ; Inapplicable ; Inapplicable ; Inapplicable ; Inapplicable ; Inapplicable ; Inapplicable ; Inapplicable ; Pass         ; Inapplicable ; Inapplicable ; Inapplicable ; Inapplicable ; Pass         ; Inapplicable ; Inapplicable ; Inapplicable ; Inapplicable ; Pass         ; Inapplicable ; Pass      ; Pass      ; Pass      ; Inapplicable ; Inapplicable ;
; dummy_dout[20]           ; Inapplicable ; Inapplicable ; Inapplicable ; Inapplicable ; Inapplicable ; Pass      ; Inapplicable ; Inapplicable ; Inapplicable ; Inapplicable ; Inapplicable ; Inapplicable ; Inapplicable ; Pass         ; Inapplicable ; Inapplicable ; Inapplicable ; Inapplicable ; Pass         ; Inapplicable ; Inapplicable ; Inapplicable ; Inapplicable ; Pass         ; Inapplicable ; Pass      ; Pass      ; Pass      ; Inapplicable ; Inapplicable ;
; dummy_dout[21]           ; Inapplicable ; Inapplicable ; Inapplicable ; Inapplicable ; Inapplicable ; Pass      ; Inapplicable ; Inapplicable ; Inapplicable ; Inapplicable ; Inapplicable ; Inapplicable ; Inapplicable ; Pass         ; Inapplicable ; Inapplicable ; Inapplicable ; Inapplicable ; Pass         ; Inapplicable ; Inapplicable ; Inapplicable ; Inapplicable ; Pass         ; Inapplicable ; Pass      ; Pass      ; Pass      ; Inapplicable ; Inapplicable ;
; dummy_dout[22]           ; Inapplicable ; Inapplicable ; Inapplicable ; Inapplicable ; Inapplicable ; Pass      ; Inapplicable ; Inapplicable ; Inapplicable ; Inapplicable ; Inapplicable ; Inapplicable ; Inapplicable ; Pass         ; Inapplicable ; Inapplicable ; Inapplicable ; Inapplicable ; Pass         ; Inapplicable ; Inapplicable ; Inapplicable ; Inapplicable ; Pass         ; Inapplicable ; Pass      ; Pass      ; Pass      ; Inapplicable ; Inapplicable ;
; dummy_dout[23]           ; Inapplicable ; Inapplicable ; Inapplicable ; Inapplicable ; Inapplicable ; Pass      ; Inapplicable ; Inapplicable ; Inapplicable ; Inapplicable ; Inapplicable ; Inapplicable ; Inapplicable ; Pass         ; Inapplicable ; Inapplicable ; Inapplicable ; Inapplicable ; Pass         ; Inapplicable ; Inapplicable ; Inapplicable ; Inapplicable ; Pass         ; Inapplicable ; Pass      ; Pass      ; Pass      ; Inapplicable ; Inapplicable ;
; dummy_dout[24]           ; Inapplicable ; Inapplicable ; Inapplicable ; Inapplicable ; Inapplicable ; Pass      ; Inapplicable ; Inapplicable ; Inapplicable ; Inapplicable ; Inapplicable ; Inapplicable ; Inapplicable ; Pass         ; Inapplicable ; Inapplicable ; Inapplicable ; Inapplicable ; Pass         ; Inapplicable ; Inapplicable ; Inapplicable ; Inapplicable ; Pass         ; Inapplicable ; Pass      ; Pass      ; Pass      ; Inapplicable ; Inapplicable ;
; dummy_dout[25]           ; Inapplicable ; Inapplicable ; Inapplicable ; Inapplicable ; Inapplicable ; Pass      ; Inapplicable ; Inapplicable ; Inapplicable ; Inapplicable ; Inapplicable ; Inapplicable ; Inapplicable ; Pass         ; Inapplicable ; Inapplicable ; Inapplicable ; Inapplicable ; Pass         ; Inapplicable ; Inapplicable ; Inapplicable ; Inapplicable ; Pass         ; Inapplicable ; Pass      ; Pass      ; Pass      ; Inapplicable ; Inapplicable ;
; dummy_dout[26]           ; Inapplicable ; Inapplicable ; Inapplicable ; Inapplicable ; Inapplicable ; Pass      ; Inapplicable ; Inapplicable ; Inapplicable ; Inapplicable ; Inapplicable ; Inapplicable ; Inapplicable ; Pass         ; Inapplicable ; Inapplicable ; Inapplicable ; Inapplicable ; Pass         ; Inapplicable ; Inapplicable ; Inapplicable ; Inapplicable ; Pass         ; Inapplicable ; Pass      ; Pass      ; Pass      ; Inapplicable ; Inapplicable ;
; dummy_dout[27]           ; Inapplicable ; Inapplicable ; Inapplicable ; Inapplicable ; Inapplicable ; Pass      ; Inapplicable ; Inapplicable ; Inapplicable ; Inapplicable ; Inapplicable ; Inapplicable ; Inapplicable ; Pass         ; Inapplicable ; Inapplicable ; Inapplicable ; Inapplicable ; Pass         ; Inapplicable ; Inapplicable ; Inapplicable ; Inapplicable ; Pass         ; Inapplicable ; Pass      ; Pass      ; Pass      ; Inapplicable ; Inapplicable ;
; dummy_dout[28]           ; Inapplicable ; Inapplicable ; Inapplicable ; Inapplicable ; Inapplicable ; Pass      ; Inapplicable ; Inapplicable ; Inapplicable ; Inapplicable ; Inapplicable ; Inapplicable ; Inapplicable ; Pass         ; Inapplicable ; Inapplicable ; Inapplicable ; Inapplicable ; Pass         ; Inapplicable ; Inapplicable ; Inapplicable ; Inapplicable ; Pass         ; Inapplicable ; Pass      ; Pass      ; Pass      ; Inapplicable ; Inapplicable ;
; dummy_dout[29]           ; Inapplicable ; Inapplicable ; Inapplicable ; Inapplicable ; Inapplicable ; Pass      ; Inapplicable ; Inapplicable ; Inapplicable ; Inapplicable ; Inapplicable ; Inapplicable ; Inapplicable ; Pass         ; Inapplicable ; Inapplicable ; Inapplicable ; Inapplicable ; Pass         ; Inapplicable ; Inapplicable ; Inapplicable ; Inapplicable ; Pass         ; Inapplicable ; Pass      ; Pass      ; Pass      ; Inapplicable ; Inapplicable ;
; dummy_dout[30]           ; Inapplicable ; Inapplicable ; Inapplicable ; Inapplicable ; Inapplicable ; Pass      ; Inapplicable ; Inapplicable ; Inapplicable ; Inapplicable ; Inapplicable ; Inapplicable ; Inapplicable ; Pass         ; Inapplicable ; Inapplicable ; Inapplicable ; Inapplicable ; Pass         ; Inapplicable ; Inapplicable ; Inapplicable ; Inapplicable ; Pass         ; Inapplicable ; Pass      ; Pass      ; Pass      ; Inapplicable ; Inapplicable ;
; dummy_dout[31]           ; Inapplicable ; Inapplicable ; Inapplicable ; Inapplicable ; Inapplicable ; Pass      ; Inapplicable ; Inapplicable ; Inapplicable ; Inapplicable ; Inapplicable ; Inapplicable ; Inapplicable ; Pass         ; Inapplicable ; Inapplicable ; Inapplicable ; Inapplicable ; Pass         ; Inapplicable ; Inapplicable ; Inapplicable ; Inapplicable ; Pass         ; Inapplicable ; Pass      ; Pass      ; Pass      ; Inapplicable ; Inapplicable ;
; clk                      ; Inapplicable ; Inapplicable ; Inapplicable ; Inapplicable ; Inapplicable ; Pass      ; Inapplicable ; Inapplicable ; Inapplicable ; Inapplicable ; Inapplicable ; Inapplicable ; Inapplicable ; Inapplicable ; Inapplicable ; Inapplicable ; Inapplicable ; Pass         ; Inapplicable ; Inapplicable ; Pass         ; Inapplicable ; Inapplicable ; Inapplicable ; Inapplicable ; Pass      ; Pass      ; Pass      ; Inapplicable ; Inapplicable ;
; rst_n                    ; Inapplicable ; Inapplicable ; Inapplicable ; Inapplicable ; Inapplicable ; Pass      ; Inapplicable ; Inapplicable ; Inapplicable ; Inapplicable ; Inapplicable ; Inapplicable ; Inapplicable ; Inapplicable ; Inapplicable ; Inapplicable ; Inapplicable ; Pass         ; Inapplicable ; Inapplicable ; Pass         ; Inapplicable ; Inapplicable ; Inapplicable ; Inapplicable ; Pass      ; Pass      ; Pass      ; Inapplicable ; Inapplicable ;
; sel_wr                   ; Inapplicable ; Inapplicable ; Inapplicable ; Inapplicable ; Inapplicable ; Pass      ; Inapplicable ; Inapplicable ; Inapplicable ; Inapplicable ; Inapplicable ; Inapplicable ; Inapplicable ; Inapplicable ; Inapplicable ; Inapplicable ; Inapplicable ; Pass         ; Inapplicable ; Inapplicable ; Pass         ; Inapplicable ; Inapplicable ; Inapplicable ; Inapplicable ; Pass      ; Pass      ; Pass      ; Inapplicable ; Inapplicable ;
; reg_idx[0]               ; Inapplicable ; Inapplicable ; Inapplicable ; Inapplicable ; Inapplicable ; Pass      ; Inapplicable ; Inapplicable ; Inapplicable ; Inapplicable ; Inapplicable ; Inapplicable ; Inapplicable ; Inapplicable ; Inapplicable ; Inapplicable ; Inapplicable ; Pass         ; Inapplicable ; Inapplicable ; Pass         ; Inapplicable ; Inapplicable ; Inapplicable ; Inapplicable ; Pass      ; Pass      ; Pass      ; Inapplicable ; Inapplicable ;
; reg_idx[1]               ; Inapplicable ; Inapplicable ; Inapplicable ; Inapplicable ; Inapplicable ; Pass      ; Inapplicable ; Inapplicable ; Inapplicable ; Inapplicable ; Inapplicable ; Inapplicable ; Inapplicable ; Inapplicable ; Inapplicable ; Inapplicable ; Inapplicable ; Pass         ; Inapplicable ; Inapplicable ; Pass         ; Inapplicable ; Inapplicable ; Inapplicable ; Inapplicable ; Pass      ; Pass      ; Pass      ; Inapplicable ; Inapplicable ;
; reg_idx[2]               ; Inapplicable ; Inapplicable ; Inapplicable ; Inapplicable ; Inapplicable ; Pass      ; Inapplicable ; Inapplicable ; Inapplicable ; Inapplicable ; Inapplicable ; Inapplicable ; Inapplicable ; Inapplicable ; Inapplicable ; Inapplicable ; Inapplicable ; Pass         ; Inapplicable ; Inapplicable ; Pass         ; Inapplicable ; Inapplicable ; Inapplicable ; Inapplicable ; Pass      ; Pass      ; Pass      ; Inapplicable ; Inapplicable ;
; reg_idx[3]               ; Inapplicable ; Inapplicable ; Inapplicable ; Inapplicable ; Inapplicable ; Pass      ; Inapplicable ; Inapplicable ; Inapplicable ; Inapplicable ; Inapplicable ; Inapplicable ; Inapplicable ; Inapplicable ; Inapplicable ; Inapplicable ; Inapplicable ; Pass         ; Inapplicable ; Inapplicable ; Pass         ; Inapplicable ; Inapplicable ; Inapplicable ; Inapplicable ; Pass      ; Pass      ; Pass      ; Inapplicable ; Inapplicable ;
; sel_word_idx[1]          ; Inapplicable ; Inapplicable ; Inapplicable ; Inapplicable ; Inapplicable ; Pass      ; Inapplicable ; Inapplicable ; Inapplicable ; Inapplicable ; Inapplicable ; Inapplicable ; Inapplicable ; Inapplicable ; Inapplicable ; Inapplicable ; Inapplicable ; Pass         ; Inapplicable ; Inapplicable ; Pass         ; Inapplicable ; Inapplicable ; Inapplicable ; Inapplicable ; Pass      ; Pass      ; Pass      ; Inapplicable ; Inapplicable ;
; sel_word_idx[0]          ; Inapplicable ; Inapplicable ; Inapplicable ; Inapplicable ; Inapplicable ; Pass      ; Inapplicable ; Inapplicable ; Inapplicable ; Inapplicable ; Inapplicable ; Inapplicable ; Inapplicable ; Inapplicable ; Inapplicable ; Inapplicable ; Inapplicable ; Pass         ; Inapplicable ; Inapplicable ; Pass         ; Inapplicable ; Inapplicable ; Inapplicable ; Inapplicable ; Pass      ; Pass      ; Pass      ; Inapplicable ; Inapplicable ;
; sel_word_idx[2]          ; Inapplicable ; Inapplicable ; Inapplicable ; Inapplicable ; Inapplicable ; Pass      ; Inapplicable ; Inapplicable ; Inapplicable ; Inapplicable ; Inapplicable ; Inapplicable ; Inapplicable ; Inapplicable ; Inapplicable ; Inapplicable ; Inapplicable ; Pass         ; Inapplicable ; Inapplicable ; Pass         ; Inapplicable ; Inapplicable ; Inapplicable ; Inapplicable ; Pass      ; Pass      ; Pass      ; Inapplicable ; Inapplicable ;
; sel_xmem                 ; Inapplicable ; Inapplicable ; Inapplicable ; Inapplicable ; Inapplicable ; Pass      ; Inapplicable ; Inapplicable ; Inapplicable ; Inapplicable ; Inapplicable ; Inapplicable ; Inapplicable ; Inapplicable ; Inapplicable ; Inapplicable ; Inapplicable ; Pass         ; Inapplicable ; Inapplicable ; Pass         ; Inapplicable ; Inapplicable ; Inapplicable ; Inapplicable ; Pass      ; Pass      ; Pass      ; Inapplicable ; Inapplicable ;
; mem_valid                ; Inapplicable ; Inapplicable ; Inapplicable ; Inapplicable ; Inapplicable ; Pass      ; Inapplicable ; Inapplicable ; Inapplicable ; Inapplicable ; Inapplicable ; Inapplicable ; Inapplicable ; Inapplicable ; Inapplicable ; Inapplicable ; Inapplicable ; Pass         ; Inapplicable ; Inapplicable ; Pass         ; Inapplicable ; Inapplicable ; Inapplicable ; Inapplicable ; Pass      ; Pass      ; Pass      ; Inapplicable ; Inapplicable ;
; mem_ack                  ; Inapplicable ; Inapplicable ; Inapplicable ; Inapplicable ; Inapplicable ; Pass      ; Inapplicable ; Inapplicable ; Inapplicable ; Inapplicable ; Inapplicable ; Inapplicable ; Inapplicable ; Inapplicable ; Inapplicable ; Inapplicable ; Inapplicable ; Pass         ; Inapplicable ; Inapplicable ; Pass         ; Inapplicable ; Inapplicable ; Inapplicable ; Inapplicable ; Pass      ; Pass      ; Pass      ; Inapplicable ; Inapplicable ;
; dummy_din[0]             ; Inapplicable ; Inapplicable ; Inapplicable ; Inapplicable ; Inapplicable ; Pass      ; Inapplicable ; Inapplicable ; Inapplicable ; Inapplicable ; Inapplicable ; Inapplicable ; Inapplicable ; Inapplicable ; Inapplicable ; Inapplicable ; Inapplicable ; Pass         ; Inapplicable ; Inapplicable ; Pass         ; Inapplicable ; Inapplicable ; Inapplicable ; Inapplicable ; Pass      ; Pass      ; Pass      ; Inapplicable ; Inapplicable ;
; dummy_din[1]             ; Inapplicable ; Inapplicable ; Inapplicable ; Inapplicable ; Inapplicable ; Pass      ; Inapplicable ; Inapplicable ; Inapplicable ; Inapplicable ; Inapplicable ; Inapplicable ; Inapplicable ; Inapplicable ; Inapplicable ; Inapplicable ; Inapplicable ; Pass         ; Inapplicable ; Inapplicable ; Pass         ; Inapplicable ; Inapplicable ; Inapplicable ; Inapplicable ; Pass      ; Pass      ; Pass      ; Inapplicable ; Inapplicable ;
; dummy_din[2]             ; Inapplicable ; Inapplicable ; Inapplicable ; Inapplicable ; Inapplicable ; Pass      ; Inapplicable ; Inapplicable ; Inapplicable ; Inapplicable ; Inapplicable ; Inapplicable ; Inapplicable ; Inapplicable ; Inapplicable ; Inapplicable ; Inapplicable ; Pass         ; Inapplicable ; Inapplicable ; Pass         ; Inapplicable ; Inapplicable ; Inapplicable ; Inapplicable ; Pass      ; Pass      ; Pass      ; Inapplicable ; Inapplicable ;
; dummy_din[3]             ; Inapplicable ; Inapplicable ; Inapplicable ; Inapplicable ; Inapplicable ; Pass      ; Inapplicable ; Inapplicable ; Inapplicable ; Inapplicable ; Inapplicable ; Inapplicable ; Inapplicable ; Inapplicable ; Inapplicable ; Inapplicable ; Inapplicable ; Pass         ; Inapplicable ; Inapplicable ; Pass         ; Inapplicable ; Inapplicable ; Inapplicable ; Inapplicable ; Pass      ; Pass      ; Pass      ; Inapplicable ; Inapplicable ;
; dummy_din[4]             ; Inapplicable ; Inapplicable ; Inapplicable ; Inapplicable ; Inapplicable ; Pass      ; Inapplicable ; Inapplicable ; Inapplicable ; Inapplicable ; Inapplicable ; Inapplicable ; Inapplicable ; Inapplicable ; Inapplicable ; Inapplicable ; Inapplicable ; Pass         ; Inapplicable ; Inapplicable ; Pass         ; Inapplicable ; Inapplicable ; Inapplicable ; Inapplicable ; Pass      ; Pass      ; Pass      ; Inapplicable ; Inapplicable ;
; dummy_din[5]             ; Inapplicable ; Inapplicable ; Inapplicable ; Inapplicable ; Inapplicable ; Pass      ; Inapplicable ; Inapplicable ; Inapplicable ; Inapplicable ; Inapplicable ; Inapplicable ; Inapplicable ; Inapplicable ; Inapplicable ; Inapplicable ; Inapplicable ; Pass         ; Inapplicable ; Inapplicable ; Pass         ; Inapplicable ; Inapplicable ; Inapplicable ; Inapplicable ; Pass      ; Pass      ; Pass      ; Inapplicable ; Inapplicable ;
; dummy_din[6]             ; Inapplicable ; Inapplicable ; Inapplicable ; Inapplicable ; Inapplicable ; Pass      ; Inapplicable ; Inapplicable ; Inapplicable ; Inapplicable ; Inapplicable ; Inapplicable ; Inapplicable ; Inapplicable ; Inapplicable ; Inapplicable ; Inapplicable ; Pass         ; Inapplicable ; Inapplicable ; Pass         ; Inapplicable ; Inapplicable ; Inapplicable ; Inapplicable ; Pass      ; Pass      ; Pass      ; Inapplicable ; Inapplicable ;
; dummy_din[7]             ; Inapplicable ; Inapplicable ; Inapplicable ; Inapplicable ; Inapplicable ; Pass      ; Inapplicable ; Inapplicable ; Inapplicable ; Inapplicable ; Inapplicable ; Inapplicable ; Inapplicable ; Inapplicable ; Inapplicable ; Inapplicable ; Inapplicable ; Pass         ; Inapplicable ; Inapplicable ; Pass         ; Inapplicable ; Inapplicable ; Inapplicable ; Inapplicable ; Pass      ; Pass      ; Pass      ; Inapplicable ; Inapplicable ;
; dummy_din[8]             ; Inapplicable ; Inapplicable ; Inapplicable ; Inapplicable ; Inapplicable ; Pass      ; Inapplicable ; Inapplicable ; Inapplicable ; Inapplicable ; Inapplicable ; Inapplicable ; Inapplicable ; Inapplicable ; Inapplicable ; Inapplicable ; Inapplicable ; Pass         ; Inapplicable ; Inapplicable ; Pass         ; Inapplicable ; Inapplicable ; Inapplicable ; Inapplicable ; Pass      ; Pass      ; Pass      ; Inapplicable ; Inapplicable ;
; dummy_din[9]             ; Inapplicable ; Inapplicable ; Inapplicable ; Inapplicable ; Inapplicable ; Pass      ; Inapplicable ; Inapplicable ; Inapplicable ; Inapplicable ; Inapplicable ; Inapplicable ; Inapplicable ; Inapplicable ; Inapplicable ; Inapplicable ; Inapplicable ; Pass         ; Inapplicable ; Inapplicable ; Pass         ; Inapplicable ; Inapplicable ; Inapplicable ; Inapplicable ; Pass      ; Pass      ; Pass      ; Inapplicable ; Inapplicable ;
; dummy_din[10]            ; Inapplicable ; Inapplicable ; Inapplicable ; Inapplicable ; Inapplicable ; Pass      ; Inapplicable ; Inapplicable ; Inapplicable ; Inapplicable ; Inapplicable ; Inapplicable ; Inapplicable ; Inapplicable ; Inapplicable ; Inapplicable ; Inapplicable ; Pass         ; Inapplicable ; Inapplicable ; Pass         ; Inapplicable ; Inapplicable ; Inapplicable ; Inapplicable ; Pass      ; Pass      ; Pass      ; Inapplicable ; Inapplicable ;
; dummy_din[11]            ; Inapplicable ; Inapplicable ; Inapplicable ; Inapplicable ; Inapplicable ; Pass      ; Inapplicable ; Inapplicable ; Inapplicable ; Inapplicable ; Inapplicable ; Inapplicable ; Inapplicable ; Inapplicable ; Inapplicable ; Inapplicable ; Inapplicable ; Pass         ; Inapplicable ; Inapplicable ; Pass         ; Inapplicable ; Inapplicable ; Inapplicable ; Inapplicable ; Pass      ; Pass      ; Pass      ; Inapplicable ; Inapplicable ;
; dummy_din[12]            ; Inapplicable ; Inapplicable ; Inapplicable ; Inapplicable ; Inapplicable ; Pass      ; Inapplicable ; Inapplicable ; Inapplicable ; Inapplicable ; Inapplicable ; Inapplicable ; Inapplicable ; Inapplicable ; Inapplicable ; Inapplicable ; Inapplicable ; Pass         ; Inapplicable ; Inapplicable ; Pass         ; Inapplicable ; Inapplicable ; Inapplicable ; Inapplicable ; Pass      ; Pass      ; Pass      ; Inapplicable ; Inapplicable ;
; dummy_din[13]            ; Inapplicable ; Inapplicable ; Inapplicable ; Inapplicable ; Inapplicable ; Pass      ; Inapplicable ; Inapplicable ; Inapplicable ; Inapplicable ; Inapplicable ; Inapplicable ; Inapplicable ; Inapplicable ; Inapplicable ; Inapplicable ; Inapplicable ; Pass         ; Inapplicable ; Inapplicable ; Pass         ; Inapplicable ; Inapplicable ; Inapplicable ; Inapplicable ; Pass      ; Pass      ; Pass      ; Inapplicable ; Inapplicable ;
; dummy_din[14]            ; Inapplicable ; Inapplicable ; Inapplicable ; Inapplicable ; Inapplicable ; Pass      ; Inapplicable ; Inapplicable ; Inapplicable ; Inapplicable ; Inapplicable ; Inapplicable ; Inapplicable ; Inapplicable ; Inapplicable ; Inapplicable ; Inapplicable ; Pass         ; Inapplicable ; Inapplicable ; Pass         ; Inapplicable ; Inapplicable ; Inapplicable ; Inapplicable ; Pass      ; Pass      ; Pass      ; Inapplicable ; Inapplicable ;
; dummy_din[15]            ; Inapplicable ; Inapplicable ; Inapplicable ; Inapplicable ; Inapplicable ; Pass      ; Inapplicable ; Inapplicable ; Inapplicable ; Inapplicable ; Inapplicable ; Inapplicable ; Inapplicable ; Inapplicable ; Inapplicable ; Inapplicable ; Inapplicable ; Pass         ; Inapplicable ; Inapplicable ; Pass         ; Inapplicable ; Inapplicable ; Inapplicable ; Inapplicable ; Pass      ; Pass      ; Pass      ; Inapplicable ; Inapplicable ;
; host_regs_valid_pulse    ; Inapplicable ; Inapplicable ; Inapplicable ; Inapplicable ; Inapplicable ; Pass      ; Inapplicable ; Inapplicable ; Inapplicable ; Inapplicable ; Inapplicable ; Inapplicable ; Inapplicable ; Inapplicable ; Inapplicable ; Inapplicable ; Inapplicable ; Pass         ; Inapplicable ; Inapplicable ; Pass         ; Inapplicable ; Inapplicable ; Inapplicable ; Inapplicable ; Pass      ; Pass      ; Pass      ; Inapplicable ; Inapplicable ;
; sel_word_idx[3]          ; Inapplicable ; Inapplicable ; Inapplicable ; Inapplicable ; Inapplicable ; Pass      ; Inapplicable ; Inapplicable ; Inapplicable ; Inapplicable ; Inapplicable ; Inapplicable ; Inapplicable ; Inapplicable ; Inapplicable ; Inapplicable ; Inapplicable ; Pass         ; Inapplicable ; Inapplicable ; Pass         ; Inapplicable ; Inapplicable ; Inapplicable ; Inapplicable ; Pass      ; Pass      ; Pass      ; Inapplicable ; Inapplicable ;
; dummy_din[16]            ; Inapplicable ; Inapplicable ; Inapplicable ; Inapplicable ; Inapplicable ; Pass      ; Inapplicable ; Inapplicable ; Inapplicable ; Inapplicable ; Inapplicable ; Inapplicable ; Inapplicable ; Inapplicable ; Inapplicable ; Inapplicable ; Inapplicable ; Pass         ; Inapplicable ; Inapplicable ; Pass         ; Inapplicable ; Inapplicable ; Inapplicable ; Inapplicable ; Pass      ; Pass      ; Pass      ; Inapplicable ; Inapplicable ;
; dummy_din[24]            ; Inapplicable ; Inapplicable ; Inapplicable ; Inapplicable ; Inapplicable ; Pass      ; Inapplicable ; Inapplicable ; Inapplicable ; Inapplicable ; Inapplicable ; Inapplicable ; Inapplicable ; Inapplicable ; Inapplicable ; Inapplicable ; Inapplicable ; Pass         ; Inapplicable ; Inapplicable ; Pass         ; Inapplicable ; Inapplicable ; Inapplicable ; Inapplicable ; Pass      ; Pass      ; Pass      ; Inapplicable ; Inapplicable ;
; dummy_din[19]            ; Inapplicable ; Inapplicable ; Inapplicable ; Inapplicable ; Inapplicable ; Pass      ; Inapplicable ; Inapplicable ; Inapplicable ; Inapplicable ; Inapplicable ; Inapplicable ; Inapplicable ; Inapplicable ; Inapplicable ; Inapplicable ; Inapplicable ; Pass         ; Inapplicable ; Inapplicable ; Pass         ; Inapplicable ; Inapplicable ; Inapplicable ; Inapplicable ; Pass      ; Pass      ; Pass      ; Inapplicable ; Inapplicable ;
; dummy_din[27]            ; Inapplicable ; Inapplicable ; Inapplicable ; Inapplicable ; Inapplicable ; Pass      ; Inapplicable ; Inapplicable ; Inapplicable ; Inapplicable ; Inapplicable ; Inapplicable ; Inapplicable ; Inapplicable ; Inapplicable ; Inapplicable ; Inapplicable ; Pass         ; Inapplicable ; Inapplicable ; Pass         ; Inapplicable ; Inapplicable ; Inapplicable ; Inapplicable ; Pass      ; Pass      ; Pass      ; Inapplicable ; Inapplicable ;
; dummy_din[18]            ; Inapplicable ; Inapplicable ; Inapplicable ; Inapplicable ; Inapplicable ; Pass      ; Inapplicable ; Inapplicable ; Inapplicable ; Inapplicable ; Inapplicable ; Inapplicable ; Inapplicable ; Inapplicable ; Inapplicable ; Inapplicable ; Inapplicable ; Pass         ; Inapplicable ; Inapplicable ; Pass         ; Inapplicable ; Inapplicable ; Inapplicable ; Inapplicable ; Pass      ; Pass      ; Pass      ; Inapplicable ; Inapplicable ;
; dummy_din[26]            ; Inapplicable ; Inapplicable ; Inapplicable ; Inapplicable ; Inapplicable ; Pass      ; Inapplicable ; Inapplicable ; Inapplicable ; Inapplicable ; Inapplicable ; Inapplicable ; Inapplicable ; Inapplicable ; Inapplicable ; Inapplicable ; Inapplicable ; Pass         ; Inapplicable ; Inapplicable ; Pass         ; Inapplicable ; Inapplicable ; Inapplicable ; Inapplicable ; Pass      ; Pass      ; Pass      ; Inapplicable ; Inapplicable ;
; dummy_din[17]            ; Inapplicable ; Inapplicable ; Inapplicable ; Inapplicable ; Inapplicable ; Pass      ; Inapplicable ; Inapplicable ; Inapplicable ; Inapplicable ; Inapplicable ; Inapplicable ; Inapplicable ; Inapplicable ; Inapplicable ; Inapplicable ; Inapplicable ; Pass         ; Inapplicable ; Inapplicable ; Pass         ; Inapplicable ; Inapplicable ; Inapplicable ; Inapplicable ; Pass      ; Pass      ; Pass      ; Inapplicable ; Inapplicable ;
; dummy_din[25]            ; Inapplicable ; Inapplicable ; Inapplicable ; Inapplicable ; Inapplicable ; Pass      ; Inapplicable ; Inapplicable ; Inapplicable ; Inapplicable ; Inapplicable ; Inapplicable ; Inapplicable ; Inapplicable ; Inapplicable ; Inapplicable ; Inapplicable ; Pass         ; Inapplicable ; Inapplicable ; Pass         ; Inapplicable ; Inapplicable ; Inapplicable ; Inapplicable ; Pass      ; Pass      ; Pass      ; Inapplicable ; Inapplicable ;
+--------------------------+--------------+--------------+--------------+--------------+--------------+-----------+--------------+--------------+--------------+--------------+--------------+--------------+--------------+--------------+--------------+--------------+--------------+--------------+--------------+--------------+--------------+--------------+--------------+--------------+--------------+-----------+-----------+-----------+--------------+--------------+


+-------------------------------------------------------------------------------------------+
; Fitter Device Options                                                                     ;
+------------------------------------------------------------------+------------------------+
; Option                                                           ; Setting                ;
+------------------------------------------------------------------+------------------------+
; Enable user-supplied start-up clock (CLKUSR)                     ; Off                    ;
; Enable device-wide reset (DEV_CLRn)                              ; Off                    ;
; Enable device-wide output enable (DEV_OE)                        ; Off                    ;
; Enable INIT_DONE output                                          ; Off                    ;
; Configuration scheme                                             ; Internal Configuration ;
; Enable Error Detection CRC_ERROR pin                             ; Off                    ;
; Enable open drain on CRC_ERROR pin                               ; Off                    ;
; Enable nCONFIG, nSTATUS, and CONF_DONE pins                      ; On                     ;
; Enable JTAG pin sharing                                          ; Off                    ;
; Enable nCE pin                                                   ; Off                    ;
; Enable CONFIG_SEL pin                                            ; On                     ;
; Enable input tri-state on active configuration pins in user mode ; Off                    ;
; Configuration Voltage Level                                      ; Auto                   ;
; Force Configuration Voltage Level                                ; Off                    ;
; Data[0]                                                          ; Unreserved             ;
; Data[1]/ASDO                                                     ; Unreserved             ;
; FLASH_nCE/nCSO                                                   ; Unreserved             ;
; DCLK                                                             ; Unreserved             ;
+------------------------------------------------------------------+------------------------+


+------------------------------------+
; Operating Settings and Conditions  ;
+---------------------------+--------+
; Setting                   ; Value  ;
+---------------------------+--------+
; Nominal Core Voltage      ; 1.20 V ;
; Low Junction Temperature  ; 0 °C   ;
; High Junction Temperature ; 85 °C  ;
+---------------------------+--------+


+------------------------------------------------------------+
; Estimated Delay Added for Hold Timing Summary              ;
+-----------------+----------------------+-------------------+
; Source Clock(s) ; Destination Clock(s) ; Delay Added in ns ;
+-----------------+----------------------+-------------------+
Note: For more information on problematic transfers, consider running the Fitter again with the Optimize hold timing option (Settings Menu) turned off.
This will disable optimization of problematic paths and expose them for further analysis using the Timing Analyzer.


+-------------------------------------------------------------------------------------------------------------------------------+
; Estimated Delay Added for Hold Timing Details                                                                                 ;
+-----------------------------------------------------+-----------------------------------------------------+-------------------+
; Source Register                                     ; Destination Register                                ; Delay Added in ns ;
+-----------------------------------------------------+-----------------------------------------------------+-------------------+
; alwaysud:alwaysud|alwaysud_solver:solver|state.INIT ; alwaysud:alwaysud|alwaysud_solver:solver|state.STEP ; 0.038             ;
+-----------------------------------------------------+-----------------------------------------------------+-------------------+
Note: This table only shows the top 1 path(s) that have the largest delay added for hold.


+-----------------+
; Fitter Messages ;
+-----------------+
Info (119006): Selected device 10M50DAF484C7G for design "alwaysud"
Info (21076): High junction temperature operating condition is not set. Assuming a default value of '85'.
Info (21076): Low junction temperature operating condition is not set. Assuming a default value of '0'.
Info (171003): Fitter is performing an Auto Fit compilation, which may decrease Fitter effort to reduce compilation time
Warning (292013): Feature LogicLock is only available with a valid subscription license. You can purchase a software subscription to gain full access to this feature.
Info (176444): Device migration not selected. If you intend to use device migration later, you may need to change the pin assignments as they may be incompatible with other devices
    Info (176445): Device 10M08DAF484I7G is compatible
    Info (176445): Device 10M08DAF484I7P is compatible
    Info (176445): Device 10M16DAF484A7G is compatible
    Info (176445): Device 10M16DAF484C7G is compatible
    Info (176445): Device 10M16DAF484I7G is compatible
    Info (176445): Device 10M16DAF484I7P is compatible
    Info (176445): Device 10M25DAF484A7G is compatible
    Info (176445): Device 10M25DAF484C7G is compatible
    Info (176445): Device 10M25DAF484I7G is compatible
    Info (176445): Device 10M50DAF484I7G is compatible
    Info (176445): Device 10M50DAF484I7P is compatible
    Info (176445): Device 10M40DAF484C7G is compatible
    Info (176445): Device 10M40DAF484I7G is compatible
Info (169124): Fitter converted 8 user pins into dedicated programming pins
    Info (169125): Pin ~ALTERA_TMS~ is reserved at location H2
    Info (169125): Pin ~ALTERA_TCK~ is reserved at location G2
    Info (169125): Pin ~ALTERA_TDI~ is reserved at location L4
    Info (169125): Pin ~ALTERA_TDO~ is reserved at location M5
    Info (169125): Pin ~ALTERA_CONFIG_SEL~ is reserved at location H10
    Info (169125): Pin ~ALTERA_nCONFIG~ is reserved at location H9
    Info (169125): Pin ~ALTERA_nSTATUS~ is reserved at location G9
    Info (169125): Pin ~ALTERA_CONF_DONE~ is reserved at location F8
Info (169141): DATA[0] dual-purpose pin not reserved
Info (12825): Data[1]/ASDO dual-purpose pin not reserved
Info (12825): nCSO dual-purpose pin not reserved
Info (12825): DCLK dual-purpose pin not reserved
Warning (15714): Some pins have incomplete I/O assignments. Refer to the I/O Assignment Warnings report for details
Critical Warning (169085): No exact pin location assignment(s) for 120 pins of 120 total pins. For the list of pins please refer to the I/O Assignment Warnings table in the fitter report.
Critical Warning (332012): Synopsys Design Constraints File file not found: '/data/project/tsmc65/shared/qsyn/basic.sdc'. A Synopsys Design Constraints File is required by the Timing Analyzer to get proper timing constraints. Without it, the Compiler will not properly optimize the design.
Info (332144): No user constrained base clocks found in the design
Info (332143): No user constrained clock uncertainty found in the design. Calling "derive_clock_uncertainty"
Info (332154): The derive_clock_uncertainty command did not apply clock uncertainty to any clock-to-clock transfers.
Info (332130): Timing requirements not specified -- quality metrics such as performance may be sacrificed to reduce compilation time.
Info (176353): Automatically promoted node clk~input (placed in PIN M8 (CLK1n, DIFFIO_RX_L36n, DIFFOUT_L36n, High_Speed)) File: /data/project/tsmc65/shared/qsyn/qsyn_dummy_xlr_wrap/qsyn_dummy_xlr_wrap_hri.sv Line: 8
    Info (176355): Automatically promoted destinations to use location or clock signal Global Clock CLKCTRL_G3
Info (176353): Automatically promoted node rst_n~input (placed in PIN M9 (CLK1p, DIFFIO_RX_L36p, DIFFOUT_L36p, High_Speed)) File: /data/project/tsmc65/shared/qsyn/qsyn_dummy_xlr_wrap/qsyn_dummy_xlr_wrap_hri.sv Line: 9
    Info (176355): Automatically promoted destinations to use location or clock signal Global Clock CLKCTRL_G4
    Info (176356): Following destination nodes may be non-global or may not use global or regional clocks
        Info (176357): Destination node alwaysud:alwaysud|alwaysud_solver:solver|comb~2
        Info (176357): Destination node alwaysud:alwaysud|alwaysud_solver:solver|comb~3
        Info (176357): Destination node alwaysud:alwaysud|alwaysud_solver:solver|st_cell~977 File: /data/project/tsmc65/users/perezba/ws/my_k5_proj/hw/xlrs/alwaysud/alwaysud_solver.sv Line: 47
Info (176233): Starting register packing
Info (176235): Finished register packing
    Extra Info (176219): No registers were packed into other blocks
Info (176214): Statistics of I/O pins that need to be placed that use the same VCCIO and VREF, before I/O pin placement
    Info (176211): Number of I/O pins in group: 118 (unused VREF, 2.5V VCCIO, 61 input, 57 output, 0 bidirectional)
        Info (176212): I/O standards used: 2.5 V.
Info (176215): I/O bank details before I/O pin placement
    Info (176214): Statistics of I/O banks
        Info (176213): I/O bank number 1A does not use VREF pins and has undetermined VCCIO pins. 0 total pin(s) used --  16 pins available
        Info (176213): I/O bank number 1B does not use VREF pins and has undetermined VCCIO pins. 4 total pin(s) used --  20 pins available
        Info (176213): I/O bank number 2 does not use VREF pins and has undetermined VCCIO pins. 2 total pin(s) used --  34 pins available
        Info (176213): I/O bank number 3 does not use VREF pins and has undetermined VCCIO pins. 0 total pin(s) used --  48 pins available
        Info (176213): I/O bank number 4 does not use VREF pins and has undetermined VCCIO pins. 0 total pin(s) used --  48 pins available
        Info (176213): I/O bank number 5 does not use VREF pins and has undetermined VCCIO pins. 0 total pin(s) used --  40 pins available
        Info (176213): I/O bank number 6 does not use VREF pins and has undetermined VCCIO pins. 0 total pin(s) used --  60 pins available
        Info (176213): I/O bank number 7 does not use VREF pins and has undetermined VCCIO pins. 0 total pin(s) used --  52 pins available
        Info (176213): I/O bank number 8 does not use VREF pins and has undetermined VCCIO pins. 4 total pin(s) used --  32 pins available
Info (171121): Fitter preparation operations ending: elapsed time is 00:00:24
Info (14896): Fitter has disabled Advanced Physical Optimization because it is not supported for the current family.
Info (170189): Fitter placement preparation operations beginning
Info (170190): Fitter placement preparation operations ending: elapsed time is 00:00:19
Info (170191): Fitter placement operations beginning
Info (170137): Fitter placement was successful
Info (170192): Fitter placement operations ending: elapsed time is 00:03:51
Info (170193): Fitter routing operations beginning
Info (170195): Router estimated average interconnect usage is 28% of the available device resources
    Info (170196): Router estimated peak interconnect usage is 108% of the available device resources in the region that extends from location X11_Y11 to location X21_Y21
Warning (16684): The router is trying to resolve an exceedingly large amount of congestion. At the moment, it predicts long routing run time and/or significant setup or hold timing failures. Congestion details can be found in the Chip Planner.
Info (170131): Fitter routing phase terminated due to predicted failure from congestion on column routing resources
    Info (170132): Routing phase ended with 8989 interconnect resources used by multiple signals
    Info (170196): Router estimated peak interconnect usage is 112% of the available device resources in the region that extends from location X8_Y19 to location X19_Y20
    Info (170133): The likelihood of this design fitting with aggressive routability optimizations is moderate
Warning (16618): Fitter routing phase terminated due to routing congestion. Congestion details can be found in Chip Planner.
Info (170134): Cannot fit design in device -- retrying with increased optimization that can result in longer processing time
Info (170199): The Fitter performed an Auto Fit compilation.  Optimizations were skipped to reduce compilation time.
    Info (170201): Optimizations that may affect the design's routability were skipped
Info (170194): Fitter routing operations ending: elapsed time is 00:01:37
Info (170197): The Fitter will not skip routability optimizations in all subsequent fit attempts
Info (170189): Fitter placement preparation operations beginning
Info (170190): Fitter placement preparation operations ending: elapsed time is 00:00:19
Info (170191): Fitter placement operations beginning
Info (170137): Fitter placement was successful
Info (170192): Fitter placement operations ending: elapsed time is 00:13:14
Info (170193): Fitter routing operations beginning
Info (170195): Router estimated average interconnect usage is 27% of the available device resources
    Info (170196): Router estimated peak interconnect usage is 96% of the available device resources in the region that extends from location X56_Y11 to location X66_Y21
Warning (16684): The router is trying to resolve an exceedingly large amount of congestion. At the moment, it predicts long routing run time and/or significant setup or hold timing failures. Congestion details can be found in the Chip Planner.
Info (170236): Routing optimizations have been running for 1 hour(s)
    Info (170242): 23751 out of 24666 signals have been routed.
    Info (170238): 630 interconnect resources are used by multiple signals.
Info (170236): Routing optimizations have been running for 2 hour(s)
    Info (170242): 24273 out of 24666 signals have been routed.
    Info (170238): 238 interconnect resources are used by multiple signals.
Info (170236): Routing optimizations have been running for 3 hour(s)
    Info (170242): 24602 out of 24666 signals have been routed.
    Info (170238): 32 interconnect resources are used by multiple signals.
Info (170202): The Fitter performed an Auto Fit compilation.  No optimizations were skipped because the design's timing and routability requirements required full optimization.
Info (170194): Fitter routing operations ending: elapsed time is 03:37:18
Info (11888): Total time spent on timing analysis during the Fitter is 47.92 seconds.
Info (334003): Started post-fitting delay annotation
Info (334004): Delay annotation completed successfully
Info (334003): Started post-fitting delay annotation
Info (334004): Delay annotation completed successfully
Info (11218): Fitter post-fit operations ending: elapsed time is 00:02:22
Info (144001): Generated suppressed messages file /project/tsmc65/users/perezba/ws/my_k5_proj/hw/xlrs/alwaysud/qsyn_output_files/alwaysud.fit.smsg
Info: Quartus Prime Fitter was successful. 0 errors, 7 warnings
    Info: Peak virtual memory: 1264 megabytes
    Info: Processing ended: Fri Sep  4 23:49:16 2026
    Info: Elapsed time: 04:00:23
    Info: Total CPU time (on all processors): 01:26:16


+----------------------------+
; Fitter Suppressed Messages ;
+----------------------------+
The suppressed messages can be found in /project/tsmc65/users/perezba/ws/my_k5_proj/hw/xlrs/alwaysud/qsyn_output_files/alwaysud.fit.smsg.


