Info: *******************************************************************
Info: Running Quartus Prime Timing Analyzer
    Info: Version 24.1std.0 Build 1077 03/04/2025 SC Lite Edition
    Info: Copyright (C) 2025  Altera Corporation. All rights reserved.
    Info: Your use of Altera Corporation's design tools, logic functions 
    Info: and other software and tools, and any partner logic 
    Info: functions, and any output files from any of the foregoing 
    Info: (including device programming or simulation files), and any 
    Info: associated documentation or information are expressly subject 
    Info: to the terms and conditions of the Altera Program License 
    Info: Subscription Agreement, the Altera Quartus Prime License Agreement,
    Info: the Altera IP License Agreement, or other applicable license
    Info: agreement, including, without limitation, that your use is for
    Info: the sole purpose of programming logic devices manufactured by
    Info: Altera and sold by Altera or its authorized distributors.  Please
    Info: refer to the Altera Software License Subscription Agreements 
    Info: on the Quartus Prime software download page.
    Info: Processing started: Sun Sep  6 00:54:25 2026
Info: Command: quartus_sta -t /data/project/tsmc65/shared/qsyn/util/report_worst.tcl alwaysud
Info: Quartus(args): alwaysud
Info (21076): High junction temperature operating condition is not set. Assuming a default value of '85'.
Info (21076): Low junction temperature operating condition is not set. Assuming a default value of '0'.
Critical Warning (332012): Synopsys Design Constraints File file not found: '/data/project/tsmc65/shared/qsyn/basic.sdc'. A Synopsys Design Constraints File is required by the Timing Analyzer to get proper timing constraints. Without it, the Compiler will not properly optimize the design.
Info (332142): No user constrained base clocks found in the design. Calling "derive_clocks -period 1.0"
Info (332105): Deriving Clocks
    Info (332105): create_clock -period 1.000 -name clk clk
Info (332143): No user constrained clock uncertainty found in the design. Calling "derive_clock_uncertainty"
Info (332123): Deriving Clock Uncertainty. Please refer to report_sdc in the Timing Analyzer to see clock uncertainties.
Info (332115): Report Timing: Found 20 setup paths (20 violated).  Worst case slack is -44.677
    Info (332115): -setup
    Info (332115): -npaths 20
    Info (332115): -detail full_path
    Info (332115): -stdout
Info (332115): Path #1: Setup slack is -44.677 (VIOLATED)
    Info (332115): ===================================================================
    Info (332115): From Node    : alwaysud:alwaysud|alwaysud_solver:solver|used[9][8]
    Info (332115): To Node      : alwaysud:alwaysud|alwaysud_solver:solver|used[13][7]
    Info (332115): Launch Clock : clk
    Info (332115): Latch Clock  : clk
    Info (332115): Data Arrival Path:
    Info (332115): Total (ns)  Incr (ns)     Type  Element
    Info (332115): ==========  ========= ==  ====  ===================================
    Info (332115):      0.000      0.000           launch edge time
    Info (332115):      0.000      0.000           source latency
    Info (332115):      0.000      0.000           clk
    Info (332115):      0.000      0.000 RR    IC  clk~input|i
    Info (332115):      0.708      0.708 RR  CELL  clk~input|o
    Info (332115):      1.602      0.894 RR    IC  clk~inputclkctrl|inclk[0]
    Info (332115):      1.602      0.000 RR  CELL  clk~inputclkctrl|outclk
    Info (332115):      3.072      1.470 RR    IC  alwaysud|solver|used[9][8]|clk
    Info (332115):      3.582      0.510 RR  CELL  alwaysud:alwaysud|alwaysud_solver:solver|used[9][8]
    Info (332115):      3.789      0.207     uTco  alwaysud:alwaysud|alwaysud_solver:solver|used[9][8]
    Info (332115):      3.789      0.000 RR  CELL  alwaysud|solver|used[9][8]|q
    Info (332115):      6.311      2.522 RR    IC  alwaysud|solver|cellused[18][8]|datad
    Info (332115):      6.456      0.145 RF  CELL  alwaysud|solver|cellused[18][8]|combout
    Info (332115):      7.230      0.774 FF    IC  alwaysud|solver|availc[18][8]~699|dataa
    Info (332115):      7.585      0.355 FF  CELL  alwaysud|solver|availc[18][8]~699|combout
    Info (332115):      9.615      2.030 FF    IC  alwaysud|solver|unit_avail[2][8]~1332|datac
    Info (332115):      9.918      0.303 FF  CELL  alwaysud|solver|unit_avail[2][8]~1332|combout
    Info (332115):     10.202      0.284 FF    IC  alwaysud|solver|unit_avail[2][8]~1333|datab
    Info (332115):     10.626      0.424 FF  CELL  alwaysud|solver|unit_avail[2][8]~1333|combout
    Info (332115):     10.860      0.234 FF    IC  alwaysud|solver|unit_avail[2][8]~1334|datad
    Info (332115):     10.991      0.131 FF  CELL  alwaysud|solver|unit_avail[2][8]~1334|combout
    Info (332115):     11.234      0.243 FF    IC  alwaysud|solver|unit_avail[2][8]~1335|datac
    Info (332115):     11.537      0.303 FF  CELL  alwaysud|solver|unit_avail[2][8]~1335|combout
    Info (332115):     12.598      1.061 FF    IC  alwaysud|solver|unit_avail[2][8]~1336|datac
    Info (332115):     12.901      0.303 FF  CELL  alwaysud|solver|unit_avail[2][8]~1336|combout
    Info (332115):     13.135      0.234 FF    IC  alwaysud|solver|unit_avail[2][8]~1337|datad
    Info (332115):     13.296      0.161 FR  CELL  alwaysud|solver|unit_avail[2][8]~1337|combout
    Info (332115):     13.671      0.375 RR    IC  alwaysud|solver|unit_avail[2][8]~1488|datad
    Info (332115):     13.837      0.166 RR  CELL  alwaysud|solver|unit_avail[2][8]~1488|combout
    Info (332115):     14.136      0.299 RR    IC  alwaysud|solver|hitk~114|datab
    Info (332115):     14.559      0.423 RR  CELL  alwaysud|solver|hitk~114|combout
    Info (332115):     15.180      0.621 RR    IC  alwaysud|solver|iso9~88|datac
    Info (332115):     15.464      0.284 RF  CELL  alwaysud|solver|iso9~88|combout
    Info (332115):     15.878      0.414 FF    IC  alwaysud|solver|Equal109~3|datac
    Info (332115):     16.181      0.303 FF  CELL  alwaysud|solver|Equal109~3|combout
    Info (332115):     16.423      0.242 FF    IC  alwaysud|solver|Equal109~5|datac
    Info (332115):     16.726      0.303 FF  CELL  alwaysud|solver|Equal109~5|combout
    Info (332115):     17.593      0.867 FF    IC  alwaysud|solver|hitk~65|datab
    Info (332115):     17.963      0.370 FF  CELL  alwaysud|solver|hitk~65|combout
    Info (332115):     18.263      0.300 FF    IC  alwaysud|solver|hitk~67|datab
    Info (332115):     18.687      0.424 FF  CELL  alwaysud|solver|hitk~67|combout
    Info (332115):     18.928      0.241 FF    IC  alwaysud|solver|hitk~68|datac
    Info (332115):     19.226      0.298 FF  CELL  alwaysud|solver|hitk~68|combout
    Info (332115):     19.514      0.288 FF    IC  alwaysud|solver|hitk~69|dataa
    Info (332115):     19.919      0.405 FF  CELL  alwaysud|solver|hitk~69|combout
    Info (332115):     20.153      0.234 FF    IC  alwaysud|solver|hitk~71|datad
    Info (332115):     20.284      0.131 FF  CELL  alwaysud|solver|hitk~71|combout
    Info (332115):     20.518      0.234 FF    IC  alwaysud|solver|hitk~72|datad
    Info (332115):     20.649      0.131 FF  CELL  alwaysud|solver|hitk~72|combout
    Info (332115):     20.888      0.239 FF    IC  alwaysud|solver|hitk[2]~73|datad
    Info (332115):     21.019      0.131 FF  CELL  alwaysud|solver|hitk[2]~73|combout
    Info (332115):     22.076      1.057 FF    IC  alwaysud|solver|always2~19|dataa
    Info (332115):     22.451      0.375 FR  CELL  alwaysud|solver|always2~19|combout
    Info (332115):     24.376      1.925 RR    IC  alwaysud|solver|WideOr10~3|datad
    Info (332115):     24.542      0.166 RR  CELL  alwaysud|solver|WideOr10~3|combout
    Info (332115):     24.800      0.258 RR    IC  alwaysud|solver|WideOr28~6|dataa
    Info (332115):     25.222      0.422 RR  CELL  alwaysud|solver|WideOr28~6|combout
    Info (332115):     26.514      1.292 RR    IC  alwaysud|solver|WideOr28~7|datac
    Info (332115):     26.818      0.304 RR  CELL  alwaysud|solver|WideOr28~7|combout
    Info (332115):     27.046      0.228 RR    IC  alwaysud|solver|WideOr55~3|datad
    Info (332115):     27.212      0.166 RR  CELL  alwaysud|solver|WideOr55~3|combout
    Info (332115):     27.870      0.658 RR    IC  alwaysud|solver|cand_v[56]~18|datab
    Info (332115):     28.243      0.373 RF  CELL  alwaysud|solver|cand_v[56]~18|combout
    Info (332115):     28.482      0.239 FF    IC  alwaysud|solver|cand_v[56]~19|datad
    Info (332115):     28.613      0.131 FF  CELL  alwaysud|solver|cand_v[56]~19|combout
    Info (332115):     29.419      0.806 FF    IC  alwaysud|solver|cand_v[46]~22|datac
    Info (332115):     29.722      0.303 FF  CELL  alwaysud|solver|cand_v[46]~22|combout
    Info (332115):     29.993      0.271 FF    IC  alwaysud|solver|cand_v[2]~42|datac
    Info (332115):     30.296      0.303 FF  CELL  alwaysud|solver|cand_v[2]~42|combout
    Info (332115):     31.309      1.013 FF    IC  alwaysud|solver|cand_v[10]~77|datab
    Info (332115):     31.663      0.354 FF  CELL  alwaysud|solver|cand_v[10]~77|combout
    Info (332115):     31.930      0.267 FF    IC  alwaysud|solver|cand_v[10]~109|datad
    Info (332115):     32.061      0.131 FF  CELL  alwaysud|solver|cand_v[10]~109|combout
    Info (332115):     32.305      0.244 FF    IC  alwaysud|solver|cand_v[10]~120|datad
    Info (332115):     32.436      0.131 FF  CELL  alwaysud|solver|cand_v[10]~120|combout
    Info (332115):     33.198      0.762 FF    IC  alwaysud|solver|selv[14]~9|datad
    Info (332115):     33.359      0.161 FR  CELL  alwaysud|solver|selv[14]~9|combout
    Info (332115):     34.334      0.975 RR    IC  alwaysud|solver|WideOr85|datad
    Info (332115):     34.479      0.145 RF  CELL  alwaysud|solver|WideOr85|combout
    Info (332115):     34.835      0.356 FF    IC  alwaysud|solver|iso9~270|datab
    Info (332115):     35.252      0.417 FR  CELL  alwaysud|solver|iso9~270|combout
    Info (332115):     36.272      1.020 RR    IC  alwaysud|solver|iso9~272|datad
    Info (332115):     36.438      0.166 RR  CELL  alwaysud|solver|iso9~272|combout
    Info (332115):     36.908      0.470 RR    IC  alwaysud|solver|iso9~274|datad
    Info (332115):     37.074      0.166 RR  CELL  alwaysud|solver|iso9~274|combout
    Info (332115):     37.553      0.479 RR    IC  alwaysud|solver|selv[79]~87|datac
    Info (332115):     37.858      0.305 RR  CELL  alwaysud|solver|selv[79]~87|combout
    Info (332115):     39.736      1.878 RR    IC  alwaysud|solver| renamed_net_480~77|datac
    Info (332115):     40.041      0.305 RR  CELL  alwaysud|solver| renamed_net_480~77|combout
    Info (332115):     40.244      0.203 RR    IC  alwaysud|solver| renamed_net_480~80|datad
    Info (332115):     40.410      0.166 RR  CELL  alwaysud|solver| renamed_net_480~80|combout
    Info (332115):     41.156      0.746 RR    IC  alwaysud|solver| renamed_net_480~86|datad
    Info (332115):     41.322      0.166 RR  CELL  alwaysud|solver| renamed_net_480~86|combout
    Info (332115):     43.268      1.946 RR    IC  alwaysud|solver| renamed_net_480~122|datab
    Info (332115):     43.691      0.423 RR  CELL  alwaysud|solver| renamed_net_480~122|combout
    Info (332115):     43.895      0.204 RR    IC  alwaysud|solver| renamed_net_480~231|datac
    Info (332115):     44.199      0.304 RR  CELL  alwaysud|solver| renamed_net_480~231|combout
    Info (332115):     44.451      0.252 RR    IC  alwaysud|solver|pick_bit[4]~0|datab
    Info (332115):     44.893      0.442 RF  CELL  alwaysud|solver|pick_bit[4]~0|combout
    Info (332115):     45.229      0.336 FF    IC  alwaysud|solver|pick_bit[6]~1|datab
    Info (332115):     45.633      0.404 FF  CELL  alwaysud|solver|pick_bit[6]~1|combout
    Info (332115):     46.081      0.448 FF    IC  alwaysud|solver|pick_bit[7]~8|datad
    Info (332115):     46.212      0.131 FF  CELL  alwaysud|solver|pick_bit[7]~8|combout
    Info (332115):     48.464      2.252 FF    IC  alwaysud|solver|used~725|datac
    Info (332115):     48.767      0.303 FF  CELL  alwaysud|solver|used~725|combout
    Info (332115):     48.999      0.232 FF    IC  alwaysud|solver|used[13][7]~4|datad
    Info (332115):     49.130      0.131 FF  CELL  alwaysud|solver|used[13][7]~4|combout
    Info (332115):     49.130      0.000 FF    IC  alwaysud|solver|used[13][7]|d
    Info (332115):     49.224      0.094 FF  CELL  alwaysud:alwaysud|alwaysud_solver:solver|used[13][7]
    Info (332115): Data Required Path:
    Info (332115): Total (ns)  Incr (ns)     Type  Element
    Info (332115): ==========  ========= ==  ====  ===================================
    Info (332115):      1.000      1.000           latch edge time
    Info (332115):      1.000      0.000           source latency
    Info (332115):      1.000      0.000           clk
    Info (332115):      1.000      0.000 RR    IC  clk~input|i
    Info (332115):      1.708      0.708 RR  CELL  clk~input|o
    Info (332115):      2.566      0.858 RR    IC  clk~inputclkctrl|inclk[0]
    Info (332115):      2.566      0.000 RR  CELL  clk~inputclkctrl|outclk
    Info (332115):      4.020      1.454 RR    IC  alwaysud|solver|used[13][7]|clk
    Info (332115):      4.495      0.475 RR  CELL  alwaysud:alwaysud|alwaysud_solver:solver|used[13][7]
    Info (332115):      4.554      0.059           clock pessimism removed
    Info (332115):      4.534     -0.020           clock uncertainty
    Info (332115):      4.547      0.013     uTsu  alwaysud:alwaysud|alwaysud_solver:solver|used[13][7]
    Info (332115): Data Arrival Time  :    49.224
    Info (332115): Data Required Time :     4.547
    Info (332115): Slack              :   -44.677 (VIOLATED)
    Info (332115): ===================================================================
Info (332115): Path #2: Setup slack is -44.667 (VIOLATED)
    Info (332115): ===================================================================
    Info (332115): From Node    : alwaysud:alwaysud|alwaysud_solver:solver|used[9][8]
    Info (332115): To Node      : alwaysud:alwaysud|alwaysud_solver:solver|used[13][7]
    Info (332115): Launch Clock : clk
    Info (332115): Latch Clock  : clk
    Info (332115): Data Arrival Path:
    Info (332115): Total (ns)  Incr (ns)     Type  Element
    Info (332115): ==========  ========= ==  ====  ===================================
    Info (332115):      0.000      0.000           launch edge time
    Info (332115):      0.000      0.000           source latency
    Info (332115):      0.000      0.000           clk
    Info (332115):      0.000      0.000 RR    IC  clk~input|i
    Info (332115):      0.708      0.708 RR  CELL  clk~input|o
    Info (332115):      1.602      0.894 RR    IC  clk~inputclkctrl|inclk[0]
    Info (332115):      1.602      0.000 RR  CELL  clk~inputclkctrl|outclk
    Info (332115):      3.072      1.470 RR    IC  alwaysud|solver|used[9][8]|clk
    Info (332115):      3.582      0.510 RR  CELL  alwaysud:alwaysud|alwaysud_solver:solver|used[9][8]
    Info (332115):      3.789      0.207     uTco  alwaysud:alwaysud|alwaysud_solver:solver|used[9][8]
    Info (332115):      3.789      0.000 RR  CELL  alwaysud|solver|used[9][8]|q
    Info (332115):      6.311      2.522 RR    IC  alwaysud|solver|cellused[18][8]|datad
    Info (332115):      6.456      0.145 RF  CELL  alwaysud|solver|cellused[18][8]|combout
    Info (332115):      7.230      0.774 FF    IC  alwaysud|solver|availc[18][8]~699|dataa
    Info (332115):      7.585      0.355 FF  CELL  alwaysud|solver|availc[18][8]~699|combout
    Info (332115):      9.615      2.030 FF    IC  alwaysud|solver|unit_avail[2][8]~1332|datac
    Info (332115):      9.918      0.303 FF  CELL  alwaysud|solver|unit_avail[2][8]~1332|combout
    Info (332115):     10.202      0.284 FF    IC  alwaysud|solver|unit_avail[2][8]~1333|datab
    Info (332115):     10.626      0.424 FF  CELL  alwaysud|solver|unit_avail[2][8]~1333|combout
    Info (332115):     10.860      0.234 FF    IC  alwaysud|solver|unit_avail[2][8]~1334|datad
    Info (332115):     10.991      0.131 FF  CELL  alwaysud|solver|unit_avail[2][8]~1334|combout
    Info (332115):     11.234      0.243 FF    IC  alwaysud|solver|unit_avail[2][8]~1335|datac
    Info (332115):     11.537      0.303 FF  CELL  alwaysud|solver|unit_avail[2][8]~1335|combout
    Info (332115):     12.598      1.061 FF    IC  alwaysud|solver|unit_avail[2][8]~1336|datac
    Info (332115):     12.901      0.303 FF  CELL  alwaysud|solver|unit_avail[2][8]~1336|combout
    Info (332115):     13.135      0.234 FF    IC  alwaysud|solver|unit_avail[2][8]~1337|datad
    Info (332115):     13.296      0.161 FR  CELL  alwaysud|solver|unit_avail[2][8]~1337|combout
    Info (332115):     13.671      0.375 RR    IC  alwaysud|solver|unit_avail[2][8]~1488|datad
    Info (332115):     13.837      0.166 RR  CELL  alwaysud|solver|unit_avail[2][8]~1488|combout
    Info (332115):     14.136      0.299 RR    IC  alwaysud|solver|hitk~114|datab
    Info (332115):     14.559      0.423 RR  CELL  alwaysud|solver|hitk~114|combout
    Info (332115):     15.180      0.621 RR    IC  alwaysud|solver|iso9~88|datac
    Info (332115):     15.464      0.284 RF  CELL  alwaysud|solver|iso9~88|combout
    Info (332115):     15.878      0.414 FF    IC  alwaysud|solver|Equal109~3|datac
    Info (332115):     16.181      0.303 FF  CELL  alwaysud|solver|Equal109~3|combout
    Info (332115):     16.423      0.242 FF    IC  alwaysud|solver|Equal109~5|datac
    Info (332115):     16.726      0.303 FF  CELL  alwaysud|solver|Equal109~5|combout
    Info (332115):     17.593      0.867 FF    IC  alwaysud|solver|hitk~65|datab
    Info (332115):     17.963      0.370 FF  CELL  alwaysud|solver|hitk~65|combout
    Info (332115):     18.263      0.300 FF    IC  alwaysud|solver|hitk~67|datab
    Info (332115):     18.687      0.424 FF  CELL  alwaysud|solver|hitk~67|combout
    Info (332115):     18.928      0.241 FF    IC  alwaysud|solver|hitk~68|datac
    Info (332115):     19.226      0.298 FF  CELL  alwaysud|solver|hitk~68|combout
    Info (332115):     19.514      0.288 FF    IC  alwaysud|solver|hitk~69|dataa
    Info (332115):     19.919      0.405 FF  CELL  alwaysud|solver|hitk~69|combout
    Info (332115):     20.153      0.234 FF    IC  alwaysud|solver|hitk~71|datad
    Info (332115):     20.284      0.131 FF  CELL  alwaysud|solver|hitk~71|combout
    Info (332115):     20.518      0.234 FF    IC  alwaysud|solver|hitk~72|datad
    Info (332115):     20.649      0.131 FF  CELL  alwaysud|solver|hitk~72|combout
    Info (332115):     20.888      0.239 FF    IC  alwaysud|solver|hitk[2]~73|datad
    Info (332115):     21.019      0.131 FF  CELL  alwaysud|solver|hitk[2]~73|combout
    Info (332115):     22.076      1.057 FF    IC  alwaysud|solver|always2~19|dataa
    Info (332115):     22.451      0.375 FR  CELL  alwaysud|solver|always2~19|combout
    Info (332115):     24.370      1.919 RR    IC  alwaysud|solver|WideOr10~4|datad
    Info (332115):     24.536      0.166 RR  CELL  alwaysud|solver|WideOr10~4|combout
    Info (332115):     24.789      0.253 RR    IC  alwaysud|solver|WideOr28~6|datab
    Info (332115):     25.212      0.423 RR  CELL  alwaysud|solver|WideOr28~6|combout
    Info (332115):     26.504      1.292 RR    IC  alwaysud|solver|WideOr28~7|datac
    Info (332115):     26.808      0.304 RR  CELL  alwaysud|solver|WideOr28~7|combout
    Info (332115):     27.036      0.228 RR    IC  alwaysud|solver|WideOr55~3|datad
    Info (332115):     27.202      0.166 RR  CELL  alwaysud|solver|WideOr55~3|combout
    Info (332115):     27.860      0.658 RR    IC  alwaysud|solver|cand_v[56]~18|datab
    Info (332115):     28.233      0.373 RF  CELL  alwaysud|solver|cand_v[56]~18|combout
    Info (332115):     28.472      0.239 FF    IC  alwaysud|solver|cand_v[56]~19|datad
    Info (332115):     28.603      0.131 FF  CELL  alwaysud|solver|cand_v[56]~19|combout
    Info (332115):     29.409      0.806 FF    IC  alwaysud|solver|cand_v[46]~22|datac
    Info (332115):     29.712      0.303 FF  CELL  alwaysud|solver|cand_v[46]~22|combout
    Info (332115):     29.983      0.271 FF    IC  alwaysud|solver|cand_v[2]~42|datac
    Info (332115):     30.286      0.303 FF  CELL  alwaysud|solver|cand_v[2]~42|combout
    Info (332115):     31.299      1.013 FF    IC  alwaysud|solver|cand_v[10]~77|datab
    Info (332115):     31.653      0.354 FF  CELL  alwaysud|solver|cand_v[10]~77|combout
    Info (332115):     31.920      0.267 FF    IC  alwaysud|solver|cand_v[10]~109|datad
    Info (332115):     32.051      0.131 FF  CELL  alwaysud|solver|cand_v[10]~109|combout
    Info (332115):     32.295      0.244 FF    IC  alwaysud|solver|cand_v[10]~120|datad
    Info (332115):     32.426      0.131 FF  CELL  alwaysud|solver|cand_v[10]~120|combout
    Info (332115):     33.188      0.762 FF    IC  alwaysud|solver|selv[14]~9|datad
    Info (332115):     33.349      0.161 FR  CELL  alwaysud|solver|selv[14]~9|combout
    Info (332115):     34.324      0.975 RR    IC  alwaysud|solver|WideOr85|datad
    Info (332115):     34.469      0.145 RF  CELL  alwaysud|solver|WideOr85|combout
    Info (332115):     34.825      0.356 FF    IC  alwaysud|solver|iso9~270|datab
    Info (332115):     35.242      0.417 FR  CELL  alwaysud|solver|iso9~270|combout
    Info (332115):     36.262      1.020 RR    IC  alwaysud|solver|iso9~272|datad
    Info (332115):     36.428      0.166 RR  CELL  alwaysud|solver|iso9~272|combout
    Info (332115):     36.898      0.470 RR    IC  alwaysud|solver|iso9~274|datad
    Info (332115):     37.064      0.166 RR  CELL  alwaysud|solver|iso9~274|combout
    Info (332115):     37.543      0.479 RR    IC  alwaysud|solver|selv[79]~87|datac
    Info (332115):     37.848      0.305 RR  CELL  alwaysud|solver|selv[79]~87|combout
    Info (332115):     39.726      1.878 RR    IC  alwaysud|solver| renamed_net_480~77|datac
    Info (332115):     40.031      0.305 RR  CELL  alwaysud|solver| renamed_net_480~77|combout
    Info (332115):     40.234      0.203 RR    IC  alwaysud|solver| renamed_net_480~80|datad
    Info (332115):     40.400      0.166 RR  CELL  alwaysud|solver| renamed_net_480~80|combout
    Info (332115):     41.146      0.746 RR    IC  alwaysud|solver| renamed_net_480~86|datad
    Info (332115):     41.312      0.166 RR  CELL  alwaysud|solver| renamed_net_480~86|combout
    Info (332115):     43.258      1.946 RR    IC  alwaysud|solver| renamed_net_480~122|datab
    Info (332115):     43.681      0.423 RR  CELL  alwaysud|solver| renamed_net_480~122|combout
    Info (332115):     43.885      0.204 RR    IC  alwaysud|solver| renamed_net_480~231|datac
    Info (332115):     44.189      0.304 RR  CELL  alwaysud|solver| renamed_net_480~231|combout
    Info (332115):     44.441      0.252 RR    IC  alwaysud|solver|pick_bit[4]~0|datab
    Info (332115):     44.883      0.442 RF  CELL  alwaysud|solver|pick_bit[4]~0|combout
    Info (332115):     45.219      0.336 FF    IC  alwaysud|solver|pick_bit[6]~1|datab
    Info (332115):     45.623      0.404 FF  CELL  alwaysud|solver|pick_bit[6]~1|combout
    Info (332115):     46.071      0.448 FF    IC  alwaysud|solver|pick_bit[7]~8|datad
    Info (332115):     46.202      0.131 FF  CELL  alwaysud|solver|pick_bit[7]~8|combout
    Info (332115):     48.454      2.252 FF    IC  alwaysud|solver|used~725|datac
    Info (332115):     48.757      0.303 FF  CELL  alwaysud|solver|used~725|combout
    Info (332115):     48.989      0.232 FF    IC  alwaysud|solver|used[13][7]~4|datad
    Info (332115):     49.120      0.131 FF  CELL  alwaysud|solver|used[13][7]~4|combout
    Info (332115):     49.120      0.000 FF    IC  alwaysud|solver|used[13][7]|d
    Info (332115):     49.214      0.094 FF  CELL  alwaysud:alwaysud|alwaysud_solver:solver|used[13][7]
    Info (332115): Data Required Path:
    Info (332115): Total (ns)  Incr (ns)     Type  Element
    Info (332115): ==========  ========= ==  ====  ===================================
    Info (332115):      1.000      1.000           latch edge time
    Info (332115):      1.000      0.000           source latency
    Info (332115):      1.000      0.000           clk
    Info (332115):      1.000      0.000 RR    IC  clk~input|i
    Info (332115):      1.708      0.708 RR  CELL  clk~input|o
    Info (332115):      2.566      0.858 RR    IC  clk~inputclkctrl|inclk[0]
    Info (332115):      2.566      0.000 RR  CELL  clk~inputclkctrl|outclk
    Info (332115):      4.020      1.454 RR    IC  alwaysud|solver|used[13][7]|clk
    Info (332115):      4.495      0.475 RR  CELL  alwaysud:alwaysud|alwaysud_solver:solver|used[13][7]
    Info (332115):      4.554      0.059           clock pessimism removed
    Info (332115):      4.534     -0.020           clock uncertainty
    Info (332115):      4.547      0.013     uTsu  alwaysud:alwaysud|alwaysud_solver:solver|used[13][7]
    Info (332115): Data Arrival Time  :    49.214
    Info (332115): Data Required Time :     4.547
    Info (332115): Slack              :   -44.667 (VIOLATED)
    Info (332115): ===================================================================
Info (332115): Path #3: Setup slack is -44.659 (VIOLATED)
    Info (332115): ===================================================================
    Info (332115): From Node    : alwaysud:alwaysud|alwaysud_solver:solver|used[12][8]
    Info (332115): To Node      : alwaysud:alwaysud|alwaysud_solver:solver|used[13][7]
    Info (332115): Launch Clock : clk
    Info (332115): Latch Clock  : clk
    Info (332115): Data Arrival Path:
    Info (332115): Total (ns)  Incr (ns)     Type  Element
    Info (332115): ==========  ========= ==  ====  ===================================
    Info (332115):      0.000      0.000           launch edge time
    Info (332115):      0.000      0.000           source latency
    Info (332115):      0.000      0.000           clk
    Info (332115):      0.000      0.000 RR    IC  clk~input|i
    Info (332115):      0.708      0.708 RR  CELL  clk~input|o
    Info (332115):      1.602      0.894 RR    IC  clk~inputclkctrl|inclk[0]
    Info (332115):      1.602      0.000 RR  CELL  clk~inputclkctrl|outclk
    Info (332115):      3.072      1.470 RR    IC  alwaysud|solver|used[12][8]|clk
    Info (332115):      3.582      0.510 RR  CELL  alwaysud:alwaysud|alwaysud_solver:solver|used[12][8]
    Info (332115):      3.789      0.207     uTco  alwaysud:alwaysud|alwaysud_solver:solver|used[12][8]
    Info (332115):      3.789      0.000 FF  CELL  alwaysud|solver|used[12][8]|q
    Info (332115):      5.283      1.494 FF    IC  alwaysud|solver|cellused[3][8]|datac
    Info (332115):      5.562      0.279 FR  CELL  alwaysud|solver|cellused[3][8]|combout
    Info (332115):      7.956      2.394 RR    IC  alwaysud|solver|availc[3][8]~706|datad
    Info (332115):      8.122      0.166 RR  CELL  alwaysud|solver|availc[3][8]~706|combout
    Info (332115):      9.819      1.697 RR    IC  alwaysud|solver|unit_avail[3][8]~1354|datac
    Info (332115):     10.124      0.305 RR  CELL  alwaysud|solver|unit_avail[3][8]~1354|combout
    Info (332115):     10.328      0.204 RR    IC  alwaysud|solver|unit_avail[3][8]~1355|datac
    Info (332115):     10.608      0.280 RF  CELL  alwaysud|solver|unit_avail[3][8]~1355|combout
    Info (332115):     10.888      0.280 FF    IC  alwaysud|solver|unit_avail[3][8]~1356|datab
    Info (332115):     11.292      0.404 FF  CELL  alwaysud|solver|unit_avail[3][8]~1356|combout
    Info (332115):     11.528      0.236 FF    IC  alwaysud|solver|unit_avail[3][8]~1357|datad
    Info (332115):     11.689      0.161 FR  CELL  alwaysud|solver|unit_avail[3][8]~1357|combout
    Info (332115):     13.043      1.354 RR    IC  alwaysud|solver|unit_avail[3][8]~1365|datad
    Info (332115):     13.209      0.166 RR  CELL  alwaysud|solver|unit_avail[3][8]~1365|combout
    Info (332115):     13.419      0.210 RR    IC  alwaysud|solver|unit_avail[3][8]~1489|datac
    Info (332115):     13.724      0.305 RR  CELL  alwaysud|solver|unit_avail[3][8]~1489|combout
    Info (332115):     14.375      0.651 RR    IC  alwaysud|solver|hitk~114|datad
    Info (332115):     14.541      0.166 RR  CELL  alwaysud|solver|hitk~114|combout
    Info (332115):     15.162      0.621 RR    IC  alwaysud|solver|iso9~88|datac
    Info (332115):     15.446      0.284 RF  CELL  alwaysud|solver|iso9~88|combout
    Info (332115):     15.860      0.414 FF    IC  alwaysud|solver|Equal109~3|datac
    Info (332115):     16.163      0.303 FF  CELL  alwaysud|solver|Equal109~3|combout
    Info (332115):     16.405      0.242 FF    IC  alwaysud|solver|Equal109~5|datac
    Info (332115):     16.708      0.303 FF  CELL  alwaysud|solver|Equal109~5|combout
    Info (332115):     17.575      0.867 FF    IC  alwaysud|solver|hitk~65|datab
    Info (332115):     17.945      0.370 FF  CELL  alwaysud|solver|hitk~65|combout
    Info (332115):     18.245      0.300 FF    IC  alwaysud|solver|hitk~67|datab
    Info (332115):     18.669      0.424 FF  CELL  alwaysud|solver|hitk~67|combout
    Info (332115):     18.910      0.241 FF    IC  alwaysud|solver|hitk~68|datac
    Info (332115):     19.208      0.298 FF  CELL  alwaysud|solver|hitk~68|combout
    Info (332115):     19.496      0.288 FF    IC  alwaysud|solver|hitk~69|dataa
    Info (332115):     19.901      0.405 FF  CELL  alwaysud|solver|hitk~69|combout
    Info (332115):     20.135      0.234 FF    IC  alwaysud|solver|hitk~71|datad
    Info (332115):     20.266      0.131 FF  CELL  alwaysud|solver|hitk~71|combout
    Info (332115):     20.500      0.234 FF    IC  alwaysud|solver|hitk~72|datad
    Info (332115):     20.631      0.131 FF  CELL  alwaysud|solver|hitk~72|combout
    Info (332115):     20.870      0.239 FF    IC  alwaysud|solver|hitk[2]~73|datad
    Info (332115):     21.001      0.131 FF  CELL  alwaysud|solver|hitk[2]~73|combout
    Info (332115):     22.058      1.057 FF    IC  alwaysud|solver|always2~19|dataa
    Info (332115):     22.433      0.375 FR  CELL  alwaysud|solver|always2~19|combout
    Info (332115):     24.358      1.925 RR    IC  alwaysud|solver|WideOr10~3|datad
    Info (332115):     24.524      0.166 RR  CELL  alwaysud|solver|WideOr10~3|combout
    Info (332115):     24.782      0.258 RR    IC  alwaysud|solver|WideOr28~6|dataa
    Info (332115):     25.204      0.422 RR  CELL  alwaysud|solver|WideOr28~6|combout
    Info (332115):     26.496      1.292 RR    IC  alwaysud|solver|WideOr28~7|datac
    Info (332115):     26.800      0.304 RR  CELL  alwaysud|solver|WideOr28~7|combout
    Info (332115):     27.028      0.228 RR    IC  alwaysud|solver|WideOr55~3|datad
    Info (332115):     27.194      0.166 RR  CELL  alwaysud|solver|WideOr55~3|combout
    Info (332115):     27.852      0.658 RR    IC  alwaysud|solver|cand_v[56]~18|datab
    Info (332115):     28.225      0.373 RF  CELL  alwaysud|solver|cand_v[56]~18|combout
    Info (332115):     28.464      0.239 FF    IC  alwaysud|solver|cand_v[56]~19|datad
    Info (332115):     28.595      0.131 FF  CELL  alwaysud|solver|cand_v[56]~19|combout
    Info (332115):     29.401      0.806 FF    IC  alwaysud|solver|cand_v[46]~22|datac
    Info (332115):     29.704      0.303 FF  CELL  alwaysud|solver|cand_v[46]~22|combout
    Info (332115):     29.975      0.271 FF    IC  alwaysud|solver|cand_v[2]~42|datac
    Info (332115):     30.278      0.303 FF  CELL  alwaysud|solver|cand_v[2]~42|combout
    Info (332115):     31.291      1.013 FF    IC  alwaysud|solver|cand_v[10]~77|datab
    Info (332115):     31.645      0.354 FF  CELL  alwaysud|solver|cand_v[10]~77|combout
    Info (332115):     31.912      0.267 FF    IC  alwaysud|solver|cand_v[10]~109|datad
    Info (332115):     32.043      0.131 FF  CELL  alwaysud|solver|cand_v[10]~109|combout
    Info (332115):     32.287      0.244 FF    IC  alwaysud|solver|cand_v[10]~120|datad
    Info (332115):     32.418      0.131 FF  CELL  alwaysud|solver|cand_v[10]~120|combout
    Info (332115):     33.180      0.762 FF    IC  alwaysud|solver|selv[14]~9|datad
    Info (332115):     33.341      0.161 FR  CELL  alwaysud|solver|selv[14]~9|combout
    Info (332115):     34.316      0.975 RR    IC  alwaysud|solver|WideOr85|datad
    Info (332115):     34.461      0.145 RF  CELL  alwaysud|solver|WideOr85|combout
    Info (332115):     34.817      0.356 FF    IC  alwaysud|solver|iso9~270|datab
    Info (332115):     35.234      0.417 FR  CELL  alwaysud|solver|iso9~270|combout
    Info (332115):     36.254      1.020 RR    IC  alwaysud|solver|iso9~272|datad
    Info (332115):     36.420      0.166 RR  CELL  alwaysud|solver|iso9~272|combout
    Info (332115):     36.890      0.470 RR    IC  alwaysud|solver|iso9~274|datad
    Info (332115):     37.056      0.166 RR  CELL  alwaysud|solver|iso9~274|combout
    Info (332115):     37.535      0.479 RR    IC  alwaysud|solver|selv[79]~87|datac
    Info (332115):     37.840      0.305 RR  CELL  alwaysud|solver|selv[79]~87|combout
    Info (332115):     39.718      1.878 RR    IC  alwaysud|solver| renamed_net_480~77|datac
    Info (332115):     40.023      0.305 RR  CELL  alwaysud|solver| renamed_net_480~77|combout
    Info (332115):     40.226      0.203 RR    IC  alwaysud|solver| renamed_net_480~80|datad
    Info (332115):     40.392      0.166 RR  CELL  alwaysud|solver| renamed_net_480~80|combout
    Info (332115):     41.138      0.746 RR    IC  alwaysud|solver| renamed_net_480~86|datad
    Info (332115):     41.304      0.166 RR  CELL  alwaysud|solver| renamed_net_480~86|combout
    Info (332115):     43.250      1.946 RR    IC  alwaysud|solver| renamed_net_480~122|datab
    Info (332115):     43.673      0.423 RR  CELL  alwaysud|solver| renamed_net_480~122|combout
    Info (332115):     43.877      0.204 RR    IC  alwaysud|solver| renamed_net_480~231|datac
    Info (332115):     44.181      0.304 RR  CELL  alwaysud|solver| renamed_net_480~231|combout
    Info (332115):     44.433      0.252 RR    IC  alwaysud|solver|pick_bit[4]~0|datab
    Info (332115):     44.875      0.442 RF  CELL  alwaysud|solver|pick_bit[4]~0|combout
    Info (332115):     45.211      0.336 FF    IC  alwaysud|solver|pick_bit[6]~1|datab
    Info (332115):     45.615      0.404 FF  CELL  alwaysud|solver|pick_bit[6]~1|combout
    Info (332115):     46.063      0.448 FF    IC  alwaysud|solver|pick_bit[7]~8|datad
    Info (332115):     46.194      0.131 FF  CELL  alwaysud|solver|pick_bit[7]~8|combout
    Info (332115):     48.446      2.252 FF    IC  alwaysud|solver|used~725|datac
    Info (332115):     48.749      0.303 FF  CELL  alwaysud|solver|used~725|combout
    Info (332115):     48.981      0.232 FF    IC  alwaysud|solver|used[13][7]~4|datad
    Info (332115):     49.112      0.131 FF  CELL  alwaysud|solver|used[13][7]~4|combout
    Info (332115):     49.112      0.000 FF    IC  alwaysud|solver|used[13][7]|d
    Info (332115):     49.206      0.094 FF  CELL  alwaysud:alwaysud|alwaysud_solver:solver|used[13][7]
    Info (332115): Data Required Path:
    Info (332115): Total (ns)  Incr (ns)     Type  Element
    Info (332115): ==========  ========= ==  ====  ===================================
    Info (332115):      1.000      1.000           latch edge time
    Info (332115):      1.000      0.000           source latency
    Info (332115):      1.000      0.000           clk
    Info (332115):      1.000      0.000 RR    IC  clk~input|i
    Info (332115):      1.708      0.708 RR  CELL  clk~input|o
    Info (332115):      2.566      0.858 RR    IC  clk~inputclkctrl|inclk[0]
    Info (332115):      2.566      0.000 RR  CELL  clk~inputclkctrl|outclk
    Info (332115):      4.020      1.454 RR    IC  alwaysud|solver|used[13][7]|clk
    Info (332115):      4.495      0.475 RR  CELL  alwaysud:alwaysud|alwaysud_solver:solver|used[13][7]
    Info (332115):      4.554      0.059           clock pessimism removed
    Info (332115):      4.534     -0.020           clock uncertainty
    Info (332115):      4.547      0.013     uTsu  alwaysud:alwaysud|alwaysud_solver:solver|used[13][7]
    Info (332115): Data Arrival Time  :    49.206
    Info (332115): Data Required Time :     4.547
    Info (332115): Slack              :   -44.659 (VIOLATED)
    Info (332115): ===================================================================
Info (332115): Path #4: Setup slack is -44.649 (VIOLATED)
    Info (332115): ===================================================================
    Info (332115): From Node    : alwaysud:alwaysud|alwaysud_solver:solver|used[12][8]
    Info (332115): To Node      : alwaysud:alwaysud|alwaysud_solver:solver|used[13][7]
    Info (332115): Launch Clock : clk
    Info (332115): Latch Clock  : clk
    Info (332115): Data Arrival Path:
    Info (332115): Total (ns)  Incr (ns)     Type  Element
    Info (332115): ==========  ========= ==  ====  ===================================
    Info (332115):      0.000      0.000           launch edge time
    Info (332115):      0.000      0.000           source latency
    Info (332115):      0.000      0.000           clk
    Info (332115):      0.000      0.000 RR    IC  clk~input|i
    Info (332115):      0.708      0.708 RR  CELL  clk~input|o
    Info (332115):      1.602      0.894 RR    IC  clk~inputclkctrl|inclk[0]
    Info (332115):      1.602      0.000 RR  CELL  clk~inputclkctrl|outclk
    Info (332115):      3.072      1.470 RR    IC  alwaysud|solver|used[12][8]|clk
    Info (332115):      3.582      0.510 RR  CELL  alwaysud:alwaysud|alwaysud_solver:solver|used[12][8]
    Info (332115):      3.789      0.207     uTco  alwaysud:alwaysud|alwaysud_solver:solver|used[12][8]
    Info (332115):      3.789      0.000 FF  CELL  alwaysud|solver|used[12][8]|q
    Info (332115):      5.283      1.494 FF    IC  alwaysud|solver|cellused[3][8]|datac
    Info (332115):      5.562      0.279 FR  CELL  alwaysud|solver|cellused[3][8]|combout
    Info (332115):      7.956      2.394 RR    IC  alwaysud|solver|availc[3][8]~706|datad
    Info (332115):      8.122      0.166 RR  CELL  alwaysud|solver|availc[3][8]~706|combout
    Info (332115):      9.819      1.697 RR    IC  alwaysud|solver|unit_avail[3][8]~1354|datac
    Info (332115):     10.124      0.305 RR  CELL  alwaysud|solver|unit_avail[3][8]~1354|combout
    Info (332115):     10.328      0.204 RR    IC  alwaysud|solver|unit_avail[3][8]~1355|datac
    Info (332115):     10.608      0.280 RF  CELL  alwaysud|solver|unit_avail[3][8]~1355|combout
    Info (332115):     10.888      0.280 FF    IC  alwaysud|solver|unit_avail[3][8]~1356|datab
    Info (332115):     11.292      0.404 FF  CELL  alwaysud|solver|unit_avail[3][8]~1356|combout
    Info (332115):     11.528      0.236 FF    IC  alwaysud|solver|unit_avail[3][8]~1357|datad
    Info (332115):     11.689      0.161 FR  CELL  alwaysud|solver|unit_avail[3][8]~1357|combout
    Info (332115):     13.043      1.354 RR    IC  alwaysud|solver|unit_avail[3][8]~1365|datad
    Info (332115):     13.209      0.166 RR  CELL  alwaysud|solver|unit_avail[3][8]~1365|combout
    Info (332115):     13.419      0.210 RR    IC  alwaysud|solver|unit_avail[3][8]~1489|datac
    Info (332115):     13.724      0.305 RR  CELL  alwaysud|solver|unit_avail[3][8]~1489|combout
    Info (332115):     14.375      0.651 RR    IC  alwaysud|solver|hitk~114|datad
    Info (332115):     14.541      0.166 RR  CELL  alwaysud|solver|hitk~114|combout
    Info (332115):     15.162      0.621 RR    IC  alwaysud|solver|iso9~88|datac
    Info (332115):     15.446      0.284 RF  CELL  alwaysud|solver|iso9~88|combout
    Info (332115):     15.860      0.414 FF    IC  alwaysud|solver|Equal109~3|datac
    Info (332115):     16.163      0.303 FF  CELL  alwaysud|solver|Equal109~3|combout
    Info (332115):     16.405      0.242 FF    IC  alwaysud|solver|Equal109~5|datac
    Info (332115):     16.708      0.303 FF  CELL  alwaysud|solver|Equal109~5|combout
    Info (332115):     17.575      0.867 FF    IC  alwaysud|solver|hitk~65|datab
    Info (332115):     17.945      0.370 FF  CELL  alwaysud|solver|hitk~65|combout
    Info (332115):     18.245      0.300 FF    IC  alwaysud|solver|hitk~67|datab
    Info (332115):     18.669      0.424 FF  CELL  alwaysud|solver|hitk~67|combout
    Info (332115):     18.910      0.241 FF    IC  alwaysud|solver|hitk~68|datac
    Info (332115):     19.208      0.298 FF  CELL  alwaysud|solver|hitk~68|combout
    Info (332115):     19.496      0.288 FF    IC  alwaysud|solver|hitk~69|dataa
    Info (332115):     19.901      0.405 FF  CELL  alwaysud|solver|hitk~69|combout
    Info (332115):     20.135      0.234 FF    IC  alwaysud|solver|hitk~71|datad
    Info (332115):     20.266      0.131 FF  CELL  alwaysud|solver|hitk~71|combout
    Info (332115):     20.500      0.234 FF    IC  alwaysud|solver|hitk~72|datad
    Info (332115):     20.631      0.131 FF  CELL  alwaysud|solver|hitk~72|combout
    Info (332115):     20.870      0.239 FF    IC  alwaysud|solver|hitk[2]~73|datad
    Info (332115):     21.001      0.131 FF  CELL  alwaysud|solver|hitk[2]~73|combout
    Info (332115):     22.058      1.057 FF    IC  alwaysud|solver|always2~19|dataa
    Info (332115):     22.433      0.375 FR  CELL  alwaysud|solver|always2~19|combout
    Info (332115):     24.352      1.919 RR    IC  alwaysud|solver|WideOr10~4|datad
    Info (332115):     24.518      0.166 RR  CELL  alwaysud|solver|WideOr10~4|combout
    Info (332115):     24.771      0.253 RR    IC  alwaysud|solver|WideOr28~6|datab
    Info (332115):     25.194      0.423 RR  CELL  alwaysud|solver|WideOr28~6|combout
    Info (332115):     26.486      1.292 RR    IC  alwaysud|solver|WideOr28~7|datac
    Info (332115):     26.790      0.304 RR  CELL  alwaysud|solver|WideOr28~7|combout
    Info (332115):     27.018      0.228 RR    IC  alwaysud|solver|WideOr55~3|datad
    Info (332115):     27.184      0.166 RR  CELL  alwaysud|solver|WideOr55~3|combout
    Info (332115):     27.842      0.658 RR    IC  alwaysud|solver|cand_v[56]~18|datab
    Info (332115):     28.215      0.373 RF  CELL  alwaysud|solver|cand_v[56]~18|combout
    Info (332115):     28.454      0.239 FF    IC  alwaysud|solver|cand_v[56]~19|datad
    Info (332115):     28.585      0.131 FF  CELL  alwaysud|solver|cand_v[56]~19|combout
    Info (332115):     29.391      0.806 FF    IC  alwaysud|solver|cand_v[46]~22|datac
    Info (332115):     29.694      0.303 FF  CELL  alwaysud|solver|cand_v[46]~22|combout
    Info (332115):     29.965      0.271 FF    IC  alwaysud|solver|cand_v[2]~42|datac
    Info (332115):     30.268      0.303 FF  CELL  alwaysud|solver|cand_v[2]~42|combout
    Info (332115):     31.281      1.013 FF    IC  alwaysud|solver|cand_v[10]~77|datab
    Info (332115):     31.635      0.354 FF  CELL  alwaysud|solver|cand_v[10]~77|combout
    Info (332115):     31.902      0.267 FF    IC  alwaysud|solver|cand_v[10]~109|datad
    Info (332115):     32.033      0.131 FF  CELL  alwaysud|solver|cand_v[10]~109|combout
    Info (332115):     32.277      0.244 FF    IC  alwaysud|solver|cand_v[10]~120|datad
    Info (332115):     32.408      0.131 FF  CELL  alwaysud|solver|cand_v[10]~120|combout
    Info (332115):     33.170      0.762 FF    IC  alwaysud|solver|selv[14]~9|datad
    Info (332115):     33.331      0.161 FR  CELL  alwaysud|solver|selv[14]~9|combout
    Info (332115):     34.306      0.975 RR    IC  alwaysud|solver|WideOr85|datad
    Info (332115):     34.451      0.145 RF  CELL  alwaysud|solver|WideOr85|combout
    Info (332115):     34.807      0.356 FF    IC  alwaysud|solver|iso9~270|datab
    Info (332115):     35.224      0.417 FR  CELL  alwaysud|solver|iso9~270|combout
    Info (332115):     36.244      1.020 RR    IC  alwaysud|solver|iso9~272|datad
    Info (332115):     36.410      0.166 RR  CELL  alwaysud|solver|iso9~272|combout
    Info (332115):     36.880      0.470 RR    IC  alwaysud|solver|iso9~274|datad
    Info (332115):     37.046      0.166 RR  CELL  alwaysud|solver|iso9~274|combout
    Info (332115):     37.525      0.479 RR    IC  alwaysud|solver|selv[79]~87|datac
    Info (332115):     37.830      0.305 RR  CELL  alwaysud|solver|selv[79]~87|combout
    Info (332115):     39.708      1.878 RR    IC  alwaysud|solver| renamed_net_480~77|datac
    Info (332115):     40.013      0.305 RR  CELL  alwaysud|solver| renamed_net_480~77|combout
    Info (332115):     40.216      0.203 RR    IC  alwaysud|solver| renamed_net_480~80|datad
    Info (332115):     40.382      0.166 RR  CELL  alwaysud|solver| renamed_net_480~80|combout
    Info (332115):     41.128      0.746 RR    IC  alwaysud|solver| renamed_net_480~86|datad
    Info (332115):     41.294      0.166 RR  CELL  alwaysud|solver| renamed_net_480~86|combout
    Info (332115):     43.240      1.946 RR    IC  alwaysud|solver| renamed_net_480~122|datab
    Info (332115):     43.663      0.423 RR  CELL  alwaysud|solver| renamed_net_480~122|combout
    Info (332115):     43.867      0.204 RR    IC  alwaysud|solver| renamed_net_480~231|datac
    Info (332115):     44.171      0.304 RR  CELL  alwaysud|solver| renamed_net_480~231|combout
    Info (332115):     44.423      0.252 RR    IC  alwaysud|solver|pick_bit[4]~0|datab
    Info (332115):     44.865      0.442 RF  CELL  alwaysud|solver|pick_bit[4]~0|combout
    Info (332115):     45.201      0.336 FF    IC  alwaysud|solver|pick_bit[6]~1|datab
    Info (332115):     45.605      0.404 FF  CELL  alwaysud|solver|pick_bit[6]~1|combout
    Info (332115):     46.053      0.448 FF    IC  alwaysud|solver|pick_bit[7]~8|datad
    Info (332115):     46.184      0.131 FF  CELL  alwaysud|solver|pick_bit[7]~8|combout
    Info (332115):     48.436      2.252 FF    IC  alwaysud|solver|used~725|datac
    Info (332115):     48.739      0.303 FF  CELL  alwaysud|solver|used~725|combout
    Info (332115):     48.971      0.232 FF    IC  alwaysud|solver|used[13][7]~4|datad
    Info (332115):     49.102      0.131 FF  CELL  alwaysud|solver|used[13][7]~4|combout
    Info (332115):     49.102      0.000 FF    IC  alwaysud|solver|used[13][7]|d
    Info (332115):     49.196      0.094 FF  CELL  alwaysud:alwaysud|alwaysud_solver:solver|used[13][7]
    Info (332115): Data Required Path:
    Info (332115): Total (ns)  Incr (ns)     Type  Element
    Info (332115): ==========  ========= ==  ====  ===================================
    Info (332115):      1.000      1.000           latch edge time
    Info (332115):      1.000      0.000           source latency
    Info (332115):      1.000      0.000           clk
    Info (332115):      1.000      0.000 RR    IC  clk~input|i
    Info (332115):      1.708      0.708 RR  CELL  clk~input|o
    Info (332115):      2.566      0.858 RR    IC  clk~inputclkctrl|inclk[0]
    Info (332115):      2.566      0.000 RR  CELL  clk~inputclkctrl|outclk
    Info (332115):      4.020      1.454 RR    IC  alwaysud|solver|used[13][7]|clk
    Info (332115):      4.495      0.475 RR  CELL  alwaysud:alwaysud|alwaysud_solver:solver|used[13][7]
    Info (332115):      4.554      0.059           clock pessimism removed
    Info (332115):      4.534     -0.020           clock uncertainty
    Info (332115):      4.547      0.013     uTsu  alwaysud:alwaysud|alwaysud_solver:solver|used[13][7]
    Info (332115): Data Arrival Time  :    49.196
    Info (332115): Data Required Time :     4.547
    Info (332115): Slack              :   -44.649 (VIOLATED)
    Info (332115): ===================================================================
Info (332115): Path #5: Setup slack is -44.640 (VIOLATED)
    Info (332115): ===================================================================
    Info (332115): From Node    : alwaysud:alwaysud|alwaysud_solver:solver|used[9][8]
    Info (332115): To Node      : alwaysud:alwaysud|alwaysud_solver:solver|used[13][7]
    Info (332115): Launch Clock : clk
    Info (332115): Latch Clock  : clk
    Info (332115): Data Arrival Path:
    Info (332115): Total (ns)  Incr (ns)     Type  Element
    Info (332115): ==========  ========= ==  ====  ===================================
    Info (332115):      0.000      0.000           launch edge time
    Info (332115):      0.000      0.000           source latency
    Info (332115):      0.000      0.000           clk
    Info (332115):      0.000      0.000 RR    IC  clk~input|i
    Info (332115):      0.708      0.708 RR  CELL  clk~input|o
    Info (332115):      1.602      0.894 RR    IC  clk~inputclkctrl|inclk[0]
    Info (332115):      1.602      0.000 RR  CELL  clk~inputclkctrl|outclk
    Info (332115):      3.072      1.470 RR    IC  alwaysud|solver|used[9][8]|clk
    Info (332115):      3.582      0.510 RR  CELL  alwaysud:alwaysud|alwaysud_solver:solver|used[9][8]
    Info (332115):      3.789      0.207     uTco  alwaysud:alwaysud|alwaysud_solver:solver|used[9][8]
    Info (332115):      3.789      0.000 RR  CELL  alwaysud|solver|used[9][8]|q
    Info (332115):      6.311      2.522 RR    IC  alwaysud|solver|cellused[18][8]|datad
    Info (332115):      6.456      0.145 RF  CELL  alwaysud|solver|cellused[18][8]|combout
    Info (332115):      7.230      0.774 FF    IC  alwaysud|solver|availc[18][8]~699|dataa
    Info (332115):      7.585      0.355 FF  CELL  alwaysud|solver|availc[18][8]~699|combout
    Info (332115):      9.615      2.030 FF    IC  alwaysud|solver|unit_avail[2][8]~1332|datac
    Info (332115):      9.918      0.303 FF  CELL  alwaysud|solver|unit_avail[2][8]~1332|combout
    Info (332115):     10.202      0.284 FF    IC  alwaysud|solver|unit_avail[2][8]~1333|datab
    Info (332115):     10.626      0.424 FF  CELL  alwaysud|solver|unit_avail[2][8]~1333|combout
    Info (332115):     10.860      0.234 FF    IC  alwaysud|solver|unit_avail[2][8]~1334|datad
    Info (332115):     10.991      0.131 FF  CELL  alwaysud|solver|unit_avail[2][8]~1334|combout
    Info (332115):     11.234      0.243 FF    IC  alwaysud|solver|unit_avail[2][8]~1335|datac
    Info (332115):     11.537      0.303 FF  CELL  alwaysud|solver|unit_avail[2][8]~1335|combout
    Info (332115):     12.598      1.061 FF    IC  alwaysud|solver|unit_avail[2][8]~1336|datac
    Info (332115):     12.901      0.303 FF  CELL  alwaysud|solver|unit_avail[2][8]~1336|combout
    Info (332115):     13.135      0.234 FF    IC  alwaysud|solver|unit_avail[2][8]~1337|datad
    Info (332115):     13.296      0.161 FR  CELL  alwaysud|solver|unit_avail[2][8]~1337|combout
    Info (332115):     13.671      0.375 RR    IC  alwaysud|solver|unit_avail[2][8]~1488|datad
    Info (332115):     13.837      0.166 RR  CELL  alwaysud|solver|unit_avail[2][8]~1488|combout
    Info (332115):     14.136      0.299 RR    IC  alwaysud|solver|hitk~114|datab
    Info (332115):     14.559      0.423 RR  CELL  alwaysud|solver|hitk~114|combout
    Info (332115):     15.180      0.621 RR    IC  alwaysud|solver|iso9~88|datac
    Info (332115):     15.464      0.284 RF  CELL  alwaysud|solver|iso9~88|combout
    Info (332115):     15.878      0.414 FF    IC  alwaysud|solver|Equal109~3|datac
    Info (332115):     16.181      0.303 FF  CELL  alwaysud|solver|Equal109~3|combout
    Info (332115):     16.423      0.242 FF    IC  alwaysud|solver|Equal109~5|datac
    Info (332115):     16.726      0.303 FF  CELL  alwaysud|solver|Equal109~5|combout
    Info (332115):     17.593      0.867 FF    IC  alwaysud|solver|hitk~65|datab
    Info (332115):     17.963      0.370 FF  CELL  alwaysud|solver|hitk~65|combout
    Info (332115):     18.263      0.300 FF    IC  alwaysud|solver|hitk~67|datab
    Info (332115):     18.687      0.424 FF  CELL  alwaysud|solver|hitk~67|combout
    Info (332115):     18.928      0.241 FF    IC  alwaysud|solver|hitk~68|datac
    Info (332115):     19.226      0.298 FF  CELL  alwaysud|solver|hitk~68|combout
    Info (332115):     19.514      0.288 FF    IC  alwaysud|solver|hitk~69|dataa
    Info (332115):     19.919      0.405 FF  CELL  alwaysud|solver|hitk~69|combout
    Info (332115):     20.153      0.234 FF    IC  alwaysud|solver|hitk~71|datad
    Info (332115):     20.284      0.131 FF  CELL  alwaysud|solver|hitk~71|combout
    Info (332115):     20.518      0.234 FF    IC  alwaysud|solver|hitk~72|datad
    Info (332115):     20.649      0.131 FF  CELL  alwaysud|solver|hitk~72|combout
    Info (332115):     20.888      0.239 FF    IC  alwaysud|solver|hitk[2]~73|datad
    Info (332115):     21.019      0.131 FF  CELL  alwaysud|solver|hitk[2]~73|combout
    Info (332115):     22.076      1.057 FF    IC  alwaysud|solver|always2~19|dataa
    Info (332115):     22.451      0.375 FR  CELL  alwaysud|solver|always2~19|combout
    Info (332115):     24.312      1.861 RR    IC  alwaysud|solver|WideOr10~5|datad
    Info (332115):     24.478      0.166 RR  CELL  alwaysud|solver|WideOr10~5|combout
    Info (332115):     24.881      0.403 RR    IC  alwaysud|solver|WideOr28~6|datac
    Info (332115):     25.185      0.304 RR  CELL  alwaysud|solver|WideOr28~6|combout
    Info (332115):     26.477      1.292 RR    IC  alwaysud|solver|WideOr28~7|datac
    Info (332115):     26.781      0.304 RR  CELL  alwaysud|solver|WideOr28~7|combout
    Info (332115):     27.009      0.228 RR    IC  alwaysud|solver|WideOr55~3|datad
    Info (332115):     27.175      0.166 RR  CELL  alwaysud|solver|WideOr55~3|combout
    Info (332115):     27.833      0.658 RR    IC  alwaysud|solver|cand_v[56]~18|datab
    Info (332115):     28.206      0.373 RF  CELL  alwaysud|solver|cand_v[56]~18|combout
    Info (332115):     28.445      0.239 FF    IC  alwaysud|solver|cand_v[56]~19|datad
    Info (332115):     28.576      0.131 FF  CELL  alwaysud|solver|cand_v[56]~19|combout
    Info (332115):     29.382      0.806 FF    IC  alwaysud|solver|cand_v[46]~22|datac
    Info (332115):     29.685      0.303 FF  CELL  alwaysud|solver|cand_v[46]~22|combout
    Info (332115):     29.956      0.271 FF    IC  alwaysud|solver|cand_v[2]~42|datac
    Info (332115):     30.259      0.303 FF  CELL  alwaysud|solver|cand_v[2]~42|combout
    Info (332115):     31.272      1.013 FF    IC  alwaysud|solver|cand_v[10]~77|datab
    Info (332115):     31.626      0.354 FF  CELL  alwaysud|solver|cand_v[10]~77|combout
    Info (332115):     31.893      0.267 FF    IC  alwaysud|solver|cand_v[10]~109|datad
    Info (332115):     32.024      0.131 FF  CELL  alwaysud|solver|cand_v[10]~109|combout
    Info (332115):     32.268      0.244 FF    IC  alwaysud|solver|cand_v[10]~120|datad
    Info (332115):     32.399      0.131 FF  CELL  alwaysud|solver|cand_v[10]~120|combout
    Info (332115):     33.161      0.762 FF    IC  alwaysud|solver|selv[14]~9|datad
    Info (332115):     33.322      0.161 FR  CELL  alwaysud|solver|selv[14]~9|combout
    Info (332115):     34.297      0.975 RR    IC  alwaysud|solver|WideOr85|datad
    Info (332115):     34.442      0.145 RF  CELL  alwaysud|solver|WideOr85|combout
    Info (332115):     34.798      0.356 FF    IC  alwaysud|solver|iso9~270|datab
    Info (332115):     35.215      0.417 FR  CELL  alwaysud|solver|iso9~270|combout
    Info (332115):     36.235      1.020 RR    IC  alwaysud|solver|iso9~272|datad
    Info (332115):     36.401      0.166 RR  CELL  alwaysud|solver|iso9~272|combout
    Info (332115):     36.871      0.470 RR    IC  alwaysud|solver|iso9~274|datad
    Info (332115):     37.037      0.166 RR  CELL  alwaysud|solver|iso9~274|combout
    Info (332115):     37.516      0.479 RR    IC  alwaysud|solver|selv[79]~87|datac
    Info (332115):     37.821      0.305 RR  CELL  alwaysud|solver|selv[79]~87|combout
    Info (332115):     39.699      1.878 RR    IC  alwaysud|solver| renamed_net_480~77|datac
    Info (332115):     40.004      0.305 RR  CELL  alwaysud|solver| renamed_net_480~77|combout
    Info (332115):     40.207      0.203 RR    IC  alwaysud|solver| renamed_net_480~80|datad
    Info (332115):     40.373      0.166 RR  CELL  alwaysud|solver| renamed_net_480~80|combout
    Info (332115):     41.119      0.746 RR    IC  alwaysud|solver| renamed_net_480~86|datad
    Info (332115):     41.285      0.166 RR  CELL  alwaysud|solver| renamed_net_480~86|combout
    Info (332115):     43.231      1.946 RR    IC  alwaysud|solver| renamed_net_480~122|datab
    Info (332115):     43.654      0.423 RR  CELL  alwaysud|solver| renamed_net_480~122|combout
    Info (332115):     43.858      0.204 RR    IC  alwaysud|solver| renamed_net_480~231|datac
    Info (332115):     44.162      0.304 RR  CELL  alwaysud|solver| renamed_net_480~231|combout
    Info (332115):     44.414      0.252 RR    IC  alwaysud|solver|pick_bit[4]~0|datab
    Info (332115):     44.856      0.442 RF  CELL  alwaysud|solver|pick_bit[4]~0|combout
    Info (332115):     45.192      0.336 FF    IC  alwaysud|solver|pick_bit[6]~1|datab
    Info (332115):     45.596      0.404 FF  CELL  alwaysud|solver|pick_bit[6]~1|combout
    Info (332115):     46.044      0.448 FF    IC  alwaysud|solver|pick_bit[7]~8|datad
    Info (332115):     46.175      0.131 FF  CELL  alwaysud|solver|pick_bit[7]~8|combout
    Info (332115):     48.427      2.252 FF    IC  alwaysud|solver|used~725|datac
    Info (332115):     48.730      0.303 FF  CELL  alwaysud|solver|used~725|combout
    Info (332115):     48.962      0.232 FF    IC  alwaysud|solver|used[13][7]~4|datad
    Info (332115):     49.093      0.131 FF  CELL  alwaysud|solver|used[13][7]~4|combout
    Info (332115):     49.093      0.000 FF    IC  alwaysud|solver|used[13][7]|d
    Info (332115):     49.187      0.094 FF  CELL  alwaysud:alwaysud|alwaysud_solver:solver|used[13][7]
    Info (332115): Data Required Path:
    Info (332115): Total (ns)  Incr (ns)     Type  Element
    Info (332115): ==========  ========= ==  ====  ===================================
    Info (332115):      1.000      1.000           latch edge time
    Info (332115):      1.000      0.000           source latency
    Info (332115):      1.000      0.000           clk
    Info (332115):      1.000      0.000 RR    IC  clk~input|i
    Info (332115):      1.708      0.708 RR  CELL  clk~input|o
    Info (332115):      2.566      0.858 RR    IC  clk~inputclkctrl|inclk[0]
    Info (332115):      2.566      0.000 RR  CELL  clk~inputclkctrl|outclk
    Info (332115):      4.020      1.454 RR    IC  alwaysud|solver|used[13][7]|clk
    Info (332115):      4.495      0.475 RR  CELL  alwaysud:alwaysud|alwaysud_solver:solver|used[13][7]
    Info (332115):      4.554      0.059           clock pessimism removed
    Info (332115):      4.534     -0.020           clock uncertainty
    Info (332115):      4.547      0.013     uTsu  alwaysud:alwaysud|alwaysud_solver:solver|used[13][7]
    Info (332115): Data Arrival Time  :    49.187
    Info (332115): Data Required Time :     4.547
    Info (332115): Slack              :   -44.640 (VIOLATED)
    Info (332115): ===================================================================
Info (332115): Path #6: Setup slack is -44.622 (VIOLATED)
    Info (332115): ===================================================================
    Info (332115): From Node    : alwaysud:alwaysud|alwaysud_solver:solver|used[12][8]
    Info (332115): To Node      : alwaysud:alwaysud|alwaysud_solver:solver|used[13][7]
    Info (332115): Launch Clock : clk
    Info (332115): Latch Clock  : clk
    Info (332115): Data Arrival Path:
    Info (332115): Total (ns)  Incr (ns)     Type  Element
    Info (332115): ==========  ========= ==  ====  ===================================
    Info (332115):      0.000      0.000           launch edge time
    Info (332115):      0.000      0.000           source latency
    Info (332115):      0.000      0.000           clk
    Info (332115):      0.000      0.000 RR    IC  clk~input|i
    Info (332115):      0.708      0.708 RR  CELL  clk~input|o
    Info (332115):      1.602      0.894 RR    IC  clk~inputclkctrl|inclk[0]
    Info (332115):      1.602      0.000 RR  CELL  clk~inputclkctrl|outclk
    Info (332115):      3.072      1.470 RR    IC  alwaysud|solver|used[12][8]|clk
    Info (332115):      3.582      0.510 RR  CELL  alwaysud:alwaysud|alwaysud_solver:solver|used[12][8]
    Info (332115):      3.789      0.207     uTco  alwaysud:alwaysud|alwaysud_solver:solver|used[12][8]
    Info (332115):      3.789      0.000 FF  CELL  alwaysud|solver|used[12][8]|q
    Info (332115):      5.283      1.494 FF    IC  alwaysud|solver|cellused[3][8]|datac
    Info (332115):      5.562      0.279 FR  CELL  alwaysud|solver|cellused[3][8]|combout
    Info (332115):      7.956      2.394 RR    IC  alwaysud|solver|availc[3][8]~706|datad
    Info (332115):      8.122      0.166 RR  CELL  alwaysud|solver|availc[3][8]~706|combout
    Info (332115):      9.819      1.697 RR    IC  alwaysud|solver|unit_avail[3][8]~1354|datac
    Info (332115):     10.124      0.305 RR  CELL  alwaysud|solver|unit_avail[3][8]~1354|combout
    Info (332115):     10.328      0.204 RR    IC  alwaysud|solver|unit_avail[3][8]~1355|datac
    Info (332115):     10.608      0.280 RF  CELL  alwaysud|solver|unit_avail[3][8]~1355|combout
    Info (332115):     10.888      0.280 FF    IC  alwaysud|solver|unit_avail[3][8]~1356|datab
    Info (332115):     11.292      0.404 FF  CELL  alwaysud|solver|unit_avail[3][8]~1356|combout
    Info (332115):     11.528      0.236 FF    IC  alwaysud|solver|unit_avail[3][8]~1357|datad
    Info (332115):     11.689      0.161 FR  CELL  alwaysud|solver|unit_avail[3][8]~1357|combout
    Info (332115):     13.043      1.354 RR    IC  alwaysud|solver|unit_avail[3][8]~1365|datad
    Info (332115):     13.209      0.166 RR  CELL  alwaysud|solver|unit_avail[3][8]~1365|combout
    Info (332115):     13.419      0.210 RR    IC  alwaysud|solver|unit_avail[3][8]~1489|datac
    Info (332115):     13.724      0.305 RR  CELL  alwaysud|solver|unit_avail[3][8]~1489|combout
    Info (332115):     14.375      0.651 RR    IC  alwaysud|solver|hitk~114|datad
    Info (332115):     14.541      0.166 RR  CELL  alwaysud|solver|hitk~114|combout
    Info (332115):     15.162      0.621 RR    IC  alwaysud|solver|iso9~88|datac
    Info (332115):     15.446      0.284 RF  CELL  alwaysud|solver|iso9~88|combout
    Info (332115):     15.860      0.414 FF    IC  alwaysud|solver|Equal109~3|datac
    Info (332115):     16.163      0.303 FF  CELL  alwaysud|solver|Equal109~3|combout
    Info (332115):     16.405      0.242 FF    IC  alwaysud|solver|Equal109~5|datac
    Info (332115):     16.708      0.303 FF  CELL  alwaysud|solver|Equal109~5|combout
    Info (332115):     17.575      0.867 FF    IC  alwaysud|solver|hitk~65|datab
    Info (332115):     17.945      0.370 FF  CELL  alwaysud|solver|hitk~65|combout
    Info (332115):     18.245      0.300 FF    IC  alwaysud|solver|hitk~67|datab
    Info (332115):     18.669      0.424 FF  CELL  alwaysud|solver|hitk~67|combout
    Info (332115):     18.910      0.241 FF    IC  alwaysud|solver|hitk~68|datac
    Info (332115):     19.208      0.298 FF  CELL  alwaysud|solver|hitk~68|combout
    Info (332115):     19.496      0.288 FF    IC  alwaysud|solver|hitk~69|dataa
    Info (332115):     19.901      0.405 FF  CELL  alwaysud|solver|hitk~69|combout
    Info (332115):     20.135      0.234 FF    IC  alwaysud|solver|hitk~71|datad
    Info (332115):     20.266      0.131 FF  CELL  alwaysud|solver|hitk~71|combout
    Info (332115):     20.500      0.234 FF    IC  alwaysud|solver|hitk~72|datad
    Info (332115):     20.631      0.131 FF  CELL  alwaysud|solver|hitk~72|combout
    Info (332115):     20.870      0.239 FF    IC  alwaysud|solver|hitk[2]~73|datad
    Info (332115):     21.001      0.131 FF  CELL  alwaysud|solver|hitk[2]~73|combout
    Info (332115):     22.058      1.057 FF    IC  alwaysud|solver|always2~19|dataa
    Info (332115):     22.433      0.375 FR  CELL  alwaysud|solver|always2~19|combout
    Info (332115):     24.294      1.861 RR    IC  alwaysud|solver|WideOr10~5|datad
    Info (332115):     24.460      0.166 RR  CELL  alwaysud|solver|WideOr10~5|combout
    Info (332115):     24.863      0.403 RR    IC  alwaysud|solver|WideOr28~6|datac
    Info (332115):     25.167      0.304 RR  CELL  alwaysud|solver|WideOr28~6|combout
    Info (332115):     26.459      1.292 RR    IC  alwaysud|solver|WideOr28~7|datac
    Info (332115):     26.763      0.304 RR  CELL  alwaysud|solver|WideOr28~7|combout
    Info (332115):     26.991      0.228 RR    IC  alwaysud|solver|WideOr55~3|datad
    Info (332115):     27.157      0.166 RR  CELL  alwaysud|solver|WideOr55~3|combout
    Info (332115):     27.815      0.658 RR    IC  alwaysud|solver|cand_v[56]~18|datab
    Info (332115):     28.188      0.373 RF  CELL  alwaysud|solver|cand_v[56]~18|combout
    Info (332115):     28.427      0.239 FF    IC  alwaysud|solver|cand_v[56]~19|datad
    Info (332115):     28.558      0.131 FF  CELL  alwaysud|solver|cand_v[56]~19|combout
    Info (332115):     29.364      0.806 FF    IC  alwaysud|solver|cand_v[46]~22|datac
    Info (332115):     29.667      0.303 FF  CELL  alwaysud|solver|cand_v[46]~22|combout
    Info (332115):     29.938      0.271 FF    IC  alwaysud|solver|cand_v[2]~42|datac
    Info (332115):     30.241      0.303 FF  CELL  alwaysud|solver|cand_v[2]~42|combout
    Info (332115):     31.254      1.013 FF    IC  alwaysud|solver|cand_v[10]~77|datab
    Info (332115):     31.608      0.354 FF  CELL  alwaysud|solver|cand_v[10]~77|combout
    Info (332115):     31.875      0.267 FF    IC  alwaysud|solver|cand_v[10]~109|datad
    Info (332115):     32.006      0.131 FF  CELL  alwaysud|solver|cand_v[10]~109|combout
    Info (332115):     32.250      0.244 FF    IC  alwaysud|solver|cand_v[10]~120|datad
    Info (332115):     32.381      0.131 FF  CELL  alwaysud|solver|cand_v[10]~120|combout
    Info (332115):     33.143      0.762 FF    IC  alwaysud|solver|selv[14]~9|datad
    Info (332115):     33.304      0.161 FR  CELL  alwaysud|solver|selv[14]~9|combout
    Info (332115):     34.279      0.975 RR    IC  alwaysud|solver|WideOr85|datad
    Info (332115):     34.424      0.145 RF  CELL  alwaysud|solver|WideOr85|combout
    Info (332115):     34.780      0.356 FF    IC  alwaysud|solver|iso9~270|datab
    Info (332115):     35.197      0.417 FR  CELL  alwaysud|solver|iso9~270|combout
    Info (332115):     36.217      1.020 RR    IC  alwaysud|solver|iso9~272|datad
    Info (332115):     36.383      0.166 RR  CELL  alwaysud|solver|iso9~272|combout
    Info (332115):     36.853      0.470 RR    IC  alwaysud|solver|iso9~274|datad
    Info (332115):     37.019      0.166 RR  CELL  alwaysud|solver|iso9~274|combout
    Info (332115):     37.498      0.479 RR    IC  alwaysud|solver|selv[79]~87|datac
    Info (332115):     37.803      0.305 RR  CELL  alwaysud|solver|selv[79]~87|combout
    Info (332115):     39.681      1.878 RR    IC  alwaysud|solver| renamed_net_480~77|datac
    Info (332115):     39.986      0.305 RR  CELL  alwaysud|solver| renamed_net_480~77|combout
    Info (332115):     40.189      0.203 RR    IC  alwaysud|solver| renamed_net_480~80|datad
    Info (332115):     40.355      0.166 RR  CELL  alwaysud|solver| renamed_net_480~80|combout
    Info (332115):     41.101      0.746 RR    IC  alwaysud|solver| renamed_net_480~86|datad
    Info (332115):     41.267      0.166 RR  CELL  alwaysud|solver| renamed_net_480~86|combout
    Info (332115):     43.213      1.946 RR    IC  alwaysud|solver| renamed_net_480~122|datab
    Info (332115):     43.636      0.423 RR  CELL  alwaysud|solver| renamed_net_480~122|combout
    Info (332115):     43.840      0.204 RR    IC  alwaysud|solver| renamed_net_480~231|datac
    Info (332115):     44.144      0.304 RR  CELL  alwaysud|solver| renamed_net_480~231|combout
    Info (332115):     44.396      0.252 RR    IC  alwaysud|solver|pick_bit[4]~0|datab
    Info (332115):     44.838      0.442 RF  CELL  alwaysud|solver|pick_bit[4]~0|combout
    Info (332115):     45.174      0.336 FF    IC  alwaysud|solver|pick_bit[6]~1|datab
    Info (332115):     45.578      0.404 FF  CELL  alwaysud|solver|pick_bit[6]~1|combout
    Info (332115):     46.026      0.448 FF    IC  alwaysud|solver|pick_bit[7]~8|datad
    Info (332115):     46.157      0.131 FF  CELL  alwaysud|solver|pick_bit[7]~8|combout
    Info (332115):     48.409      2.252 FF    IC  alwaysud|solver|used~725|datac
    Info (332115):     48.712      0.303 FF  CELL  alwaysud|solver|used~725|combout
    Info (332115):     48.944      0.232 FF    IC  alwaysud|solver|used[13][7]~4|datad
    Info (332115):     49.075      0.131 FF  CELL  alwaysud|solver|used[13][7]~4|combout
    Info (332115):     49.075      0.000 FF    IC  alwaysud|solver|used[13][7]|d
    Info (332115):     49.169      0.094 FF  CELL  alwaysud:alwaysud|alwaysud_solver:solver|used[13][7]
    Info (332115): Data Required Path:
    Info (332115): Total (ns)  Incr (ns)     Type  Element
    Info (332115): ==========  ========= ==  ====  ===================================
    Info (332115):      1.000      1.000           latch edge time
    Info (332115):      1.000      0.000           source latency
    Info (332115):      1.000      0.000           clk
    Info (332115):      1.000      0.000 RR    IC  clk~input|i
    Info (332115):      1.708      0.708 RR  CELL  clk~input|o
    Info (332115):      2.566      0.858 RR    IC  clk~inputclkctrl|inclk[0]
    Info (332115):      2.566      0.000 RR  CELL  clk~inputclkctrl|outclk
    Info (332115):      4.020      1.454 RR    IC  alwaysud|solver|used[13][7]|clk
    Info (332115):      4.495      0.475 RR  CELL  alwaysud:alwaysud|alwaysud_solver:solver|used[13][7]
    Info (332115):      4.554      0.059           clock pessimism removed
    Info (332115):      4.534     -0.020           clock uncertainty
    Info (332115):      4.547      0.013     uTsu  alwaysud:alwaysud|alwaysud_solver:solver|used[13][7]
    Info (332115): Data Arrival Time  :    49.169
    Info (332115): Data Required Time :     4.547
    Info (332115): Slack              :   -44.622 (VIOLATED)
    Info (332115): ===================================================================
Info (332115): Path #7: Setup slack is -44.618 (VIOLATED)
    Info (332115): ===================================================================
    Info (332115): From Node    : alwaysud:alwaysud|alwaysud_solver:solver|used[9][8]
    Info (332115): To Node      : alwaysud:alwaysud|alwaysud_solver:solver|used[13][7]
    Info (332115): Launch Clock : clk
    Info (332115): Latch Clock  : clk
    Info (332115): Data Arrival Path:
    Info (332115): Total (ns)  Incr (ns)     Type  Element
    Info (332115): ==========  ========= ==  ====  ===================================
    Info (332115):      0.000      0.000           launch edge time
    Info (332115):      0.000      0.000           source latency
    Info (332115):      0.000      0.000           clk
    Info (332115):      0.000      0.000 RR    IC  clk~input|i
    Info (332115):      0.708      0.708 RR  CELL  clk~input|o
    Info (332115):      1.602      0.894 RR    IC  clk~inputclkctrl|inclk[0]
    Info (332115):      1.602      0.000 RR  CELL  clk~inputclkctrl|outclk
    Info (332115):      3.072      1.470 RR    IC  alwaysud|solver|used[9][8]|clk
    Info (332115):      3.582      0.510 RR  CELL  alwaysud:alwaysud|alwaysud_solver:solver|used[9][8]
    Info (332115):      3.789      0.207     uTco  alwaysud:alwaysud|alwaysud_solver:solver|used[9][8]
    Info (332115):      3.789      0.000 RR  CELL  alwaysud|solver|used[9][8]|q
    Info (332115):      6.311      2.522 RR    IC  alwaysud|solver|cellused[18][8]|datad
    Info (332115):      6.456      0.145 RF  CELL  alwaysud|solver|cellused[18][8]|combout
    Info (332115):      7.230      0.774 FF    IC  alwaysud|solver|availc[18][8]~699|dataa
    Info (332115):      7.585      0.355 FF  CELL  alwaysud|solver|availc[18][8]~699|combout
    Info (332115):      9.615      2.030 FF    IC  alwaysud|solver|unit_avail[2][8]~1332|datac
    Info (332115):      9.918      0.303 FF  CELL  alwaysud|solver|unit_avail[2][8]~1332|combout
    Info (332115):     10.202      0.284 FF    IC  alwaysud|solver|unit_avail[2][8]~1333|datab
    Info (332115):     10.626      0.424 FF  CELL  alwaysud|solver|unit_avail[2][8]~1333|combout
    Info (332115):     10.860      0.234 FF    IC  alwaysud|solver|unit_avail[2][8]~1334|datad
    Info (332115):     10.991      0.131 FF  CELL  alwaysud|solver|unit_avail[2][8]~1334|combout
    Info (332115):     11.234      0.243 FF    IC  alwaysud|solver|unit_avail[2][8]~1335|datac
    Info (332115):     11.537      0.303 FF  CELL  alwaysud|solver|unit_avail[2][8]~1335|combout
    Info (332115):     12.598      1.061 FF    IC  alwaysud|solver|unit_avail[2][8]~1336|datac
    Info (332115):     12.901      0.303 FF  CELL  alwaysud|solver|unit_avail[2][8]~1336|combout
    Info (332115):     13.135      0.234 FF    IC  alwaysud|solver|unit_avail[2][8]~1337|datad
    Info (332115):     13.296      0.161 FR  CELL  alwaysud|solver|unit_avail[2][8]~1337|combout
    Info (332115):     13.671      0.375 RR    IC  alwaysud|solver|unit_avail[2][8]~1488|datad
    Info (332115):     13.837      0.166 RR  CELL  alwaysud|solver|unit_avail[2][8]~1488|combout
    Info (332115):     14.136      0.299 RR    IC  alwaysud|solver|hitk~114|datab
    Info (332115):     14.559      0.423 RR  CELL  alwaysud|solver|hitk~114|combout
    Info (332115):     15.180      0.621 RR    IC  alwaysud|solver|iso9~88|datac
    Info (332115):     15.464      0.284 RF  CELL  alwaysud|solver|iso9~88|combout
    Info (332115):     15.878      0.414 FF    IC  alwaysud|solver|Equal109~3|datac
    Info (332115):     16.181      0.303 FF  CELL  alwaysud|solver|Equal109~3|combout
    Info (332115):     16.423      0.242 FF    IC  alwaysud|solver|Equal109~5|datac
    Info (332115):     16.726      0.303 FF  CELL  alwaysud|solver|Equal109~5|combout
    Info (332115):     17.593      0.867 FF    IC  alwaysud|solver|hitk~65|datab
    Info (332115):     17.963      0.370 FF  CELL  alwaysud|solver|hitk~65|combout
    Info (332115):     18.263      0.300 FF    IC  alwaysud|solver|hitk~67|datab
    Info (332115):     18.687      0.424 FF  CELL  alwaysud|solver|hitk~67|combout
    Info (332115):     18.928      0.241 FF    IC  alwaysud|solver|hitk~68|datac
    Info (332115):     19.226      0.298 FF  CELL  alwaysud|solver|hitk~68|combout
    Info (332115):     19.514      0.288 FF    IC  alwaysud|solver|hitk~69|dataa
    Info (332115):     19.919      0.405 FF  CELL  alwaysud|solver|hitk~69|combout
    Info (332115):     20.153      0.234 FF    IC  alwaysud|solver|hitk~71|datad
    Info (332115):     20.284      0.131 FF  CELL  alwaysud|solver|hitk~71|combout
    Info (332115):     20.518      0.234 FF    IC  alwaysud|solver|hitk~72|datad
    Info (332115):     20.649      0.131 FF  CELL  alwaysud|solver|hitk~72|combout
    Info (332115):     20.888      0.239 FF    IC  alwaysud|solver|hitk[2]~73|datad
    Info (332115):     21.019      0.131 FF  CELL  alwaysud|solver|hitk[2]~73|combout
    Info (332115):     22.076      1.057 FF    IC  alwaysud|solver|always2~19|dataa
    Info (332115):     22.451      0.375 FR  CELL  alwaysud|solver|always2~19|combout
    Info (332115):     24.027      1.576 RR    IC  alwaysud|solver|fh~198|datad
    Info (332115):     24.193      0.166 RR  CELL  alwaysud|solver|fh~198|combout
    Info (332115):     25.530      1.337 RR    IC  alwaysud|solver|WideOr37~4|datac
    Info (332115):     25.834      0.304 RR  CELL  alwaysud|solver|WideOr37~4|combout
    Info (332115):     26.046      0.212 RR    IC  alwaysud|solver|WideOr37~5|datad
    Info (332115):     26.212      0.166 RR  CELL  alwaysud|solver|WideOr37~5|combout
    Info (332115):     26.414      0.202 RR    IC  alwaysud|solver|WideOr37~6|datac
    Info (332115):     26.718      0.304 RR  CELL  alwaysud|solver|WideOr37~6|combout
    Info (332115):     27.094      0.376 RR    IC  alwaysud|solver|WideOr37~19|datad
    Info (332115):     27.260      0.166 RR  CELL  alwaysud|solver|WideOr37~19|combout
    Info (332115):     28.657      1.397 RR    IC  alwaysud|solver|cand_v[77]~30|datac
    Info (332115):     28.937      0.280 RF  CELL  alwaysud|solver|cand_v[77]~30|combout
    Info (332115):     29.264      0.327 FF    IC  alwaysud|solver|cand_v[11]~34|dataa
    Info (332115):     29.623      0.359 FF  CELL  alwaysud|solver|cand_v[11]~34|combout
    Info (332115):     30.280      0.657 FF    IC  alwaysud|solver|cand_v[2]~35|datac
    Info (332115):     30.583      0.303 FF  CELL  alwaysud|solver|cand_v[2]~35|combout
    Info (332115):     31.247      0.664 FF    IC  alwaysud|solver|cand_v[28]~43|datac
    Info (332115):     31.550      0.303 FF  CELL  alwaysud|solver|cand_v[28]~43|combout
    Info (332115):     32.238      0.688 FF    IC  alwaysud|solver|cand_v[30]~51|datad
    Info (332115):     32.369      0.131 FF  CELL  alwaysud|solver|cand_v[30]~51|combout
    Info (332115):     32.623      0.254 FF    IC  alwaysud|solver|selv[32]~2|datac
    Info (332115):     32.902      0.279 FR  CELL  alwaysud|solver|selv[32]~2|combout
    Info (332115):     33.140      0.238 RR    IC  alwaysud|solver|selv[32]~3|dataa
    Info (332115):     33.562      0.422 RR  CELL  alwaysud|solver|selv[32]~3|combout
    Info (332115):     34.408      0.846 RR    IC  alwaysud|solver|WideOr87|datab
    Info (332115):     34.781      0.373 RF  CELL  alwaysud|solver|WideOr87|combout
    Info (332115):     35.032      0.251 FF    IC  alwaysud|solver|iso9~270|datad
    Info (332115):     35.193      0.161 FR  CELL  alwaysud|solver|iso9~270|combout
    Info (332115):     36.213      1.020 RR    IC  alwaysud|solver|iso9~272|datad
    Info (332115):     36.379      0.166 RR  CELL  alwaysud|solver|iso9~272|combout
    Info (332115):     36.849      0.470 RR    IC  alwaysud|solver|iso9~274|datad
    Info (332115):     37.015      0.166 RR  CELL  alwaysud|solver|iso9~274|combout
    Info (332115):     37.494      0.479 RR    IC  alwaysud|solver|selv[79]~87|datac
    Info (332115):     37.799      0.305 RR  CELL  alwaysud|solver|selv[79]~87|combout
    Info (332115):     39.677      1.878 RR    IC  alwaysud|solver| renamed_net_480~77|datac
    Info (332115):     39.982      0.305 RR  CELL  alwaysud|solver| renamed_net_480~77|combout
    Info (332115):     40.185      0.203 RR    IC  alwaysud|solver| renamed_net_480~80|datad
    Info (332115):     40.351      0.166 RR  CELL  alwaysud|solver| renamed_net_480~80|combout
    Info (332115):     41.097      0.746 RR    IC  alwaysud|solver| renamed_net_480~86|datad
    Info (332115):     41.263      0.166 RR  CELL  alwaysud|solver| renamed_net_480~86|combout
    Info (332115):     43.209      1.946 RR    IC  alwaysud|solver| renamed_net_480~122|datab
    Info (332115):     43.632      0.423 RR  CELL  alwaysud|solver| renamed_net_480~122|combout
    Info (332115):     43.836      0.204 RR    IC  alwaysud|solver| renamed_net_480~231|datac
    Info (332115):     44.140      0.304 RR  CELL  alwaysud|solver| renamed_net_480~231|combout
    Info (332115):     44.392      0.252 RR    IC  alwaysud|solver|pick_bit[4]~0|datab
    Info (332115):     44.834      0.442 RF  CELL  alwaysud|solver|pick_bit[4]~0|combout
    Info (332115):     45.170      0.336 FF    IC  alwaysud|solver|pick_bit[6]~1|datab
    Info (332115):     45.574      0.404 FF  CELL  alwaysud|solver|pick_bit[6]~1|combout
    Info (332115):     46.022      0.448 FF    IC  alwaysud|solver|pick_bit[7]~8|datad
    Info (332115):     46.153      0.131 FF  CELL  alwaysud|solver|pick_bit[7]~8|combout
    Info (332115):     48.405      2.252 FF    IC  alwaysud|solver|used~725|datac
    Info (332115):     48.708      0.303 FF  CELL  alwaysud|solver|used~725|combout
    Info (332115):     48.940      0.232 FF    IC  alwaysud|solver|used[13][7]~4|datad
    Info (332115):     49.071      0.131 FF  CELL  alwaysud|solver|used[13][7]~4|combout
    Info (332115):     49.071      0.000 FF    IC  alwaysud|solver|used[13][7]|d
    Info (332115):     49.165      0.094 FF  CELL  alwaysud:alwaysud|alwaysud_solver:solver|used[13][7]
    Info (332115): Data Required Path:
    Info (332115): Total (ns)  Incr (ns)     Type  Element
    Info (332115): ==========  ========= ==  ====  ===================================
    Info (332115):      1.000      1.000           latch edge time
    Info (332115):      1.000      0.000           source latency
    Info (332115):      1.000      0.000           clk
    Info (332115):      1.000      0.000 RR    IC  clk~input|i
    Info (332115):      1.708      0.708 RR  CELL  clk~input|o
    Info (332115):      2.566      0.858 RR    IC  clk~inputclkctrl|inclk[0]
    Info (332115):      2.566      0.000 RR  CELL  clk~inputclkctrl|outclk
    Info (332115):      4.020      1.454 RR    IC  alwaysud|solver|used[13][7]|clk
    Info (332115):      4.495      0.475 RR  CELL  alwaysud:alwaysud|alwaysud_solver:solver|used[13][7]
    Info (332115):      4.554      0.059           clock pessimism removed
    Info (332115):      4.534     -0.020           clock uncertainty
    Info (332115):      4.547      0.013     uTsu  alwaysud:alwaysud|alwaysud_solver:solver|used[13][7]
    Info (332115): Data Arrival Time  :    49.165
    Info (332115): Data Required Time :     4.547
    Info (332115): Slack              :   -44.618 (VIOLATED)
    Info (332115): ===================================================================
Info (332115): Path #8: Setup slack is -44.614 (VIOLATED)
    Info (332115): ===================================================================
    Info (332115): From Node    : alwaysud:alwaysud|alwaysud_solver:solver|used[9][8]
    Info (332115): To Node      : alwaysud:alwaysud|alwaysud_solver:solver|used[13][7]
    Info (332115): Launch Clock : clk
    Info (332115): Latch Clock  : clk
    Info (332115): Data Arrival Path:
    Info (332115): Total (ns)  Incr (ns)     Type  Element
    Info (332115): ==========  ========= ==  ====  ===================================
    Info (332115):      0.000      0.000           launch edge time
    Info (332115):      0.000      0.000           source latency
    Info (332115):      0.000      0.000           clk
    Info (332115):      0.000      0.000 RR    IC  clk~input|i
    Info (332115):      0.708      0.708 RR  CELL  clk~input|o
    Info (332115):      1.602      0.894 RR    IC  clk~inputclkctrl|inclk[0]
    Info (332115):      1.602      0.000 RR  CELL  clk~inputclkctrl|outclk
    Info (332115):      3.072      1.470 RR    IC  alwaysud|solver|used[9][8]|clk
    Info (332115):      3.582      0.510 RR  CELL  alwaysud:alwaysud|alwaysud_solver:solver|used[9][8]
    Info (332115):      3.789      0.207     uTco  alwaysud:alwaysud|alwaysud_solver:solver|used[9][8]
    Info (332115):      3.789      0.000 RR  CELL  alwaysud|solver|used[9][8]|q
    Info (332115):      6.311      2.522 RR    IC  alwaysud|solver|cellused[18][8]|datad
    Info (332115):      6.456      0.145 RF  CELL  alwaysud|solver|cellused[18][8]|combout
    Info (332115):      7.230      0.774 FF    IC  alwaysud|solver|availc[18][8]~699|dataa
    Info (332115):      7.585      0.355 FF  CELL  alwaysud|solver|availc[18][8]~699|combout
    Info (332115):      9.615      2.030 FF    IC  alwaysud|solver|unit_avail[2][8]~1332|datac
    Info (332115):      9.918      0.303 FF  CELL  alwaysud|solver|unit_avail[2][8]~1332|combout
    Info (332115):     10.202      0.284 FF    IC  alwaysud|solver|unit_avail[2][8]~1333|datab
    Info (332115):     10.626      0.424 FF  CELL  alwaysud|solver|unit_avail[2][8]~1333|combout
    Info (332115):     10.860      0.234 FF    IC  alwaysud|solver|unit_avail[2][8]~1334|datad
    Info (332115):     10.991      0.131 FF  CELL  alwaysud|solver|unit_avail[2][8]~1334|combout
    Info (332115):     11.234      0.243 FF    IC  alwaysud|solver|unit_avail[2][8]~1335|datac
    Info (332115):     11.537      0.303 FF  CELL  alwaysud|solver|unit_avail[2][8]~1335|combout
    Info (332115):     12.598      1.061 FF    IC  alwaysud|solver|unit_avail[2][8]~1336|datac
    Info (332115):     12.901      0.303 FF  CELL  alwaysud|solver|unit_avail[2][8]~1336|combout
    Info (332115):     13.135      0.234 FF    IC  alwaysud|solver|unit_avail[2][8]~1337|datad
    Info (332115):     13.296      0.161 FR  CELL  alwaysud|solver|unit_avail[2][8]~1337|combout
    Info (332115):     13.671      0.375 RR    IC  alwaysud|solver|unit_avail[2][8]~1488|datad
    Info (332115):     13.837      0.166 RR  CELL  alwaysud|solver|unit_avail[2][8]~1488|combout
    Info (332115):     14.136      0.299 RR    IC  alwaysud|solver|hitk~114|datab
    Info (332115):     14.559      0.423 RR  CELL  alwaysud|solver|hitk~114|combout
    Info (332115):     15.180      0.621 RR    IC  alwaysud|solver|iso9~88|datac
    Info (332115):     15.464      0.284 RF  CELL  alwaysud|solver|iso9~88|combout
    Info (332115):     15.878      0.414 FF    IC  alwaysud|solver|Equal109~3|datac
    Info (332115):     16.181      0.303 FF  CELL  alwaysud|solver|Equal109~3|combout
    Info (332115):     16.423      0.242 FF    IC  alwaysud|solver|Equal109~5|datac
    Info (332115):     16.726      0.303 FF  CELL  alwaysud|solver|Equal109~5|combout
    Info (332115):     17.593      0.867 FF    IC  alwaysud|solver|hitk~65|datab
    Info (332115):     17.963      0.370 FF  CELL  alwaysud|solver|hitk~65|combout
    Info (332115):     18.263      0.300 FF    IC  alwaysud|solver|hitk~67|datab
    Info (332115):     18.687      0.424 FF  CELL  alwaysud|solver|hitk~67|combout
    Info (332115):     18.928      0.241 FF    IC  alwaysud|solver|hitk~68|datac
    Info (332115):     19.226      0.298 FF  CELL  alwaysud|solver|hitk~68|combout
    Info (332115):     19.514      0.288 FF    IC  alwaysud|solver|hitk~69|dataa
    Info (332115):     19.919      0.405 FF  CELL  alwaysud|solver|hitk~69|combout
    Info (332115):     20.153      0.234 FF    IC  alwaysud|solver|hitk~71|datad
    Info (332115):     20.284      0.131 FF  CELL  alwaysud|solver|hitk~71|combout
    Info (332115):     20.518      0.234 FF    IC  alwaysud|solver|hitk~72|datad
    Info (332115):     20.649      0.131 FF  CELL  alwaysud|solver|hitk~72|combout
    Info (332115):     20.888      0.239 FF    IC  alwaysud|solver|hitk[2]~73|datad
    Info (332115):     21.019      0.131 FF  CELL  alwaysud|solver|hitk[2]~73|combout
    Info (332115):     22.076      1.057 FF    IC  alwaysud|solver|always2~19|dataa
    Info (332115):     22.451      0.375 FR  CELL  alwaysud|solver|always2~19|combout
    Info (332115):     24.376      1.925 RR    IC  alwaysud|solver|WideOr10~3|datad
    Info (332115):     24.542      0.166 RR  CELL  alwaysud|solver|WideOr10~3|combout
    Info (332115):     24.800      0.258 RR    IC  alwaysud|solver|WideOr28~6|dataa
    Info (332115):     25.222      0.422 RR  CELL  alwaysud|solver|WideOr28~6|combout
    Info (332115):     26.514      1.292 RR    IC  alwaysud|solver|WideOr28~7|datac
    Info (332115):     26.818      0.304 RR  CELL  alwaysud|solver|WideOr28~7|combout
    Info (332115):     27.046      0.228 RR    IC  alwaysud|solver|WideOr55~3|datad
    Info (332115):     27.212      0.166 RR  CELL  alwaysud|solver|WideOr55~3|combout
    Info (332115):     27.870      0.658 RR    IC  alwaysud|solver|cand_v[56]~18|datab
    Info (332115):     28.243      0.373 RF  CELL  alwaysud|solver|cand_v[56]~18|combout
    Info (332115):     28.482      0.239 FF    IC  alwaysud|solver|cand_v[56]~19|datad
    Info (332115):     28.613      0.131 FF  CELL  alwaysud|solver|cand_v[56]~19|combout
    Info (332115):     29.419      0.806 FF    IC  alwaysud|solver|cand_v[46]~22|datac
    Info (332115):     29.722      0.303 FF  CELL  alwaysud|solver|cand_v[46]~22|combout
    Info (332115):     29.993      0.271 FF    IC  alwaysud|solver|cand_v[2]~42|datac
    Info (332115):     30.296      0.303 FF  CELL  alwaysud|solver|cand_v[2]~42|combout
    Info (332115):     31.309      1.013 FF    IC  alwaysud|solver|cand_v[10]~77|datab
    Info (332115):     31.663      0.354 FF  CELL  alwaysud|solver|cand_v[10]~77|combout
    Info (332115):     31.930      0.267 FF    IC  alwaysud|solver|cand_v[10]~109|datad
    Info (332115):     32.061      0.131 FF  CELL  alwaysud|solver|cand_v[10]~109|combout
    Info (332115):     32.305      0.244 FF    IC  alwaysud|solver|cand_v[10]~120|datad
    Info (332115):     32.436      0.131 FF  CELL  alwaysud|solver|cand_v[10]~120|combout
    Info (332115):     33.198      0.762 FF    IC  alwaysud|solver|selv[14]~9|datad
    Info (332115):     33.359      0.161 FR  CELL  alwaysud|solver|selv[14]~9|combout
    Info (332115):     34.334      0.975 RR    IC  alwaysud|solver|WideOr85|datad
    Info (332115):     34.479      0.145 RF  CELL  alwaysud|solver|WideOr85|combout
    Info (332115):     34.835      0.356 FF    IC  alwaysud|solver|iso9~270|datab
    Info (332115):     35.252      0.417 FR  CELL  alwaysud|solver|iso9~270|combout
    Info (332115):     36.272      1.020 RR    IC  alwaysud|solver|iso9~272|datad
    Info (332115):     36.438      0.166 RR  CELL  alwaysud|solver|iso9~272|combout
    Info (332115):     37.422      0.984 RR    IC  alwaysud|solver|selv[72]~44|datad
    Info (332115):     37.588      0.166 RR  CELL  alwaysud|solver|selv[72]~44|combout
    Info (332115):     38.864      1.276 RR    IC  alwaysud|solver| renamed_net_480~150|datad
    Info (332115):     39.030      0.166 RR  CELL  alwaysud|solver| renamed_net_480~150|combout
    Info (332115):     40.458      1.428 RR    IC  alwaysud|solver| renamed_net_480~153|datad
    Info (332115):     40.624      0.166 RR  CELL  alwaysud|solver| renamed_net_480~153|combout
    Info (332115):     41.351      0.727 RR    IC  alwaysud|solver| renamed_net_480~161|datad
    Info (332115):     41.517      0.166 RR  CELL  alwaysud|solver| renamed_net_480~161|combout
    Info (332115):     42.598      1.081 RR    IC  alwaysud|solver| renamed_net_480~230|datab
    Info (332115):     43.021      0.423 RR  CELL  alwaysud|solver| renamed_net_480~230|combout
    Info (332115):     43.713      0.692 RR    IC  alwaysud|solver| renamed_net_480~231|datab
    Info (332115):     44.136      0.423 RR  CELL  alwaysud|solver| renamed_net_480~231|combout
    Info (332115):     44.388      0.252 RR    IC  alwaysud|solver|pick_bit[4]~0|datab
    Info (332115):     44.830      0.442 RF  CELL  alwaysud|solver|pick_bit[4]~0|combout
    Info (332115):     45.166      0.336 FF    IC  alwaysud|solver|pick_bit[6]~1|datab
    Info (332115):     45.570      0.404 FF  CELL  alwaysud|solver|pick_bit[6]~1|combout
    Info (332115):     46.018      0.448 FF    IC  alwaysud|solver|pick_bit[7]~8|datad
    Info (332115):     46.149      0.131 FF  CELL  alwaysud|solver|pick_bit[7]~8|combout
    Info (332115):     48.401      2.252 FF    IC  alwaysud|solver|used~725|datac
    Info (332115):     48.704      0.303 FF  CELL  alwaysud|solver|used~725|combout
    Info (332115):     48.936      0.232 FF    IC  alwaysud|solver|used[13][7]~4|datad
    Info (332115):     49.067      0.131 FF  CELL  alwaysud|solver|used[13][7]~4|combout
    Info (332115):     49.067      0.000 FF    IC  alwaysud|solver|used[13][7]|d
    Info (332115):     49.161      0.094 FF  CELL  alwaysud:alwaysud|alwaysud_solver:solver|used[13][7]
    Info (332115): Data Required Path:
    Info (332115): Total (ns)  Incr (ns)     Type  Element
    Info (332115): ==========  ========= ==  ====  ===================================
    Info (332115):      1.000      1.000           latch edge time
    Info (332115):      1.000      0.000           source latency
    Info (332115):      1.000      0.000           clk
    Info (332115):      1.000      0.000 RR    IC  clk~input|i
    Info (332115):      1.708      0.708 RR  CELL  clk~input|o
    Info (332115):      2.566      0.858 RR    IC  clk~inputclkctrl|inclk[0]
    Info (332115):      2.566      0.000 RR  CELL  clk~inputclkctrl|outclk
    Info (332115):      4.020      1.454 RR    IC  alwaysud|solver|used[13][7]|clk
    Info (332115):      4.495      0.475 RR  CELL  alwaysud:alwaysud|alwaysud_solver:solver|used[13][7]
    Info (332115):      4.554      0.059           clock pessimism removed
    Info (332115):      4.534     -0.020           clock uncertainty
    Info (332115):      4.547      0.013     uTsu  alwaysud:alwaysud|alwaysud_solver:solver|used[13][7]
    Info (332115): Data Arrival Time  :    49.161
    Info (332115): Data Required Time :     4.547
    Info (332115): Slack              :   -44.614 (VIOLATED)
    Info (332115): ===================================================================
Info (332115): Path #9: Setup slack is -44.604 (VIOLATED)
    Info (332115): ===================================================================
    Info (332115): From Node    : alwaysud:alwaysud|alwaysud_solver:solver|used[9][8]
    Info (332115): To Node      : alwaysud:alwaysud|alwaysud_solver:solver|used[13][7]
    Info (332115): Launch Clock : clk
    Info (332115): Latch Clock  : clk
    Info (332115): Data Arrival Path:
    Info (332115): Total (ns)  Incr (ns)     Type  Element
    Info (332115): ==========  ========= ==  ====  ===================================
    Info (332115):      0.000      0.000           launch edge time
    Info (332115):      0.000      0.000           source latency
    Info (332115):      0.000      0.000           clk
    Info (332115):      0.000      0.000 RR    IC  clk~input|i
    Info (332115):      0.708      0.708 RR  CELL  clk~input|o
    Info (332115):      1.602      0.894 RR    IC  clk~inputclkctrl|inclk[0]
    Info (332115):      1.602      0.000 RR  CELL  clk~inputclkctrl|outclk
    Info (332115):      3.072      1.470 RR    IC  alwaysud|solver|used[9][8]|clk
    Info (332115):      3.582      0.510 RR  CELL  alwaysud:alwaysud|alwaysud_solver:solver|used[9][8]
    Info (332115):      3.789      0.207     uTco  alwaysud:alwaysud|alwaysud_solver:solver|used[9][8]
    Info (332115):      3.789      0.000 RR  CELL  alwaysud|solver|used[9][8]|q
    Info (332115):      6.311      2.522 RR    IC  alwaysud|solver|cellused[18][8]|datad
    Info (332115):      6.456      0.145 RF  CELL  alwaysud|solver|cellused[18][8]|combout
    Info (332115):      7.230      0.774 FF    IC  alwaysud|solver|availc[18][8]~699|dataa
    Info (332115):      7.585      0.355 FF  CELL  alwaysud|solver|availc[18][8]~699|combout
    Info (332115):      9.615      2.030 FF    IC  alwaysud|solver|unit_avail[2][8]~1332|datac
    Info (332115):      9.918      0.303 FF  CELL  alwaysud|solver|unit_avail[2][8]~1332|combout
    Info (332115):     10.202      0.284 FF    IC  alwaysud|solver|unit_avail[2][8]~1333|datab
    Info (332115):     10.626      0.424 FF  CELL  alwaysud|solver|unit_avail[2][8]~1333|combout
    Info (332115):     10.860      0.234 FF    IC  alwaysud|solver|unit_avail[2][8]~1334|datad
    Info (332115):     10.991      0.131 FF  CELL  alwaysud|solver|unit_avail[2][8]~1334|combout
    Info (332115):     11.234      0.243 FF    IC  alwaysud|solver|unit_avail[2][8]~1335|datac
    Info (332115):     11.537      0.303 FF  CELL  alwaysud|solver|unit_avail[2][8]~1335|combout
    Info (332115):     12.598      1.061 FF    IC  alwaysud|solver|unit_avail[2][8]~1336|datac
    Info (332115):     12.901      0.303 FF  CELL  alwaysud|solver|unit_avail[2][8]~1336|combout
    Info (332115):     13.135      0.234 FF    IC  alwaysud|solver|unit_avail[2][8]~1337|datad
    Info (332115):     13.296      0.161 FR  CELL  alwaysud|solver|unit_avail[2][8]~1337|combout
    Info (332115):     13.671      0.375 RR    IC  alwaysud|solver|unit_avail[2][8]~1488|datad
    Info (332115):     13.837      0.166 RR  CELL  alwaysud|solver|unit_avail[2][8]~1488|combout
    Info (332115):     14.136      0.299 RR    IC  alwaysud|solver|hitk~114|datab
    Info (332115):     14.559      0.423 RR  CELL  alwaysud|solver|hitk~114|combout
    Info (332115):     15.180      0.621 RR    IC  alwaysud|solver|iso9~88|datac
    Info (332115):     15.464      0.284 RF  CELL  alwaysud|solver|iso9~88|combout
    Info (332115):     15.878      0.414 FF    IC  alwaysud|solver|Equal109~3|datac
    Info (332115):     16.181      0.303 FF  CELL  alwaysud|solver|Equal109~3|combout
    Info (332115):     16.423      0.242 FF    IC  alwaysud|solver|Equal109~5|datac
    Info (332115):     16.726      0.303 FF  CELL  alwaysud|solver|Equal109~5|combout
    Info (332115):     17.593      0.867 FF    IC  alwaysud|solver|hitk~65|datab
    Info (332115):     17.963      0.370 FF  CELL  alwaysud|solver|hitk~65|combout
    Info (332115):     18.263      0.300 FF    IC  alwaysud|solver|hitk~67|datab
    Info (332115):     18.687      0.424 FF  CELL  alwaysud|solver|hitk~67|combout
    Info (332115):     18.928      0.241 FF    IC  alwaysud|solver|hitk~68|datac
    Info (332115):     19.226      0.298 FF  CELL  alwaysud|solver|hitk~68|combout
    Info (332115):     19.514      0.288 FF    IC  alwaysud|solver|hitk~69|dataa
    Info (332115):     19.919      0.405 FF  CELL  alwaysud|solver|hitk~69|combout
    Info (332115):     20.153      0.234 FF    IC  alwaysud|solver|hitk~71|datad
    Info (332115):     20.284      0.131 FF  CELL  alwaysud|solver|hitk~71|combout
    Info (332115):     20.518      0.234 FF    IC  alwaysud|solver|hitk~72|datad
    Info (332115):     20.649      0.131 FF  CELL  alwaysud|solver|hitk~72|combout
    Info (332115):     20.888      0.239 FF    IC  alwaysud|solver|hitk[2]~73|datad
    Info (332115):     21.019      0.131 FF  CELL  alwaysud|solver|hitk[2]~73|combout
    Info (332115):     22.076      1.057 FF    IC  alwaysud|solver|always2~19|dataa
    Info (332115):     22.451      0.375 FR  CELL  alwaysud|solver|always2~19|combout
    Info (332115):     24.370      1.919 RR    IC  alwaysud|solver|WideOr10~4|datad
    Info (332115):     24.536      0.166 RR  CELL  alwaysud|solver|WideOr10~4|combout
    Info (332115):     24.789      0.253 RR    IC  alwaysud|solver|WideOr28~6|datab
    Info (332115):     25.212      0.423 RR  CELL  alwaysud|solver|WideOr28~6|combout
    Info (332115):     26.504      1.292 RR    IC  alwaysud|solver|WideOr28~7|datac
    Info (332115):     26.808      0.304 RR  CELL  alwaysud|solver|WideOr28~7|combout
    Info (332115):     27.036      0.228 RR    IC  alwaysud|solver|WideOr55~3|datad
    Info (332115):     27.202      0.166 RR  CELL  alwaysud|solver|WideOr55~3|combout
    Info (332115):     27.860      0.658 RR    IC  alwaysud|solver|cand_v[56]~18|datab
    Info (332115):     28.233      0.373 RF  CELL  alwaysud|solver|cand_v[56]~18|combout
    Info (332115):     28.472      0.239 FF    IC  alwaysud|solver|cand_v[56]~19|datad
    Info (332115):     28.603      0.131 FF  CELL  alwaysud|solver|cand_v[56]~19|combout
    Info (332115):     29.409      0.806 FF    IC  alwaysud|solver|cand_v[46]~22|datac
    Info (332115):     29.712      0.303 FF  CELL  alwaysud|solver|cand_v[46]~22|combout
    Info (332115):     29.983      0.271 FF    IC  alwaysud|solver|cand_v[2]~42|datac
    Info (332115):     30.286      0.303 FF  CELL  alwaysud|solver|cand_v[2]~42|combout
    Info (332115):     31.299      1.013 FF    IC  alwaysud|solver|cand_v[10]~77|datab
    Info (332115):     31.653      0.354 FF  CELL  alwaysud|solver|cand_v[10]~77|combout
    Info (332115):     31.920      0.267 FF    IC  alwaysud|solver|cand_v[10]~109|datad
    Info (332115):     32.051      0.131 FF  CELL  alwaysud|solver|cand_v[10]~109|combout
    Info (332115):     32.295      0.244 FF    IC  alwaysud|solver|cand_v[10]~120|datad
    Info (332115):     32.426      0.131 FF  CELL  alwaysud|solver|cand_v[10]~120|combout
    Info (332115):     33.188      0.762 FF    IC  alwaysud|solver|selv[14]~9|datad
    Info (332115):     33.349      0.161 FR  CELL  alwaysud|solver|selv[14]~9|combout
    Info (332115):     34.324      0.975 RR    IC  alwaysud|solver|WideOr85|datad
    Info (332115):     34.469      0.145 RF  CELL  alwaysud|solver|WideOr85|combout
    Info (332115):     34.825      0.356 FF    IC  alwaysud|solver|iso9~270|datab
    Info (332115):     35.242      0.417 FR  CELL  alwaysud|solver|iso9~270|combout
    Info (332115):     36.262      1.020 RR    IC  alwaysud|solver|iso9~272|datad
    Info (332115):     36.428      0.166 RR  CELL  alwaysud|solver|iso9~272|combout
    Info (332115):     37.412      0.984 RR    IC  alwaysud|solver|selv[72]~44|datad
    Info (332115):     37.578      0.166 RR  CELL  alwaysud|solver|selv[72]~44|combout
    Info (332115):     38.854      1.276 RR    IC  alwaysud|solver| renamed_net_480~150|datad
    Info (332115):     39.020      0.166 RR  CELL  alwaysud|solver| renamed_net_480~150|combout
    Info (332115):     40.448      1.428 RR    IC  alwaysud|solver| renamed_net_480~153|datad
    Info (332115):     40.614      0.166 RR  CELL  alwaysud|solver| renamed_net_480~153|combout
    Info (332115):     41.341      0.727 RR    IC  alwaysud|solver| renamed_net_480~161|datad
    Info (332115):     41.507      0.166 RR  CELL  alwaysud|solver| renamed_net_480~161|combout
    Info (332115):     42.588      1.081 RR    IC  alwaysud|solver| renamed_net_480~230|datab
    Info (332115):     43.011      0.423 RR  CELL  alwaysud|solver| renamed_net_480~230|combout
    Info (332115):     43.703      0.692 RR    IC  alwaysud|solver| renamed_net_480~231|datab
    Info (332115):     44.126      0.423 RR  CELL  alwaysud|solver| renamed_net_480~231|combout
    Info (332115):     44.378      0.252 RR    IC  alwaysud|solver|pick_bit[4]~0|datab
    Info (332115):     44.820      0.442 RF  CELL  alwaysud|solver|pick_bit[4]~0|combout
    Info (332115):     45.156      0.336 FF    IC  alwaysud|solver|pick_bit[6]~1|datab
    Info (332115):     45.560      0.404 FF  CELL  alwaysud|solver|pick_bit[6]~1|combout
    Info (332115):     46.008      0.448 FF    IC  alwaysud|solver|pick_bit[7]~8|datad
    Info (332115):     46.139      0.131 FF  CELL  alwaysud|solver|pick_bit[7]~8|combout
    Info (332115):     48.391      2.252 FF    IC  alwaysud|solver|used~725|datac
    Info (332115):     48.694      0.303 FF  CELL  alwaysud|solver|used~725|combout
    Info (332115):     48.926      0.232 FF    IC  alwaysud|solver|used[13][7]~4|datad
    Info (332115):     49.057      0.131 FF  CELL  alwaysud|solver|used[13][7]~4|combout
    Info (332115):     49.057      0.000 FF    IC  alwaysud|solver|used[13][7]|d
    Info (332115):     49.151      0.094 FF  CELL  alwaysud:alwaysud|alwaysud_solver:solver|used[13][7]
    Info (332115): Data Required Path:
    Info (332115): Total (ns)  Incr (ns)     Type  Element
    Info (332115): ==========  ========= ==  ====  ===================================
    Info (332115):      1.000      1.000           latch edge time
    Info (332115):      1.000      0.000           source latency
    Info (332115):      1.000      0.000           clk
    Info (332115):      1.000      0.000 RR    IC  clk~input|i
    Info (332115):      1.708      0.708 RR  CELL  clk~input|o
    Info (332115):      2.566      0.858 RR    IC  clk~inputclkctrl|inclk[0]
    Info (332115):      2.566      0.000 RR  CELL  clk~inputclkctrl|outclk
    Info (332115):      4.020      1.454 RR    IC  alwaysud|solver|used[13][7]|clk
    Info (332115):      4.495      0.475 RR  CELL  alwaysud:alwaysud|alwaysud_solver:solver|used[13][7]
    Info (332115):      4.554      0.059           clock pessimism removed
    Info (332115):      4.534     -0.020           clock uncertainty
    Info (332115):      4.547      0.013     uTsu  alwaysud:alwaysud|alwaysud_solver:solver|used[13][7]
    Info (332115): Data Arrival Time  :    49.151
    Info (332115): Data Required Time :     4.547
    Info (332115): Slack              :   -44.604 (VIOLATED)
    Info (332115): ===================================================================
Info (332115): Path #10: Setup slack is -44.600 (VIOLATED)
    Info (332115): ===================================================================
    Info (332115): From Node    : alwaysud:alwaysud|alwaysud_solver:solver|used[12][8]
    Info (332115): To Node      : alwaysud:alwaysud|alwaysud_solver:solver|used[13][7]
    Info (332115): Launch Clock : clk
    Info (332115): Latch Clock  : clk
    Info (332115): Data Arrival Path:
    Info (332115): Total (ns)  Incr (ns)     Type  Element
    Info (332115): ==========  ========= ==  ====  ===================================
    Info (332115):      0.000      0.000           launch edge time
    Info (332115):      0.000      0.000           source latency
    Info (332115):      0.000      0.000           clk
    Info (332115):      0.000      0.000 RR    IC  clk~input|i
    Info (332115):      0.708      0.708 RR  CELL  clk~input|o
    Info (332115):      1.602      0.894 RR    IC  clk~inputclkctrl|inclk[0]
    Info (332115):      1.602      0.000 RR  CELL  clk~inputclkctrl|outclk
    Info (332115):      3.072      1.470 RR    IC  alwaysud|solver|used[12][8]|clk
    Info (332115):      3.582      0.510 RR  CELL  alwaysud:alwaysud|alwaysud_solver:solver|used[12][8]
    Info (332115):      3.789      0.207     uTco  alwaysud:alwaysud|alwaysud_solver:solver|used[12][8]
    Info (332115):      3.789      0.000 FF  CELL  alwaysud|solver|used[12][8]|q
    Info (332115):      5.283      1.494 FF    IC  alwaysud|solver|cellused[3][8]|datac
    Info (332115):      5.562      0.279 FR  CELL  alwaysud|solver|cellused[3][8]|combout
    Info (332115):      7.956      2.394 RR    IC  alwaysud|solver|availc[3][8]~706|datad
    Info (332115):      8.122      0.166 RR  CELL  alwaysud|solver|availc[3][8]~706|combout
    Info (332115):      9.819      1.697 RR    IC  alwaysud|solver|unit_avail[3][8]~1354|datac
    Info (332115):     10.124      0.305 RR  CELL  alwaysud|solver|unit_avail[3][8]~1354|combout
    Info (332115):     10.328      0.204 RR    IC  alwaysud|solver|unit_avail[3][8]~1355|datac
    Info (332115):     10.608      0.280 RF  CELL  alwaysud|solver|unit_avail[3][8]~1355|combout
    Info (332115):     10.888      0.280 FF    IC  alwaysud|solver|unit_avail[3][8]~1356|datab
    Info (332115):     11.292      0.404 FF  CELL  alwaysud|solver|unit_avail[3][8]~1356|combout
    Info (332115):     11.528      0.236 FF    IC  alwaysud|solver|unit_avail[3][8]~1357|datad
    Info (332115):     11.689      0.161 FR  CELL  alwaysud|solver|unit_avail[3][8]~1357|combout
    Info (332115):     13.043      1.354 RR    IC  alwaysud|solver|unit_avail[3][8]~1365|datad
    Info (332115):     13.209      0.166 RR  CELL  alwaysud|solver|unit_avail[3][8]~1365|combout
    Info (332115):     13.419      0.210 RR    IC  alwaysud|solver|unit_avail[3][8]~1489|datac
    Info (332115):     13.724      0.305 RR  CELL  alwaysud|solver|unit_avail[3][8]~1489|combout
    Info (332115):     14.375      0.651 RR    IC  alwaysud|solver|hitk~114|datad
    Info (332115):     14.541      0.166 RR  CELL  alwaysud|solver|hitk~114|combout
    Info (332115):     15.162      0.621 RR    IC  alwaysud|solver|iso9~88|datac
    Info (332115):     15.446      0.284 RF  CELL  alwaysud|solver|iso9~88|combout
    Info (332115):     15.860      0.414 FF    IC  alwaysud|solver|Equal109~3|datac
    Info (332115):     16.163      0.303 FF  CELL  alwaysud|solver|Equal109~3|combout
    Info (332115):     16.405      0.242 FF    IC  alwaysud|solver|Equal109~5|datac
    Info (332115):     16.708      0.303 FF  CELL  alwaysud|solver|Equal109~5|combout
    Info (332115):     17.575      0.867 FF    IC  alwaysud|solver|hitk~65|datab
    Info (332115):     17.945      0.370 FF  CELL  alwaysud|solver|hitk~65|combout
    Info (332115):     18.245      0.300 FF    IC  alwaysud|solver|hitk~67|datab
    Info (332115):     18.669      0.424 FF  CELL  alwaysud|solver|hitk~67|combout
    Info (332115):     18.910      0.241 FF    IC  alwaysud|solver|hitk~68|datac
    Info (332115):     19.208      0.298 FF  CELL  alwaysud|solver|hitk~68|combout
    Info (332115):     19.496      0.288 FF    IC  alwaysud|solver|hitk~69|dataa
    Info (332115):     19.901      0.405 FF  CELL  alwaysud|solver|hitk~69|combout
    Info (332115):     20.135      0.234 FF    IC  alwaysud|solver|hitk~71|datad
    Info (332115):     20.266      0.131 FF  CELL  alwaysud|solver|hitk~71|combout
    Info (332115):     20.500      0.234 FF    IC  alwaysud|solver|hitk~72|datad
    Info (332115):     20.631      0.131 FF  CELL  alwaysud|solver|hitk~72|combout
    Info (332115):     20.870      0.239 FF    IC  alwaysud|solver|hitk[2]~73|datad
    Info (332115):     21.001      0.131 FF  CELL  alwaysud|solver|hitk[2]~73|combout
    Info (332115):     22.058      1.057 FF    IC  alwaysud|solver|always2~19|dataa
    Info (332115):     22.433      0.375 FR  CELL  alwaysud|solver|always2~19|combout
    Info (332115):     24.009      1.576 RR    IC  alwaysud|solver|fh~198|datad
    Info (332115):     24.175      0.166 RR  CELL  alwaysud|solver|fh~198|combout
    Info (332115):     25.512      1.337 RR    IC  alwaysud|solver|WideOr37~4|datac
    Info (332115):     25.816      0.304 RR  CELL  alwaysud|solver|WideOr37~4|combout
    Info (332115):     26.028      0.212 RR    IC  alwaysud|solver|WideOr37~5|datad
    Info (332115):     26.194      0.166 RR  CELL  alwaysud|solver|WideOr37~5|combout
    Info (332115):     26.396      0.202 RR    IC  alwaysud|solver|WideOr37~6|datac
    Info (332115):     26.700      0.304 RR  CELL  alwaysud|solver|WideOr37~6|combout
    Info (332115):     27.076      0.376 RR    IC  alwaysud|solver|WideOr37~19|datad
    Info (332115):     27.242      0.166 RR  CELL  alwaysud|solver|WideOr37~19|combout
    Info (332115):     28.639      1.397 RR    IC  alwaysud|solver|cand_v[77]~30|datac
    Info (332115):     28.919      0.280 RF  CELL  alwaysud|solver|cand_v[77]~30|combout
    Info (332115):     29.246      0.327 FF    IC  alwaysud|solver|cand_v[11]~34|dataa
    Info (332115):     29.605      0.359 FF  CELL  alwaysud|solver|cand_v[11]~34|combout
    Info (332115):     30.262      0.657 FF    IC  alwaysud|solver|cand_v[2]~35|datac
    Info (332115):     30.565      0.303 FF  CELL  alwaysud|solver|cand_v[2]~35|combout
    Info (332115):     31.229      0.664 FF    IC  alwaysud|solver|cand_v[28]~43|datac
    Info (332115):     31.532      0.303 FF  CELL  alwaysud|solver|cand_v[28]~43|combout
    Info (332115):     32.220      0.688 FF    IC  alwaysud|solver|cand_v[30]~51|datad
    Info (332115):     32.351      0.131 FF  CELL  alwaysud|solver|cand_v[30]~51|combout
    Info (332115):     32.605      0.254 FF    IC  alwaysud|solver|selv[32]~2|datac
    Info (332115):     32.884      0.279 FR  CELL  alwaysud|solver|selv[32]~2|combout
    Info (332115):     33.122      0.238 RR    IC  alwaysud|solver|selv[32]~3|dataa
    Info (332115):     33.544      0.422 RR  CELL  alwaysud|solver|selv[32]~3|combout
    Info (332115):     34.390      0.846 RR    IC  alwaysud|solver|WideOr87|datab
    Info (332115):     34.763      0.373 RF  CELL  alwaysud|solver|WideOr87|combout
    Info (332115):     35.014      0.251 FF    IC  alwaysud|solver|iso9~270|datad
    Info (332115):     35.175      0.161 FR  CELL  alwaysud|solver|iso9~270|combout
    Info (332115):     36.195      1.020 RR    IC  alwaysud|solver|iso9~272|datad
    Info (332115):     36.361      0.166 RR  CELL  alwaysud|solver|iso9~272|combout
    Info (332115):     36.831      0.470 RR    IC  alwaysud|solver|iso9~274|datad
    Info (332115):     36.997      0.166 RR  CELL  alwaysud|solver|iso9~274|combout
    Info (332115):     37.476      0.479 RR    IC  alwaysud|solver|selv[79]~87|datac
    Info (332115):     37.781      0.305 RR  CELL  alwaysud|solver|selv[79]~87|combout
    Info (332115):     39.659      1.878 RR    IC  alwaysud|solver| renamed_net_480~77|datac
    Info (332115):     39.964      0.305 RR  CELL  alwaysud|solver| renamed_net_480~77|combout
    Info (332115):     40.167      0.203 RR    IC  alwaysud|solver| renamed_net_480~80|datad
    Info (332115):     40.333      0.166 RR  CELL  alwaysud|solver| renamed_net_480~80|combout
    Info (332115):     41.079      0.746 RR    IC  alwaysud|solver| renamed_net_480~86|datad
    Info (332115):     41.245      0.166 RR  CELL  alwaysud|solver| renamed_net_480~86|combout
    Info (332115):     43.191      1.946 RR    IC  alwaysud|solver| renamed_net_480~122|datab
    Info (332115):     43.614      0.423 RR  CELL  alwaysud|solver| renamed_net_480~122|combout
    Info (332115):     43.818      0.204 RR    IC  alwaysud|solver| renamed_net_480~231|datac
    Info (332115):     44.122      0.304 RR  CELL  alwaysud|solver| renamed_net_480~231|combout
    Info (332115):     44.374      0.252 RR    IC  alwaysud|solver|pick_bit[4]~0|datab
    Info (332115):     44.816      0.442 RF  CELL  alwaysud|solver|pick_bit[4]~0|combout
    Info (332115):     45.152      0.336 FF    IC  alwaysud|solver|pick_bit[6]~1|datab
    Info (332115):     45.556      0.404 FF  CELL  alwaysud|solver|pick_bit[6]~1|combout
    Info (332115):     46.004      0.448 FF    IC  alwaysud|solver|pick_bit[7]~8|datad
    Info (332115):     46.135      0.131 FF  CELL  alwaysud|solver|pick_bit[7]~8|combout
    Info (332115):     48.387      2.252 FF    IC  alwaysud|solver|used~725|datac
    Info (332115):     48.690      0.303 FF  CELL  alwaysud|solver|used~725|combout
    Info (332115):     48.922      0.232 FF    IC  alwaysud|solver|used[13][7]~4|datad
    Info (332115):     49.053      0.131 FF  CELL  alwaysud|solver|used[13][7]~4|combout
    Info (332115):     49.053      0.000 FF    IC  alwaysud|solver|used[13][7]|d
    Info (332115):     49.147      0.094 FF  CELL  alwaysud:alwaysud|alwaysud_solver:solver|used[13][7]
    Info (332115): Data Required Path:
    Info (332115): Total (ns)  Incr (ns)     Type  Element
    Info (332115): ==========  ========= ==  ====  ===================================
    Info (332115):      1.000      1.000           latch edge time
    Info (332115):      1.000      0.000           source latency
    Info (332115):      1.000      0.000           clk
    Info (332115):      1.000      0.000 RR    IC  clk~input|i
    Info (332115):      1.708      0.708 RR  CELL  clk~input|o
    Info (332115):      2.566      0.858 RR    IC  clk~inputclkctrl|inclk[0]
    Info (332115):      2.566      0.000 RR  CELL  clk~inputclkctrl|outclk
    Info (332115):      4.020      1.454 RR    IC  alwaysud|solver|used[13][7]|clk
    Info (332115):      4.495      0.475 RR  CELL  alwaysud:alwaysud|alwaysud_solver:solver|used[13][7]
    Info (332115):      4.554      0.059           clock pessimism removed
    Info (332115):      4.534     -0.020           clock uncertainty
    Info (332115):      4.547      0.013     uTsu  alwaysud:alwaysud|alwaysud_solver:solver|used[13][7]
    Info (332115): Data Arrival Time  :    49.147
    Info (332115): Data Required Time :     4.547
    Info (332115): Slack              :   -44.600 (VIOLATED)
    Info (332115): ===================================================================
Info (332115): Path #11: Setup slack is -44.596 (VIOLATED)
    Info (332115): ===================================================================
    Info (332115): From Node    : alwaysud:alwaysud|alwaysud_solver:solver|used[12][8]
    Info (332115): To Node      : alwaysud:alwaysud|alwaysud_solver:solver|used[13][7]
    Info (332115): Launch Clock : clk
    Info (332115): Latch Clock  : clk
    Info (332115): Data Arrival Path:
    Info (332115): Total (ns)  Incr (ns)     Type  Element
    Info (332115): ==========  ========= ==  ====  ===================================
    Info (332115):      0.000      0.000           launch edge time
    Info (332115):      0.000      0.000           source latency
    Info (332115):      0.000      0.000           clk
    Info (332115):      0.000      0.000 RR    IC  clk~input|i
    Info (332115):      0.708      0.708 RR  CELL  clk~input|o
    Info (332115):      1.602      0.894 RR    IC  clk~inputclkctrl|inclk[0]
    Info (332115):      1.602      0.000 RR  CELL  clk~inputclkctrl|outclk
    Info (332115):      3.072      1.470 RR    IC  alwaysud|solver|used[12][8]|clk
    Info (332115):      3.582      0.510 RR  CELL  alwaysud:alwaysud|alwaysud_solver:solver|used[12][8]
    Info (332115):      3.789      0.207     uTco  alwaysud:alwaysud|alwaysud_solver:solver|used[12][8]
    Info (332115):      3.789      0.000 FF  CELL  alwaysud|solver|used[12][8]|q
    Info (332115):      5.283      1.494 FF    IC  alwaysud|solver|cellused[3][8]|datac
    Info (332115):      5.562      0.279 FR  CELL  alwaysud|solver|cellused[3][8]|combout
    Info (332115):      7.956      2.394 RR    IC  alwaysud|solver|availc[3][8]~706|datad
    Info (332115):      8.122      0.166 RR  CELL  alwaysud|solver|availc[3][8]~706|combout
    Info (332115):      9.819      1.697 RR    IC  alwaysud|solver|unit_avail[3][8]~1354|datac
    Info (332115):     10.124      0.305 RR  CELL  alwaysud|solver|unit_avail[3][8]~1354|combout
    Info (332115):     10.328      0.204 RR    IC  alwaysud|solver|unit_avail[3][8]~1355|datac
    Info (332115):     10.608      0.280 RF  CELL  alwaysud|solver|unit_avail[3][8]~1355|combout
    Info (332115):     10.888      0.280 FF    IC  alwaysud|solver|unit_avail[3][8]~1356|datab
    Info (332115):     11.292      0.404 FF  CELL  alwaysud|solver|unit_avail[3][8]~1356|combout
    Info (332115):     11.528      0.236 FF    IC  alwaysud|solver|unit_avail[3][8]~1357|datad
    Info (332115):     11.689      0.161 FR  CELL  alwaysud|solver|unit_avail[3][8]~1357|combout
    Info (332115):     13.043      1.354 RR    IC  alwaysud|solver|unit_avail[3][8]~1365|datad
    Info (332115):     13.209      0.166 RR  CELL  alwaysud|solver|unit_avail[3][8]~1365|combout
    Info (332115):     13.419      0.210 RR    IC  alwaysud|solver|unit_avail[3][8]~1489|datac
    Info (332115):     13.724      0.305 RR  CELL  alwaysud|solver|unit_avail[3][8]~1489|combout
    Info (332115):     14.375      0.651 RR    IC  alwaysud|solver|hitk~114|datad
    Info (332115):     14.541      0.166 RR  CELL  alwaysud|solver|hitk~114|combout
    Info (332115):     15.162      0.621 RR    IC  alwaysud|solver|iso9~88|datac
    Info (332115):     15.446      0.284 RF  CELL  alwaysud|solver|iso9~88|combout
    Info (332115):     15.860      0.414 FF    IC  alwaysud|solver|Equal109~3|datac
    Info (332115):     16.163      0.303 FF  CELL  alwaysud|solver|Equal109~3|combout
    Info (332115):     16.405      0.242 FF    IC  alwaysud|solver|Equal109~5|datac
    Info (332115):     16.708      0.303 FF  CELL  alwaysud|solver|Equal109~5|combout
    Info (332115):     17.575      0.867 FF    IC  alwaysud|solver|hitk~65|datab
    Info (332115):     17.945      0.370 FF  CELL  alwaysud|solver|hitk~65|combout
    Info (332115):     18.245      0.300 FF    IC  alwaysud|solver|hitk~67|datab
    Info (332115):     18.669      0.424 FF  CELL  alwaysud|solver|hitk~67|combout
    Info (332115):     18.910      0.241 FF    IC  alwaysud|solver|hitk~68|datac
    Info (332115):     19.208      0.298 FF  CELL  alwaysud|solver|hitk~68|combout
    Info (332115):     19.496      0.288 FF    IC  alwaysud|solver|hitk~69|dataa
    Info (332115):     19.901      0.405 FF  CELL  alwaysud|solver|hitk~69|combout
    Info (332115):     20.135      0.234 FF    IC  alwaysud|solver|hitk~71|datad
    Info (332115):     20.266      0.131 FF  CELL  alwaysud|solver|hitk~71|combout
    Info (332115):     20.500      0.234 FF    IC  alwaysud|solver|hitk~72|datad
    Info (332115):     20.631      0.131 FF  CELL  alwaysud|solver|hitk~72|combout
    Info (332115):     20.870      0.239 FF    IC  alwaysud|solver|hitk[2]~73|datad
    Info (332115):     21.001      0.131 FF  CELL  alwaysud|solver|hitk[2]~73|combout
    Info (332115):     22.058      1.057 FF    IC  alwaysud|solver|always2~19|dataa
    Info (332115):     22.433      0.375 FR  CELL  alwaysud|solver|always2~19|combout
    Info (332115):     24.358      1.925 RR    IC  alwaysud|solver|WideOr10~3|datad
    Info (332115):     24.524      0.166 RR  CELL  alwaysud|solver|WideOr10~3|combout
    Info (332115):     24.782      0.258 RR    IC  alwaysud|solver|WideOr28~6|dataa
    Info (332115):     25.204      0.422 RR  CELL  alwaysud|solver|WideOr28~6|combout
    Info (332115):     26.496      1.292 RR    IC  alwaysud|solver|WideOr28~7|datac
    Info (332115):     26.800      0.304 RR  CELL  alwaysud|solver|WideOr28~7|combout
    Info (332115):     27.028      0.228 RR    IC  alwaysud|solver|WideOr55~3|datad
    Info (332115):     27.194      0.166 RR  CELL  alwaysud|solver|WideOr55~3|combout
    Info (332115):     27.852      0.658 RR    IC  alwaysud|solver|cand_v[56]~18|datab
    Info (332115):     28.225      0.373 RF  CELL  alwaysud|solver|cand_v[56]~18|combout
    Info (332115):     28.464      0.239 FF    IC  alwaysud|solver|cand_v[56]~19|datad
    Info (332115):     28.595      0.131 FF  CELL  alwaysud|solver|cand_v[56]~19|combout
    Info (332115):     29.401      0.806 FF    IC  alwaysud|solver|cand_v[46]~22|datac
    Info (332115):     29.704      0.303 FF  CELL  alwaysud|solver|cand_v[46]~22|combout
    Info (332115):     29.975      0.271 FF    IC  alwaysud|solver|cand_v[2]~42|datac
    Info (332115):     30.278      0.303 FF  CELL  alwaysud|solver|cand_v[2]~42|combout
    Info (332115):     31.291      1.013 FF    IC  alwaysud|solver|cand_v[10]~77|datab
    Info (332115):     31.645      0.354 FF  CELL  alwaysud|solver|cand_v[10]~77|combout
    Info (332115):     31.912      0.267 FF    IC  alwaysud|solver|cand_v[10]~109|datad
    Info (332115):     32.043      0.131 FF  CELL  alwaysud|solver|cand_v[10]~109|combout
    Info (332115):     32.287      0.244 FF    IC  alwaysud|solver|cand_v[10]~120|datad
    Info (332115):     32.418      0.131 FF  CELL  alwaysud|solver|cand_v[10]~120|combout
    Info (332115):     33.180      0.762 FF    IC  alwaysud|solver|selv[14]~9|datad
    Info (332115):     33.341      0.161 FR  CELL  alwaysud|solver|selv[14]~9|combout
    Info (332115):     34.316      0.975 RR    IC  alwaysud|solver|WideOr85|datad
    Info (332115):     34.461      0.145 RF  CELL  alwaysud|solver|WideOr85|combout
    Info (332115):     34.817      0.356 FF    IC  alwaysud|solver|iso9~270|datab
    Info (332115):     35.234      0.417 FR  CELL  alwaysud|solver|iso9~270|combout
    Info (332115):     36.254      1.020 RR    IC  alwaysud|solver|iso9~272|datad
    Info (332115):     36.420      0.166 RR  CELL  alwaysud|solver|iso9~272|combout
    Info (332115):     37.404      0.984 RR    IC  alwaysud|solver|selv[72]~44|datad
    Info (332115):     37.570      0.166 RR  CELL  alwaysud|solver|selv[72]~44|combout
    Info (332115):     38.846      1.276 RR    IC  alwaysud|solver| renamed_net_480~150|datad
    Info (332115):     39.012      0.166 RR  CELL  alwaysud|solver| renamed_net_480~150|combout
    Info (332115):     40.440      1.428 RR    IC  alwaysud|solver| renamed_net_480~153|datad
    Info (332115):     40.606      0.166 RR  CELL  alwaysud|solver| renamed_net_480~153|combout
    Info (332115):     41.333      0.727 RR    IC  alwaysud|solver| renamed_net_480~161|datad
    Info (332115):     41.499      0.166 RR  CELL  alwaysud|solver| renamed_net_480~161|combout
    Info (332115):     42.580      1.081 RR    IC  alwaysud|solver| renamed_net_480~230|datab
    Info (332115):     43.003      0.423 RR  CELL  alwaysud|solver| renamed_net_480~230|combout
    Info (332115):     43.695      0.692 RR    IC  alwaysud|solver| renamed_net_480~231|datab
    Info (332115):     44.118      0.423 RR  CELL  alwaysud|solver| renamed_net_480~231|combout
    Info (332115):     44.370      0.252 RR    IC  alwaysud|solver|pick_bit[4]~0|datab
    Info (332115):     44.812      0.442 RF  CELL  alwaysud|solver|pick_bit[4]~0|combout
    Info (332115):     45.148      0.336 FF    IC  alwaysud|solver|pick_bit[6]~1|datab
    Info (332115):     45.552      0.404 FF  CELL  alwaysud|solver|pick_bit[6]~1|combout
    Info (332115):     46.000      0.448 FF    IC  alwaysud|solver|pick_bit[7]~8|datad
    Info (332115):     46.131      0.131 FF  CELL  alwaysud|solver|pick_bit[7]~8|combout
    Info (332115):     48.383      2.252 FF    IC  alwaysud|solver|used~725|datac
    Info (332115):     48.686      0.303 FF  CELL  alwaysud|solver|used~725|combout
    Info (332115):     48.918      0.232 FF    IC  alwaysud|solver|used[13][7]~4|datad
    Info (332115):     49.049      0.131 FF  CELL  alwaysud|solver|used[13][7]~4|combout
    Info (332115):     49.049      0.000 FF    IC  alwaysud|solver|used[13][7]|d
    Info (332115):     49.143      0.094 FF  CELL  alwaysud:alwaysud|alwaysud_solver:solver|used[13][7]
    Info (332115): Data Required Path:
    Info (332115): Total (ns)  Incr (ns)     Type  Element
    Info (332115): ==========  ========= ==  ====  ===================================
    Info (332115):      1.000      1.000           latch edge time
    Info (332115):      1.000      0.000           source latency
    Info (332115):      1.000      0.000           clk
    Info (332115):      1.000      0.000 RR    IC  clk~input|i
    Info (332115):      1.708      0.708 RR  CELL  clk~input|o
    Info (332115):      2.566      0.858 RR    IC  clk~inputclkctrl|inclk[0]
    Info (332115):      2.566      0.000 RR  CELL  clk~inputclkctrl|outclk
    Info (332115):      4.020      1.454 RR    IC  alwaysud|solver|used[13][7]|clk
    Info (332115):      4.495      0.475 RR  CELL  alwaysud:alwaysud|alwaysud_solver:solver|used[13][7]
    Info (332115):      4.554      0.059           clock pessimism removed
    Info (332115):      4.534     -0.020           clock uncertainty
    Info (332115):      4.547      0.013     uTsu  alwaysud:alwaysud|alwaysud_solver:solver|used[13][7]
    Info (332115): Data Arrival Time  :    49.143
    Info (332115): Data Required Time :     4.547
    Info (332115): Slack              :   -44.596 (VIOLATED)
    Info (332115): ===================================================================
Info (332115): Path #12: Setup slack is -44.588 (VIOLATED)
    Info (332115): ===================================================================
    Info (332115): From Node    : alwaysud:alwaysud|alwaysud_solver:solver|used[9][8]
    Info (332115): To Node      : alwaysud:alwaysud|alwaysud_solver:solver|used[13][7]
    Info (332115): Launch Clock : clk
    Info (332115): Latch Clock  : clk
    Info (332115): Data Arrival Path:
    Info (332115): Total (ns)  Incr (ns)     Type  Element
    Info (332115): ==========  ========= ==  ====  ===================================
    Info (332115):      0.000      0.000           launch edge time
    Info (332115):      0.000      0.000           source latency
    Info (332115):      0.000      0.000           clk
    Info (332115):      0.000      0.000 RR    IC  clk~input|i
    Info (332115):      0.708      0.708 RR  CELL  clk~input|o
    Info (332115):      1.602      0.894 RR    IC  clk~inputclkctrl|inclk[0]
    Info (332115):      1.602      0.000 RR  CELL  clk~inputclkctrl|outclk
    Info (332115):      3.072      1.470 RR    IC  alwaysud|solver|used[9][8]|clk
    Info (332115):      3.582      0.510 RR  CELL  alwaysud:alwaysud|alwaysud_solver:solver|used[9][8]
    Info (332115):      3.789      0.207     uTco  alwaysud:alwaysud|alwaysud_solver:solver|used[9][8]
    Info (332115):      3.789      0.000 RR  CELL  alwaysud|solver|used[9][8]|q
    Info (332115):      6.311      2.522 RR    IC  alwaysud|solver|cellused[18][8]|datad
    Info (332115):      6.456      0.145 RF  CELL  alwaysud|solver|cellused[18][8]|combout
    Info (332115):      7.230      0.774 FF    IC  alwaysud|solver|availc[18][8]~699|dataa
    Info (332115):      7.585      0.355 FF  CELL  alwaysud|solver|availc[18][8]~699|combout
    Info (332115):      9.615      2.030 FF    IC  alwaysud|solver|unit_avail[2][8]~1332|datac
    Info (332115):      9.918      0.303 FF  CELL  alwaysud|solver|unit_avail[2][8]~1332|combout
    Info (332115):     10.202      0.284 FF    IC  alwaysud|solver|unit_avail[2][8]~1333|datab
    Info (332115):     10.626      0.424 FF  CELL  alwaysud|solver|unit_avail[2][8]~1333|combout
    Info (332115):     10.860      0.234 FF    IC  alwaysud|solver|unit_avail[2][8]~1334|datad
    Info (332115):     10.991      0.131 FF  CELL  alwaysud|solver|unit_avail[2][8]~1334|combout
    Info (332115):     11.234      0.243 FF    IC  alwaysud|solver|unit_avail[2][8]~1335|datac
    Info (332115):     11.537      0.303 FF  CELL  alwaysud|solver|unit_avail[2][8]~1335|combout
    Info (332115):     12.598      1.061 FF    IC  alwaysud|solver|unit_avail[2][8]~1336|datac
    Info (332115):     12.901      0.303 FF  CELL  alwaysud|solver|unit_avail[2][8]~1336|combout
    Info (332115):     13.135      0.234 FF    IC  alwaysud|solver|unit_avail[2][8]~1337|datad
    Info (332115):     13.296      0.161 FR  CELL  alwaysud|solver|unit_avail[2][8]~1337|combout
    Info (332115):     13.671      0.375 RR    IC  alwaysud|solver|unit_avail[2][8]~1488|datad
    Info (332115):     13.837      0.166 RR  CELL  alwaysud|solver|unit_avail[2][8]~1488|combout
    Info (332115):     14.287      0.450 RR    IC  alwaysud|solver|iso9~90|datac
    Info (332115):     14.571      0.284 RF  CELL  alwaysud|solver|iso9~90|combout
    Info (332115):     15.246      0.675 FF    IC  alwaysud|solver|iso9~91|datac
    Info (332115):     15.549      0.303 FF  CELL  alwaysud|solver|iso9~91|combout
    Info (332115):     15.961      0.412 FF    IC  alwaysud|solver|Equal109~3|datad
    Info (332115):     16.092      0.131 FF  CELL  alwaysud|solver|Equal109~3|combout
    Info (332115):     16.334      0.242 FF    IC  alwaysud|solver|Equal109~5|datac
    Info (332115):     16.637      0.303 FF  CELL  alwaysud|solver|Equal109~5|combout
    Info (332115):     17.504      0.867 FF    IC  alwaysud|solver|hitk~65|datab
    Info (332115):     17.874      0.370 FF  CELL  alwaysud|solver|hitk~65|combout
    Info (332115):     18.174      0.300 FF    IC  alwaysud|solver|hitk~67|datab
    Info (332115):     18.598      0.424 FF  CELL  alwaysud|solver|hitk~67|combout
    Info (332115):     18.839      0.241 FF    IC  alwaysud|solver|hitk~68|datac
    Info (332115):     19.137      0.298 FF  CELL  alwaysud|solver|hitk~68|combout
    Info (332115):     19.425      0.288 FF    IC  alwaysud|solver|hitk~69|dataa
    Info (332115):     19.830      0.405 FF  CELL  alwaysud|solver|hitk~69|combout
    Info (332115):     20.064      0.234 FF    IC  alwaysud|solver|hitk~71|datad
    Info (332115):     20.195      0.131 FF  CELL  alwaysud|solver|hitk~71|combout
    Info (332115):     20.429      0.234 FF    IC  alwaysud|solver|hitk~72|datad
    Info (332115):     20.560      0.131 FF  CELL  alwaysud|solver|hitk~72|combout
    Info (332115):     20.799      0.239 FF    IC  alwaysud|solver|hitk[2]~73|datad
    Info (332115):     20.930      0.131 FF  CELL  alwaysud|solver|hitk[2]~73|combout
    Info (332115):     21.987      1.057 FF    IC  alwaysud|solver|always2~19|dataa
    Info (332115):     22.362      0.375 FR  CELL  alwaysud|solver|always2~19|combout
    Info (332115):     24.287      1.925 RR    IC  alwaysud|solver|WideOr10~3|datad
    Info (332115):     24.453      0.166 RR  CELL  alwaysud|solver|WideOr10~3|combout
    Info (332115):     24.711      0.258 RR    IC  alwaysud|solver|WideOr28~6|dataa
    Info (332115):     25.133      0.422 RR  CELL  alwaysud|solver|WideOr28~6|combout
    Info (332115):     26.425      1.292 RR    IC  alwaysud|solver|WideOr28~7|datac
    Info (332115):     26.729      0.304 RR  CELL  alwaysud|solver|WideOr28~7|combout
    Info (332115):     26.957      0.228 RR    IC  alwaysud|solver|WideOr55~3|datad
    Info (332115):     27.123      0.166 RR  CELL  alwaysud|solver|WideOr55~3|combout
    Info (332115):     27.781      0.658 RR    IC  alwaysud|solver|cand_v[56]~18|datab
    Info (332115):     28.154      0.373 RF  CELL  alwaysud|solver|cand_v[56]~18|combout
    Info (332115):     28.393      0.239 FF    IC  alwaysud|solver|cand_v[56]~19|datad
    Info (332115):     28.524      0.131 FF  CELL  alwaysud|solver|cand_v[56]~19|combout
    Info (332115):     29.330      0.806 FF    IC  alwaysud|solver|cand_v[46]~22|datac
    Info (332115):     29.633      0.303 FF  CELL  alwaysud|solver|cand_v[46]~22|combout
    Info (332115):     29.904      0.271 FF    IC  alwaysud|solver|cand_v[2]~42|datac
    Info (332115):     30.207      0.303 FF  CELL  alwaysud|solver|cand_v[2]~42|combout
    Info (332115):     31.220      1.013 FF    IC  alwaysud|solver|cand_v[10]~77|datab
    Info (332115):     31.574      0.354 FF  CELL  alwaysud|solver|cand_v[10]~77|combout
    Info (332115):     31.841      0.267 FF    IC  alwaysud|solver|cand_v[10]~109|datad
    Info (332115):     31.972      0.131 FF  CELL  alwaysud|solver|cand_v[10]~109|combout
    Info (332115):     32.216      0.244 FF    IC  alwaysud|solver|cand_v[10]~120|datad
    Info (332115):     32.347      0.131 FF  CELL  alwaysud|solver|cand_v[10]~120|combout
    Info (332115):     33.109      0.762 FF    IC  alwaysud|solver|selv[14]~9|datad
    Info (332115):     33.270      0.161 FR  CELL  alwaysud|solver|selv[14]~9|combout
    Info (332115):     34.245      0.975 RR    IC  alwaysud|solver|WideOr85|datad
    Info (332115):     34.390      0.145 RF  CELL  alwaysud|solver|WideOr85|combout
    Info (332115):     34.746      0.356 FF    IC  alwaysud|solver|iso9~270|datab
    Info (332115):     35.163      0.417 FR  CELL  alwaysud|solver|iso9~270|combout
    Info (332115):     36.183      1.020 RR    IC  alwaysud|solver|iso9~272|datad
    Info (332115):     36.349      0.166 RR  CELL  alwaysud|solver|iso9~272|combout
    Info (332115):     36.819      0.470 RR    IC  alwaysud|solver|iso9~274|datad
    Info (332115):     36.985      0.166 RR  CELL  alwaysud|solver|iso9~274|combout
    Info (332115):     37.464      0.479 RR    IC  alwaysud|solver|selv[79]~87|datac
    Info (332115):     37.769      0.305 RR  CELL  alwaysud|solver|selv[79]~87|combout
    Info (332115):     39.647      1.878 RR    IC  alwaysud|solver| renamed_net_480~77|datac
    Info (332115):     39.952      0.305 RR  CELL  alwaysud|solver| renamed_net_480~77|combout
    Info (332115):     40.155      0.203 RR    IC  alwaysud|solver| renamed_net_480~80|datad
    Info (332115):     40.321      0.166 RR  CELL  alwaysud|solver| renamed_net_480~80|combout
    Info (332115):     41.067      0.746 RR    IC  alwaysud|solver| renamed_net_480~86|datad
    Info (332115):     41.233      0.166 RR  CELL  alwaysud|solver| renamed_net_480~86|combout
    Info (332115):     43.179      1.946 RR    IC  alwaysud|solver| renamed_net_480~122|datab
    Info (332115):     43.602      0.423 RR  CELL  alwaysud|solver| renamed_net_480~122|combout
    Info (332115):     43.806      0.204 RR    IC  alwaysud|solver| renamed_net_480~231|datac
    Info (332115):     44.110      0.304 RR  CELL  alwaysud|solver| renamed_net_480~231|combout
    Info (332115):     44.362      0.252 RR    IC  alwaysud|solver|pick_bit[4]~0|datab
    Info (332115):     44.804      0.442 RF  CELL  alwaysud|solver|pick_bit[4]~0|combout
    Info (332115):     45.140      0.336 FF    IC  alwaysud|solver|pick_bit[6]~1|datab
    Info (332115):     45.544      0.404 FF  CELL  alwaysud|solver|pick_bit[6]~1|combout
    Info (332115):     45.992      0.448 FF    IC  alwaysud|solver|pick_bit[7]~8|datad
    Info (332115):     46.123      0.131 FF  CELL  alwaysud|solver|pick_bit[7]~8|combout
    Info (332115):     48.375      2.252 FF    IC  alwaysud|solver|used~725|datac
    Info (332115):     48.678      0.303 FF  CELL  alwaysud|solver|used~725|combout
    Info (332115):     48.910      0.232 FF    IC  alwaysud|solver|used[13][7]~4|datad
    Info (332115):     49.041      0.131 FF  CELL  alwaysud|solver|used[13][7]~4|combout
    Info (332115):     49.041      0.000 FF    IC  alwaysud|solver|used[13][7]|d
    Info (332115):     49.135      0.094 FF  CELL  alwaysud:alwaysud|alwaysud_solver:solver|used[13][7]
    Info (332115): Data Required Path:
    Info (332115): Total (ns)  Incr (ns)     Type  Element
    Info (332115): ==========  ========= ==  ====  ===================================
    Info (332115):      1.000      1.000           latch edge time
    Info (332115):      1.000      0.000           source latency
    Info (332115):      1.000      0.000           clk
    Info (332115):      1.000      0.000 RR    IC  clk~input|i
    Info (332115):      1.708      0.708 RR  CELL  clk~input|o
    Info (332115):      2.566      0.858 RR    IC  clk~inputclkctrl|inclk[0]
    Info (332115):      2.566      0.000 RR  CELL  clk~inputclkctrl|outclk
    Info (332115):      4.020      1.454 RR    IC  alwaysud|solver|used[13][7]|clk
    Info (332115):      4.495      0.475 RR  CELL  alwaysud:alwaysud|alwaysud_solver:solver|used[13][7]
    Info (332115):      4.554      0.059           clock pessimism removed
    Info (332115):      4.534     -0.020           clock uncertainty
    Info (332115):      4.547      0.013     uTsu  alwaysud:alwaysud|alwaysud_solver:solver|used[13][7]
    Info (332115): Data Arrival Time  :    49.135
    Info (332115): Data Required Time :     4.547
    Info (332115): Slack              :   -44.588 (VIOLATED)
    Info (332115): ===================================================================
Info (332115): Path #13: Setup slack is -44.586 (VIOLATED)
    Info (332115): ===================================================================
    Info (332115): From Node    : alwaysud:alwaysud|alwaysud_solver:solver|used[12][8]
    Info (332115): To Node      : alwaysud:alwaysud|alwaysud_solver:solver|used[13][7]
    Info (332115): Launch Clock : clk
    Info (332115): Latch Clock  : clk
    Info (332115): Data Arrival Path:
    Info (332115): Total (ns)  Incr (ns)     Type  Element
    Info (332115): ==========  ========= ==  ====  ===================================
    Info (332115):      0.000      0.000           launch edge time
    Info (332115):      0.000      0.000           source latency
    Info (332115):      0.000      0.000           clk
    Info (332115):      0.000      0.000 RR    IC  clk~input|i
    Info (332115):      0.708      0.708 RR  CELL  clk~input|o
    Info (332115):      1.602      0.894 RR    IC  clk~inputclkctrl|inclk[0]
    Info (332115):      1.602      0.000 RR  CELL  clk~inputclkctrl|outclk
    Info (332115):      3.072      1.470 RR    IC  alwaysud|solver|used[12][8]|clk
    Info (332115):      3.582      0.510 RR  CELL  alwaysud:alwaysud|alwaysud_solver:solver|used[12][8]
    Info (332115):      3.789      0.207     uTco  alwaysud:alwaysud|alwaysud_solver:solver|used[12][8]
    Info (332115):      3.789      0.000 FF  CELL  alwaysud|solver|used[12][8]|q
    Info (332115):      5.283      1.494 FF    IC  alwaysud|solver|cellused[3][8]|datac
    Info (332115):      5.562      0.279 FR  CELL  alwaysud|solver|cellused[3][8]|combout
    Info (332115):      7.956      2.394 RR    IC  alwaysud|solver|availc[3][8]~706|datad
    Info (332115):      8.122      0.166 RR  CELL  alwaysud|solver|availc[3][8]~706|combout
    Info (332115):      9.819      1.697 RR    IC  alwaysud|solver|unit_avail[3][8]~1354|datac
    Info (332115):     10.124      0.305 RR  CELL  alwaysud|solver|unit_avail[3][8]~1354|combout
    Info (332115):     10.328      0.204 RR    IC  alwaysud|solver|unit_avail[3][8]~1355|datac
    Info (332115):     10.608      0.280 RF  CELL  alwaysud|solver|unit_avail[3][8]~1355|combout
    Info (332115):     10.888      0.280 FF    IC  alwaysud|solver|unit_avail[3][8]~1356|datab
    Info (332115):     11.292      0.404 FF  CELL  alwaysud|solver|unit_avail[3][8]~1356|combout
    Info (332115):     11.528      0.236 FF    IC  alwaysud|solver|unit_avail[3][8]~1357|datad
    Info (332115):     11.689      0.161 FR  CELL  alwaysud|solver|unit_avail[3][8]~1357|combout
    Info (332115):     13.043      1.354 RR    IC  alwaysud|solver|unit_avail[3][8]~1365|datad
    Info (332115):     13.209      0.166 RR  CELL  alwaysud|solver|unit_avail[3][8]~1365|combout
    Info (332115):     13.419      0.210 RR    IC  alwaysud|solver|unit_avail[3][8]~1489|datac
    Info (332115):     13.724      0.305 RR  CELL  alwaysud|solver|unit_avail[3][8]~1489|combout
    Info (332115):     14.375      0.651 RR    IC  alwaysud|solver|hitk~114|datad
    Info (332115):     14.541      0.166 RR  CELL  alwaysud|solver|hitk~114|combout
    Info (332115):     15.162      0.621 RR    IC  alwaysud|solver|iso9~88|datac
    Info (332115):     15.446      0.284 RF  CELL  alwaysud|solver|iso9~88|combout
    Info (332115):     15.860      0.414 FF    IC  alwaysud|solver|Equal109~3|datac
    Info (332115):     16.163      0.303 FF  CELL  alwaysud|solver|Equal109~3|combout
    Info (332115):     16.405      0.242 FF    IC  alwaysud|solver|Equal109~5|datac
    Info (332115):     16.708      0.303 FF  CELL  alwaysud|solver|Equal109~5|combout
    Info (332115):     17.575      0.867 FF    IC  alwaysud|solver|hitk~65|datab
    Info (332115):     17.945      0.370 FF  CELL  alwaysud|solver|hitk~65|combout
    Info (332115):     18.245      0.300 FF    IC  alwaysud|solver|hitk~67|datab
    Info (332115):     18.669      0.424 FF  CELL  alwaysud|solver|hitk~67|combout
    Info (332115):     18.910      0.241 FF    IC  alwaysud|solver|hitk~68|datac
    Info (332115):     19.208      0.298 FF  CELL  alwaysud|solver|hitk~68|combout
    Info (332115):     19.496      0.288 FF    IC  alwaysud|solver|hitk~69|dataa
    Info (332115):     19.901      0.405 FF  CELL  alwaysud|solver|hitk~69|combout
    Info (332115):     20.135      0.234 FF    IC  alwaysud|solver|hitk~71|datad
    Info (332115):     20.266      0.131 FF  CELL  alwaysud|solver|hitk~71|combout
    Info (332115):     20.500      0.234 FF    IC  alwaysud|solver|hitk~72|datad
    Info (332115):     20.631      0.131 FF  CELL  alwaysud|solver|hitk~72|combout
    Info (332115):     20.870      0.239 FF    IC  alwaysud|solver|hitk[2]~73|datad
    Info (332115):     21.001      0.131 FF  CELL  alwaysud|solver|hitk[2]~73|combout
    Info (332115):     22.058      1.057 FF    IC  alwaysud|solver|always2~19|dataa
    Info (332115):     22.433      0.375 FR  CELL  alwaysud|solver|always2~19|combout
    Info (332115):     24.352      1.919 RR    IC  alwaysud|solver|WideOr10~4|datad
    Info (332115):     24.518      0.166 RR  CELL  alwaysud|solver|WideOr10~4|combout
    Info (332115):     24.771      0.253 RR    IC  alwaysud|solver|WideOr28~6|datab
    Info (332115):     25.194      0.423 RR  CELL  alwaysud|solver|WideOr28~6|combout
    Info (332115):     26.486      1.292 RR    IC  alwaysud|solver|WideOr28~7|datac
    Info (332115):     26.790      0.304 RR  CELL  alwaysud|solver|WideOr28~7|combout
    Info (332115):     27.018      0.228 RR    IC  alwaysud|solver|WideOr55~3|datad
    Info (332115):     27.184      0.166 RR  CELL  alwaysud|solver|WideOr55~3|combout
    Info (332115):     27.842      0.658 RR    IC  alwaysud|solver|cand_v[56]~18|datab
    Info (332115):     28.215      0.373 RF  CELL  alwaysud|solver|cand_v[56]~18|combout
    Info (332115):     28.454      0.239 FF    IC  alwaysud|solver|cand_v[56]~19|datad
    Info (332115):     28.585      0.131 FF  CELL  alwaysud|solver|cand_v[56]~19|combout
    Info (332115):     29.391      0.806 FF    IC  alwaysud|solver|cand_v[46]~22|datac
    Info (332115):     29.694      0.303 FF  CELL  alwaysud|solver|cand_v[46]~22|combout
    Info (332115):     29.965      0.271 FF    IC  alwaysud|solver|cand_v[2]~42|datac
    Info (332115):     30.268      0.303 FF  CELL  alwaysud|solver|cand_v[2]~42|combout
    Info (332115):     31.281      1.013 FF    IC  alwaysud|solver|cand_v[10]~77|datab
    Info (332115):     31.635      0.354 FF  CELL  alwaysud|solver|cand_v[10]~77|combout
    Info (332115):     31.902      0.267 FF    IC  alwaysud|solver|cand_v[10]~109|datad
    Info (332115):     32.033      0.131 FF  CELL  alwaysud|solver|cand_v[10]~109|combout
    Info (332115):     32.277      0.244 FF    IC  alwaysud|solver|cand_v[10]~120|datad
    Info (332115):     32.408      0.131 FF  CELL  alwaysud|solver|cand_v[10]~120|combout
    Info (332115):     33.170      0.762 FF    IC  alwaysud|solver|selv[14]~9|datad
    Info (332115):     33.331      0.161 FR  CELL  alwaysud|solver|selv[14]~9|combout
    Info (332115):     34.306      0.975 RR    IC  alwaysud|solver|WideOr85|datad
    Info (332115):     34.451      0.145 RF  CELL  alwaysud|solver|WideOr85|combout
    Info (332115):     34.807      0.356 FF    IC  alwaysud|solver|iso9~270|datab
    Info (332115):     35.224      0.417 FR  CELL  alwaysud|solver|iso9~270|combout
    Info (332115):     36.244      1.020 RR    IC  alwaysud|solver|iso9~272|datad
    Info (332115):     36.410      0.166 RR  CELL  alwaysud|solver|iso9~272|combout
    Info (332115):     37.394      0.984 RR    IC  alwaysud|solver|selv[72]~44|datad
    Info (332115):     37.560      0.166 RR  CELL  alwaysud|solver|selv[72]~44|combout
    Info (332115):     38.836      1.276 RR    IC  alwaysud|solver| renamed_net_480~150|datad
    Info (332115):     39.002      0.166 RR  CELL  alwaysud|solver| renamed_net_480~150|combout
    Info (332115):     40.430      1.428 RR    IC  alwaysud|solver| renamed_net_480~153|datad
    Info (332115):     40.596      0.166 RR  CELL  alwaysud|solver| renamed_net_480~153|combout
    Info (332115):     41.323      0.727 RR    IC  alwaysud|solver| renamed_net_480~161|datad
    Info (332115):     41.489      0.166 RR  CELL  alwaysud|solver| renamed_net_480~161|combout
    Info (332115):     42.570      1.081 RR    IC  alwaysud|solver| renamed_net_480~230|datab
    Info (332115):     42.993      0.423 RR  CELL  alwaysud|solver| renamed_net_480~230|combout
    Info (332115):     43.685      0.692 RR    IC  alwaysud|solver| renamed_net_480~231|datab
    Info (332115):     44.108      0.423 RR  CELL  alwaysud|solver| renamed_net_480~231|combout
    Info (332115):     44.360      0.252 RR    IC  alwaysud|solver|pick_bit[4]~0|datab
    Info (332115):     44.802      0.442 RF  CELL  alwaysud|solver|pick_bit[4]~0|combout
    Info (332115):     45.138      0.336 FF    IC  alwaysud|solver|pick_bit[6]~1|datab
    Info (332115):     45.542      0.404 FF  CELL  alwaysud|solver|pick_bit[6]~1|combout
    Info (332115):     45.990      0.448 FF    IC  alwaysud|solver|pick_bit[7]~8|datad
    Info (332115):     46.121      0.131 FF  CELL  alwaysud|solver|pick_bit[7]~8|combout
    Info (332115):     48.373      2.252 FF    IC  alwaysud|solver|used~725|datac
    Info (332115):     48.676      0.303 FF  CELL  alwaysud|solver|used~725|combout
    Info (332115):     48.908      0.232 FF    IC  alwaysud|solver|used[13][7]~4|datad
    Info (332115):     49.039      0.131 FF  CELL  alwaysud|solver|used[13][7]~4|combout
    Info (332115):     49.039      0.000 FF    IC  alwaysud|solver|used[13][7]|d
    Info (332115):     49.133      0.094 FF  CELL  alwaysud:alwaysud|alwaysud_solver:solver|used[13][7]
    Info (332115): Data Required Path:
    Info (332115): Total (ns)  Incr (ns)     Type  Element
    Info (332115): ==========  ========= ==  ====  ===================================
    Info (332115):      1.000      1.000           latch edge time
    Info (332115):      1.000      0.000           source latency
    Info (332115):      1.000      0.000           clk
    Info (332115):      1.000      0.000 RR    IC  clk~input|i
    Info (332115):      1.708      0.708 RR  CELL  clk~input|o
    Info (332115):      2.566      0.858 RR    IC  clk~inputclkctrl|inclk[0]
    Info (332115):      2.566      0.000 RR  CELL  clk~inputclkctrl|outclk
    Info (332115):      4.020      1.454 RR    IC  alwaysud|solver|used[13][7]|clk
    Info (332115):      4.495      0.475 RR  CELL  alwaysud:alwaysud|alwaysud_solver:solver|used[13][7]
    Info (332115):      4.554      0.059           clock pessimism removed
    Info (332115):      4.534     -0.020           clock uncertainty
    Info (332115):      4.547      0.013     uTsu  alwaysud:alwaysud|alwaysud_solver:solver|used[13][7]
    Info (332115): Data Arrival Time  :    49.133
    Info (332115): Data Required Time :     4.547
    Info (332115): Slack              :   -44.586 (VIOLATED)
    Info (332115): ===================================================================
Info (332115): Path #14: Setup slack is -44.583 (VIOLATED)
    Info (332115): ===================================================================
    Info (332115): From Node    : alwaysud:alwaysud|alwaysud_solver:solver|sol[48][4]
    Info (332115): To Node      : alwaysud:alwaysud|alwaysud_solver:solver|used[13][7]
    Info (332115): Launch Clock : clk
    Info (332115): Latch Clock  : clk
    Info (332115): Data Arrival Path:
    Info (332115): Total (ns)  Incr (ns)     Type  Element
    Info (332115): ==========  ========= ==  ====  ===================================
    Info (332115):      0.000      0.000           launch edge time
    Info (332115):      0.000      0.000           source latency
    Info (332115):      0.000      0.000           clk
    Info (332115):      0.000      0.000 RR    IC  clk~input|i
    Info (332115):      0.708      0.708 RR  CELL  clk~input|o
    Info (332115):      1.602      0.894 RR    IC  clk~inputclkctrl|inclk[0]
    Info (332115):      1.602      0.000 RR  CELL  clk~inputclkctrl|outclk
    Info (332115):      3.142      1.540 RR    IC  alwaysud|solver|sol[48][4]|clk
    Info (332115):      3.652      0.510 RR  CELL  alwaysud:alwaysud|alwaysud_solver:solver|sol[48][4]
    Info (332115):      3.859      0.207     uTco  alwaysud:alwaysud|alwaysud_solver:solver|sol[48][4]
    Info (332115):      3.859      0.000 FF  CELL  alwaysud|solver|sol[48][4]|q
    Info (332115):      4.241      0.382 FF    IC  alwaysud|solver|Equal48~2|datab
    Info (332115):      4.658      0.417 FR  CELL  alwaysud|solver|Equal48~2|combout
    Info (332115):      7.677      3.019 RR    IC  alwaysud|solver|availc[48][8]~756|datab
    Info (332115):      8.070      0.393 RR  CELL  alwaysud|solver|availc[48][8]~756|combout
    Info (332115):      9.427      1.357 RR    IC  alwaysud|solver|unit_avail[3][8]~1358|datad
    Info (332115):      9.593      0.166 RR  CELL  alwaysud|solver|unit_avail[3][8]~1358|combout
    Info (332115):      9.833      0.240 RR    IC  alwaysud|solver|unit_avail[3][8]~1359|dataa
    Info (332115):     10.255      0.422 RR  CELL  alwaysud|solver|unit_avail[3][8]~1359|combout
    Info (332115):     10.459      0.204 RR    IC  alwaysud|solver|unit_avail[3][8]~1360|datad
    Info (332115):     10.625      0.166 RR  CELL  alwaysud|solver|unit_avail[3][8]~1360|combout
    Info (332115):     10.828      0.203 RR    IC  alwaysud|solver|unit_avail[3][8]~1363|datac
    Info (332115):     11.133      0.305 RR  CELL  alwaysud|solver|unit_avail[3][8]~1363|combout
    Info (332115):     11.337      0.204 RR    IC  alwaysud|solver|unit_avail[3][8]~1364|datad
    Info (332115):     11.503      0.166 RR  CELL  alwaysud|solver|unit_avail[3][8]~1364|combout
    Info (332115):     12.806      1.303 RR    IC  alwaysud|solver|unit_avail[3][8]~1365|datac
    Info (332115):     13.111      0.305 RR  CELL  alwaysud|solver|unit_avail[3][8]~1365|combout
    Info (332115):     13.321      0.210 RR    IC  alwaysud|solver|unit_avail[3][8]~1489|datac
    Info (332115):     13.626      0.305 RR  CELL  alwaysud|solver|unit_avail[3][8]~1489|combout
    Info (332115):     14.277      0.651 RR    IC  alwaysud|solver|hitk~114|datad
    Info (332115):     14.443      0.166 RR  CELL  alwaysud|solver|hitk~114|combout
    Info (332115):     15.064      0.621 RR    IC  alwaysud|solver|iso9~88|datac
    Info (332115):     15.348      0.284 RF  CELL  alwaysud|solver|iso9~88|combout
    Info (332115):     15.762      0.414 FF    IC  alwaysud|solver|Equal109~3|datac
    Info (332115):     16.065      0.303 FF  CELL  alwaysud|solver|Equal109~3|combout
    Info (332115):     16.307      0.242 FF    IC  alwaysud|solver|Equal109~5|datac
    Info (332115):     16.610      0.303 FF  CELL  alwaysud|solver|Equal109~5|combout
    Info (332115):     17.477      0.867 FF    IC  alwaysud|solver|hitk~65|datab
    Info (332115):     17.847      0.370 FF  CELL  alwaysud|solver|hitk~65|combout
    Info (332115):     18.147      0.300 FF    IC  alwaysud|solver|hitk~67|datab
    Info (332115):     18.571      0.424 FF  CELL  alwaysud|solver|hitk~67|combout
    Info (332115):     18.812      0.241 FF    IC  alwaysud|solver|hitk~68|datac
    Info (332115):     19.110      0.298 FF  CELL  alwaysud|solver|hitk~68|combout
    Info (332115):     19.398      0.288 FF    IC  alwaysud|solver|hitk~69|dataa
    Info (332115):     19.803      0.405 FF  CELL  alwaysud|solver|hitk~69|combout
    Info (332115):     20.037      0.234 FF    IC  alwaysud|solver|hitk~71|datad
    Info (332115):     20.168      0.131 FF  CELL  alwaysud|solver|hitk~71|combout
    Info (332115):     20.402      0.234 FF    IC  alwaysud|solver|hitk~72|datad
    Info (332115):     20.533      0.131 FF  CELL  alwaysud|solver|hitk~72|combout
    Info (332115):     20.772      0.239 FF    IC  alwaysud|solver|hitk[2]~73|datad
    Info (332115):     20.903      0.131 FF  CELL  alwaysud|solver|hitk[2]~73|combout
    Info (332115):     21.960      1.057 FF    IC  alwaysud|solver|always2~19|dataa
    Info (332115):     22.335      0.375 FR  CELL  alwaysud|solver|always2~19|combout
    Info (332115):     24.260      1.925 RR    IC  alwaysud|solver|WideOr10~3|datad
    Info (332115):     24.426      0.166 RR  CELL  alwaysud|solver|WideOr10~3|combout
    Info (332115):     24.684      0.258 RR    IC  alwaysud|solver|WideOr28~6|dataa
    Info (332115):     25.106      0.422 RR  CELL  alwaysud|solver|WideOr28~6|combout
    Info (332115):     26.398      1.292 RR    IC  alwaysud|solver|WideOr28~7|datac
    Info (332115):     26.702      0.304 RR  CELL  alwaysud|solver|WideOr28~7|combout
    Info (332115):     26.930      0.228 RR    IC  alwaysud|solver|WideOr55~3|datad
    Info (332115):     27.096      0.166 RR  CELL  alwaysud|solver|WideOr55~3|combout
    Info (332115):     27.754      0.658 RR    IC  alwaysud|solver|cand_v[56]~18|datab
    Info (332115):     28.127      0.373 RF  CELL  alwaysud|solver|cand_v[56]~18|combout
    Info (332115):     28.366      0.239 FF    IC  alwaysud|solver|cand_v[56]~19|datad
    Info (332115):     28.497      0.131 FF  CELL  alwaysud|solver|cand_v[56]~19|combout
    Info (332115):     29.303      0.806 FF    IC  alwaysud|solver|cand_v[46]~22|datac
    Info (332115):     29.606      0.303 FF  CELL  alwaysud|solver|cand_v[46]~22|combout
    Info (332115):     29.877      0.271 FF    IC  alwaysud|solver|cand_v[2]~42|datac
    Info (332115):     30.180      0.303 FF  CELL  alwaysud|solver|cand_v[2]~42|combout
    Info (332115):     31.193      1.013 FF    IC  alwaysud|solver|cand_v[10]~77|datab
    Info (332115):     31.547      0.354 FF  CELL  alwaysud|solver|cand_v[10]~77|combout
    Info (332115):     31.814      0.267 FF    IC  alwaysud|solver|cand_v[10]~109|datad
    Info (332115):     31.945      0.131 FF  CELL  alwaysud|solver|cand_v[10]~109|combout
    Info (332115):     32.189      0.244 FF    IC  alwaysud|solver|cand_v[10]~120|datad
    Info (332115):     32.320      0.131 FF  CELL  alwaysud|solver|cand_v[10]~120|combout
    Info (332115):     33.082      0.762 FF    IC  alwaysud|solver|selv[14]~9|datad
    Info (332115):     33.243      0.161 FR  CELL  alwaysud|solver|selv[14]~9|combout
    Info (332115):     34.218      0.975 RR    IC  alwaysud|solver|WideOr85|datad
    Info (332115):     34.363      0.145 RF  CELL  alwaysud|solver|WideOr85|combout
    Info (332115):     34.719      0.356 FF    IC  alwaysud|solver|iso9~270|datab
    Info (332115):     35.136      0.417 FR  CELL  alwaysud|solver|iso9~270|combout
    Info (332115):     36.156      1.020 RR    IC  alwaysud|solver|iso9~272|datad
    Info (332115):     36.322      0.166 RR  CELL  alwaysud|solver|iso9~272|combout
    Info (332115):     36.792      0.470 RR    IC  alwaysud|solver|iso9~274|datad
    Info (332115):     36.958      0.166 RR  CELL  alwaysud|solver|iso9~274|combout
    Info (332115):     37.437      0.479 RR    IC  alwaysud|solver|selv[79]~87|datac
    Info (332115):     37.742      0.305 RR  CELL  alwaysud|solver|selv[79]~87|combout
    Info (332115):     39.620      1.878 RR    IC  alwaysud|solver| renamed_net_480~77|datac
    Info (332115):     39.925      0.305 RR  CELL  alwaysud|solver| renamed_net_480~77|combout
    Info (332115):     40.128      0.203 RR    IC  alwaysud|solver| renamed_net_480~80|datad
    Info (332115):     40.294      0.166 RR  CELL  alwaysud|solver| renamed_net_480~80|combout
    Info (332115):     41.040      0.746 RR    IC  alwaysud|solver| renamed_net_480~86|datad
    Info (332115):     41.206      0.166 RR  CELL  alwaysud|solver| renamed_net_480~86|combout
    Info (332115):     43.152      1.946 RR    IC  alwaysud|solver| renamed_net_480~122|datab
    Info (332115):     43.575      0.423 RR  CELL  alwaysud|solver| renamed_net_480~122|combout
    Info (332115):     43.779      0.204 RR    IC  alwaysud|solver| renamed_net_480~231|datac
    Info (332115):     44.083      0.304 RR  CELL  alwaysud|solver| renamed_net_480~231|combout
    Info (332115):     44.335      0.252 RR    IC  alwaysud|solver|pick_bit[4]~0|datab
    Info (332115):     44.777      0.442 RF  CELL  alwaysud|solver|pick_bit[4]~0|combout
    Info (332115):     45.113      0.336 FF    IC  alwaysud|solver|pick_bit[6]~1|datab
    Info (332115):     45.517      0.404 FF  CELL  alwaysud|solver|pick_bit[6]~1|combout
    Info (332115):     45.965      0.448 FF    IC  alwaysud|solver|pick_bit[7]~8|datad
    Info (332115):     46.096      0.131 FF  CELL  alwaysud|solver|pick_bit[7]~8|combout
    Info (332115):     48.348      2.252 FF    IC  alwaysud|solver|used~725|datac
    Info (332115):     48.651      0.303 FF  CELL  alwaysud|solver|used~725|combout
    Info (332115):     48.883      0.232 FF    IC  alwaysud|solver|used[13][7]~4|datad
    Info (332115):     49.014      0.131 FF  CELL  alwaysud|solver|used[13][7]~4|combout
    Info (332115):     49.014      0.000 FF    IC  alwaysud|solver|used[13][7]|d
    Info (332115):     49.108      0.094 FF  CELL  alwaysud:alwaysud|alwaysud_solver:solver|used[13][7]
    Info (332115): Data Required Path:
    Info (332115): Total (ns)  Incr (ns)     Type  Element
    Info (332115): ==========  ========= ==  ====  ===================================
    Info (332115):      1.000      1.000           latch edge time
    Info (332115):      1.000      0.000           source latency
    Info (332115):      1.000      0.000           clk
    Info (332115):      1.000      0.000 RR    IC  clk~input|i
    Info (332115):      1.708      0.708 RR  CELL  clk~input|o
    Info (332115):      2.566      0.858 RR    IC  clk~inputclkctrl|inclk[0]
    Info (332115):      2.566      0.000 RR  CELL  clk~inputclkctrl|outclk
    Info (332115):      4.020      1.454 RR    IC  alwaysud|solver|used[13][7]|clk
    Info (332115):      4.495      0.475 RR  CELL  alwaysud:alwaysud|alwaysud_solver:solver|used[13][7]
    Info (332115):      4.532      0.037           clock pessimism removed
    Info (332115):      4.512     -0.020           clock uncertainty
    Info (332115):      4.525      0.013     uTsu  alwaysud:alwaysud|alwaysud_solver:solver|used[13][7]
    Info (332115): Data Arrival Time  :    49.108
    Info (332115): Data Required Time :     4.525
    Info (332115): Slack              :   -44.583 (VIOLATED)
    Info (332115): ===================================================================
Info (332115): Path #15: Setup slack is -44.578 (VIOLATED)
    Info (332115): ===================================================================
    Info (332115): From Node    : alwaysud:alwaysud|alwaysud_solver:solver|used[9][8]
    Info (332115): To Node      : alwaysud:alwaysud|alwaysud_solver:solver|used[13][7]
    Info (332115): Launch Clock : clk
    Info (332115): Latch Clock  : clk
    Info (332115): Data Arrival Path:
    Info (332115): Total (ns)  Incr (ns)     Type  Element
    Info (332115): ==========  ========= ==  ====  ===================================
    Info (332115):      0.000      0.000           launch edge time
    Info (332115):      0.000      0.000           source latency
    Info (332115):      0.000      0.000           clk
    Info (332115):      0.000      0.000 RR    IC  clk~input|i
    Info (332115):      0.708      0.708 RR  CELL  clk~input|o
    Info (332115):      1.602      0.894 RR    IC  clk~inputclkctrl|inclk[0]
    Info (332115):      1.602      0.000 RR  CELL  clk~inputclkctrl|outclk
    Info (332115):      3.072      1.470 RR    IC  alwaysud|solver|used[9][8]|clk
    Info (332115):      3.582      0.510 RR  CELL  alwaysud:alwaysud|alwaysud_solver:solver|used[9][8]
    Info (332115):      3.789      0.207     uTco  alwaysud:alwaysud|alwaysud_solver:solver|used[9][8]
    Info (332115):      3.789      0.000 RR  CELL  alwaysud|solver|used[9][8]|q
    Info (332115):      6.311      2.522 RR    IC  alwaysud|solver|cellused[18][8]|datad
    Info (332115):      6.456      0.145 RF  CELL  alwaysud|solver|cellused[18][8]|combout
    Info (332115):      7.230      0.774 FF    IC  alwaysud|solver|availc[18][8]~699|dataa
    Info (332115):      7.585      0.355 FF  CELL  alwaysud|solver|availc[18][8]~699|combout
    Info (332115):      9.615      2.030 FF    IC  alwaysud|solver|unit_avail[2][8]~1332|datac
    Info (332115):      9.918      0.303 FF  CELL  alwaysud|solver|unit_avail[2][8]~1332|combout
    Info (332115):     10.202      0.284 FF    IC  alwaysud|solver|unit_avail[2][8]~1333|datab
    Info (332115):     10.626      0.424 FF  CELL  alwaysud|solver|unit_avail[2][8]~1333|combout
    Info (332115):     10.860      0.234 FF    IC  alwaysud|solver|unit_avail[2][8]~1334|datad
    Info (332115):     10.991      0.131 FF  CELL  alwaysud|solver|unit_avail[2][8]~1334|combout
    Info (332115):     11.234      0.243 FF    IC  alwaysud|solver|unit_avail[2][8]~1335|datac
    Info (332115):     11.537      0.303 FF  CELL  alwaysud|solver|unit_avail[2][8]~1335|combout
    Info (332115):     12.598      1.061 FF    IC  alwaysud|solver|unit_avail[2][8]~1336|datac
    Info (332115):     12.901      0.303 FF  CELL  alwaysud|solver|unit_avail[2][8]~1336|combout
    Info (332115):     13.135      0.234 FF    IC  alwaysud|solver|unit_avail[2][8]~1337|datad
    Info (332115):     13.296      0.161 FR  CELL  alwaysud|solver|unit_avail[2][8]~1337|combout
    Info (332115):     13.671      0.375 RR    IC  alwaysud|solver|unit_avail[2][8]~1488|datad
    Info (332115):     13.837      0.166 RR  CELL  alwaysud|solver|unit_avail[2][8]~1488|combout
    Info (332115):     14.287      0.450 RR    IC  alwaysud|solver|iso9~90|datac
    Info (332115):     14.571      0.284 RF  CELL  alwaysud|solver|iso9~90|combout
    Info (332115):     15.246      0.675 FF    IC  alwaysud|solver|iso9~91|datac
    Info (332115):     15.549      0.303 FF  CELL  alwaysud|solver|iso9~91|combout
    Info (332115):     15.961      0.412 FF    IC  alwaysud|solver|Equal109~3|datad
    Info (332115):     16.092      0.131 FF  CELL  alwaysud|solver|Equal109~3|combout
    Info (332115):     16.334      0.242 FF    IC  alwaysud|solver|Equal109~5|datac
    Info (332115):     16.637      0.303 FF  CELL  alwaysud|solver|Equal109~5|combout
    Info (332115):     17.504      0.867 FF    IC  alwaysud|solver|hitk~65|datab
    Info (332115):     17.874      0.370 FF  CELL  alwaysud|solver|hitk~65|combout
    Info (332115):     18.174      0.300 FF    IC  alwaysud|solver|hitk~67|datab
    Info (332115):     18.598      0.424 FF  CELL  alwaysud|solver|hitk~67|combout
    Info (332115):     18.839      0.241 FF    IC  alwaysud|solver|hitk~68|datac
    Info (332115):     19.137      0.298 FF  CELL  alwaysud|solver|hitk~68|combout
    Info (332115):     19.425      0.288 FF    IC  alwaysud|solver|hitk~69|dataa
    Info (332115):     19.830      0.405 FF  CELL  alwaysud|solver|hitk~69|combout
    Info (332115):     20.064      0.234 FF    IC  alwaysud|solver|hitk~71|datad
    Info (332115):     20.195      0.131 FF  CELL  alwaysud|solver|hitk~71|combout
    Info (332115):     20.429      0.234 FF    IC  alwaysud|solver|hitk~72|datad
    Info (332115):     20.560      0.131 FF  CELL  alwaysud|solver|hitk~72|combout
    Info (332115):     20.799      0.239 FF    IC  alwaysud|solver|hitk[2]~73|datad
    Info (332115):     20.930      0.131 FF  CELL  alwaysud|solver|hitk[2]~73|combout
    Info (332115):     21.987      1.057 FF    IC  alwaysud|solver|always2~19|dataa
    Info (332115):     22.362      0.375 FR  CELL  alwaysud|solver|always2~19|combout
    Info (332115):     24.281      1.919 RR    IC  alwaysud|solver|WideOr10~4|datad
    Info (332115):     24.447      0.166 RR  CELL  alwaysud|solver|WideOr10~4|combout
    Info (332115):     24.700      0.253 RR    IC  alwaysud|solver|WideOr28~6|datab
    Info (332115):     25.123      0.423 RR  CELL  alwaysud|solver|WideOr28~6|combout
    Info (332115):     26.415      1.292 RR    IC  alwaysud|solver|WideOr28~7|datac
    Info (332115):     26.719      0.304 RR  CELL  alwaysud|solver|WideOr28~7|combout
    Info (332115):     26.947      0.228 RR    IC  alwaysud|solver|WideOr55~3|datad
    Info (332115):     27.113      0.166 RR  CELL  alwaysud|solver|WideOr55~3|combout
    Info (332115):     27.771      0.658 RR    IC  alwaysud|solver|cand_v[56]~18|datab
    Info (332115):     28.144      0.373 RF  CELL  alwaysud|solver|cand_v[56]~18|combout
    Info (332115):     28.383      0.239 FF    IC  alwaysud|solver|cand_v[56]~19|datad
    Info (332115):     28.514      0.131 FF  CELL  alwaysud|solver|cand_v[56]~19|combout
    Info (332115):     29.320      0.806 FF    IC  alwaysud|solver|cand_v[46]~22|datac
    Info (332115):     29.623      0.303 FF  CELL  alwaysud|solver|cand_v[46]~22|combout
    Info (332115):     29.894      0.271 FF    IC  alwaysud|solver|cand_v[2]~42|datac
    Info (332115):     30.197      0.303 FF  CELL  alwaysud|solver|cand_v[2]~42|combout
    Info (332115):     31.210      1.013 FF    IC  alwaysud|solver|cand_v[10]~77|datab
    Info (332115):     31.564      0.354 FF  CELL  alwaysud|solver|cand_v[10]~77|combout
    Info (332115):     31.831      0.267 FF    IC  alwaysud|solver|cand_v[10]~109|datad
    Info (332115):     31.962      0.131 FF  CELL  alwaysud|solver|cand_v[10]~109|combout
    Info (332115):     32.206      0.244 FF    IC  alwaysud|solver|cand_v[10]~120|datad
    Info (332115):     32.337      0.131 FF  CELL  alwaysud|solver|cand_v[10]~120|combout
    Info (332115):     33.099      0.762 FF    IC  alwaysud|solver|selv[14]~9|datad
    Info (332115):     33.260      0.161 FR  CELL  alwaysud|solver|selv[14]~9|combout
    Info (332115):     34.235      0.975 RR    IC  alwaysud|solver|WideOr85|datad
    Info (332115):     34.380      0.145 RF  CELL  alwaysud|solver|WideOr85|combout
    Info (332115):     34.736      0.356 FF    IC  alwaysud|solver|iso9~270|datab
    Info (332115):     35.153      0.417 FR  CELL  alwaysud|solver|iso9~270|combout
    Info (332115):     36.173      1.020 RR    IC  alwaysud|solver|iso9~272|datad
    Info (332115):     36.339      0.166 RR  CELL  alwaysud|solver|iso9~272|combout
    Info (332115):     36.809      0.470 RR    IC  alwaysud|solver|iso9~274|datad
    Info (332115):     36.975      0.166 RR  CELL  alwaysud|solver|iso9~274|combout
    Info (332115):     37.454      0.479 RR    IC  alwaysud|solver|selv[79]~87|datac
    Info (332115):     37.759      0.305 RR  CELL  alwaysud|solver|selv[79]~87|combout
    Info (332115):     39.637      1.878 RR    IC  alwaysud|solver| renamed_net_480~77|datac
    Info (332115):     39.942      0.305 RR  CELL  alwaysud|solver| renamed_net_480~77|combout
    Info (332115):     40.145      0.203 RR    IC  alwaysud|solver| renamed_net_480~80|datad
    Info (332115):     40.311      0.166 RR  CELL  alwaysud|solver| renamed_net_480~80|combout
    Info (332115):     41.057      0.746 RR    IC  alwaysud|solver| renamed_net_480~86|datad
    Info (332115):     41.223      0.166 RR  CELL  alwaysud|solver| renamed_net_480~86|combout
    Info (332115):     43.169      1.946 RR    IC  alwaysud|solver| renamed_net_480~122|datab
    Info (332115):     43.592      0.423 RR  CELL  alwaysud|solver| renamed_net_480~122|combout
    Info (332115):     43.796      0.204 RR    IC  alwaysud|solver| renamed_net_480~231|datac
    Info (332115):     44.100      0.304 RR  CELL  alwaysud|solver| renamed_net_480~231|combout
    Info (332115):     44.352      0.252 RR    IC  alwaysud|solver|pick_bit[4]~0|datab
    Info (332115):     44.794      0.442 RF  CELL  alwaysud|solver|pick_bit[4]~0|combout
    Info (332115):     45.130      0.336 FF    IC  alwaysud|solver|pick_bit[6]~1|datab
    Info (332115):     45.534      0.404 FF  CELL  alwaysud|solver|pick_bit[6]~1|combout
    Info (332115):     45.982      0.448 FF    IC  alwaysud|solver|pick_bit[7]~8|datad
    Info (332115):     46.113      0.131 FF  CELL  alwaysud|solver|pick_bit[7]~8|combout
    Info (332115):     48.365      2.252 FF    IC  alwaysud|solver|used~725|datac
    Info (332115):     48.668      0.303 FF  CELL  alwaysud|solver|used~725|combout
    Info (332115):     48.900      0.232 FF    IC  alwaysud|solver|used[13][7]~4|datad
    Info (332115):     49.031      0.131 FF  CELL  alwaysud|solver|used[13][7]~4|combout
    Info (332115):     49.031      0.000 FF    IC  alwaysud|solver|used[13][7]|d
    Info (332115):     49.125      0.094 FF  CELL  alwaysud:alwaysud|alwaysud_solver:solver|used[13][7]
    Info (332115): Data Required Path:
    Info (332115): Total (ns)  Incr (ns)     Type  Element
    Info (332115): ==========  ========= ==  ====  ===================================
    Info (332115):      1.000      1.000           latch edge time
    Info (332115):      1.000      0.000           source latency
    Info (332115):      1.000      0.000           clk
    Info (332115):      1.000      0.000 RR    IC  clk~input|i
    Info (332115):      1.708      0.708 RR  CELL  clk~input|o
    Info (332115):      2.566      0.858 RR    IC  clk~inputclkctrl|inclk[0]
    Info (332115):      2.566      0.000 RR  CELL  clk~inputclkctrl|outclk
    Info (332115):      4.020      1.454 RR    IC  alwaysud|solver|used[13][7]|clk
    Info (332115):      4.495      0.475 RR  CELL  alwaysud:alwaysud|alwaysud_solver:solver|used[13][7]
    Info (332115):      4.554      0.059           clock pessimism removed
    Info (332115):      4.534     -0.020           clock uncertainty
    Info (332115):      4.547      0.013     uTsu  alwaysud:alwaysud|alwaysud_solver:solver|used[13][7]
    Info (332115): Data Arrival Time  :    49.125
    Info (332115): Data Required Time :     4.547
    Info (332115): Slack              :   -44.578 (VIOLATED)
    Info (332115): ===================================================================
Info (332115): Path #16: Setup slack is -44.577 (VIOLATED)
    Info (332115): ===================================================================
    Info (332115): From Node    : alwaysud:alwaysud|alwaysud_solver:solver|sol[48][6]
    Info (332115): To Node      : alwaysud:alwaysud|alwaysud_solver:solver|used[13][7]
    Info (332115): Launch Clock : clk
    Info (332115): Latch Clock  : clk
    Info (332115): Data Arrival Path:
    Info (332115): Total (ns)  Incr (ns)     Type  Element
    Info (332115): ==========  ========= ==  ====  ===================================
    Info (332115):      0.000      0.000           launch edge time
    Info (332115):      0.000      0.000           source latency
    Info (332115):      0.000      0.000           clk
    Info (332115):      0.000      0.000 RR    IC  clk~input|i
    Info (332115):      0.708      0.708 RR  CELL  clk~input|o
    Info (332115):      1.602      0.894 RR    IC  clk~inputclkctrl|inclk[0]
    Info (332115):      1.602      0.000 RR  CELL  clk~inputclkctrl|outclk
    Info (332115):      3.142      1.540 RR    IC  alwaysud|solver|sol[48][6]|clk
    Info (332115):      3.652      0.510 RR  CELL  alwaysud:alwaysud|alwaysud_solver:solver|sol[48][6]
    Info (332115):      3.859      0.207     uTco  alwaysud:alwaysud|alwaysud_solver:solver|sol[48][6]
    Info (332115):      3.859      0.000 FF  CELL  alwaysud|solver|sol[48][6]|q
    Info (332115):      4.250      0.391 FF    IC  alwaysud|solver|Equal48~2|dataa
    Info (332115):      4.652      0.402 FR  CELL  alwaysud|solver|Equal48~2|combout
    Info (332115):      7.671      3.019 RR    IC  alwaysud|solver|availc[48][8]~756|datab
    Info (332115):      8.064      0.393 RR  CELL  alwaysud|solver|availc[48][8]~756|combout
    Info (332115):      9.421      1.357 RR    IC  alwaysud|solver|unit_avail[3][8]~1358|datad
    Info (332115):      9.587      0.166 RR  CELL  alwaysud|solver|unit_avail[3][8]~1358|combout
    Info (332115):      9.827      0.240 RR    IC  alwaysud|solver|unit_avail[3][8]~1359|dataa
    Info (332115):     10.249      0.422 RR  CELL  alwaysud|solver|unit_avail[3][8]~1359|combout
    Info (332115):     10.453      0.204 RR    IC  alwaysud|solver|unit_avail[3][8]~1360|datad
    Info (332115):     10.619      0.166 RR  CELL  alwaysud|solver|unit_avail[3][8]~1360|combout
    Info (332115):     10.822      0.203 RR    IC  alwaysud|solver|unit_avail[3][8]~1363|datac
    Info (332115):     11.127      0.305 RR  CELL  alwaysud|solver|unit_avail[3][8]~1363|combout
    Info (332115):     11.331      0.204 RR    IC  alwaysud|solver|unit_avail[3][8]~1364|datad
    Info (332115):     11.497      0.166 RR  CELL  alwaysud|solver|unit_avail[3][8]~1364|combout
    Info (332115):     12.800      1.303 RR    IC  alwaysud|solver|unit_avail[3][8]~1365|datac
    Info (332115):     13.105      0.305 RR  CELL  alwaysud|solver|unit_avail[3][8]~1365|combout
    Info (332115):     13.315      0.210 RR    IC  alwaysud|solver|unit_avail[3][8]~1489|datac
    Info (332115):     13.620      0.305 RR  CELL  alwaysud|solver|unit_avail[3][8]~1489|combout
    Info (332115):     14.271      0.651 RR    IC  alwaysud|solver|hitk~114|datad
    Info (332115):     14.437      0.166 RR  CELL  alwaysud|solver|hitk~114|combout
    Info (332115):     15.058      0.621 RR    IC  alwaysud|solver|iso9~88|datac
    Info (332115):     15.342      0.284 RF  CELL  alwaysud|solver|iso9~88|combout
    Info (332115):     15.756      0.414 FF    IC  alwaysud|solver|Equal109~3|datac
    Info (332115):     16.059      0.303 FF  CELL  alwaysud|solver|Equal109~3|combout
    Info (332115):     16.301      0.242 FF    IC  alwaysud|solver|Equal109~5|datac
    Info (332115):     16.604      0.303 FF  CELL  alwaysud|solver|Equal109~5|combout
    Info (332115):     17.471      0.867 FF    IC  alwaysud|solver|hitk~65|datab
    Info (332115):     17.841      0.370 FF  CELL  alwaysud|solver|hitk~65|combout
    Info (332115):     18.141      0.300 FF    IC  alwaysud|solver|hitk~67|datab
    Info (332115):     18.565      0.424 FF  CELL  alwaysud|solver|hitk~67|combout
    Info (332115):     18.806      0.241 FF    IC  alwaysud|solver|hitk~68|datac
    Info (332115):     19.104      0.298 FF  CELL  alwaysud|solver|hitk~68|combout
    Info (332115):     19.392      0.288 FF    IC  alwaysud|solver|hitk~69|dataa
    Info (332115):     19.797      0.405 FF  CELL  alwaysud|solver|hitk~69|combout
    Info (332115):     20.031      0.234 FF    IC  alwaysud|solver|hitk~71|datad
    Info (332115):     20.162      0.131 FF  CELL  alwaysud|solver|hitk~71|combout
    Info (332115):     20.396      0.234 FF    IC  alwaysud|solver|hitk~72|datad
    Info (332115):     20.527      0.131 FF  CELL  alwaysud|solver|hitk~72|combout
    Info (332115):     20.766      0.239 FF    IC  alwaysud|solver|hitk[2]~73|datad
    Info (332115):     20.897      0.131 FF  CELL  alwaysud|solver|hitk[2]~73|combout
    Info (332115):     21.954      1.057 FF    IC  alwaysud|solver|always2~19|dataa
    Info (332115):     22.329      0.375 FR  CELL  alwaysud|solver|always2~19|combout
    Info (332115):     24.254      1.925 RR    IC  alwaysud|solver|WideOr10~3|datad
    Info (332115):     24.420      0.166 RR  CELL  alwaysud|solver|WideOr10~3|combout
    Info (332115):     24.678      0.258 RR    IC  alwaysud|solver|WideOr28~6|dataa
    Info (332115):     25.100      0.422 RR  CELL  alwaysud|solver|WideOr28~6|combout
    Info (332115):     26.392      1.292 RR    IC  alwaysud|solver|WideOr28~7|datac
    Info (332115):     26.696      0.304 RR  CELL  alwaysud|solver|WideOr28~7|combout
    Info (332115):     26.924      0.228 RR    IC  alwaysud|solver|WideOr55~3|datad
    Info (332115):     27.090      0.166 RR  CELL  alwaysud|solver|WideOr55~3|combout
    Info (332115):     27.748      0.658 RR    IC  alwaysud|solver|cand_v[56]~18|datab
    Info (332115):     28.121      0.373 RF  CELL  alwaysud|solver|cand_v[56]~18|combout
    Info (332115):     28.360      0.239 FF    IC  alwaysud|solver|cand_v[56]~19|datad
    Info (332115):     28.491      0.131 FF  CELL  alwaysud|solver|cand_v[56]~19|combout
    Info (332115):     29.297      0.806 FF    IC  alwaysud|solver|cand_v[46]~22|datac
    Info (332115):     29.600      0.303 FF  CELL  alwaysud|solver|cand_v[46]~22|combout
    Info (332115):     29.871      0.271 FF    IC  alwaysud|solver|cand_v[2]~42|datac
    Info (332115):     30.174      0.303 FF  CELL  alwaysud|solver|cand_v[2]~42|combout
    Info (332115):     31.187      1.013 FF    IC  alwaysud|solver|cand_v[10]~77|datab
    Info (332115):     31.541      0.354 FF  CELL  alwaysud|solver|cand_v[10]~77|combout
    Info (332115):     31.808      0.267 FF    IC  alwaysud|solver|cand_v[10]~109|datad
    Info (332115):     31.939      0.131 FF  CELL  alwaysud|solver|cand_v[10]~109|combout
    Info (332115):     32.183      0.244 FF    IC  alwaysud|solver|cand_v[10]~120|datad
    Info (332115):     32.314      0.131 FF  CELL  alwaysud|solver|cand_v[10]~120|combout
    Info (332115):     33.076      0.762 FF    IC  alwaysud|solver|selv[14]~9|datad
    Info (332115):     33.237      0.161 FR  CELL  alwaysud|solver|selv[14]~9|combout
    Info (332115):     34.212      0.975 RR    IC  alwaysud|solver|WideOr85|datad
    Info (332115):     34.357      0.145 RF  CELL  alwaysud|solver|WideOr85|combout
    Info (332115):     34.713      0.356 FF    IC  alwaysud|solver|iso9~270|datab
    Info (332115):     35.130      0.417 FR  CELL  alwaysud|solver|iso9~270|combout
    Info (332115):     36.150      1.020 RR    IC  alwaysud|solver|iso9~272|datad
    Info (332115):     36.316      0.166 RR  CELL  alwaysud|solver|iso9~272|combout
    Info (332115):     36.786      0.470 RR    IC  alwaysud|solver|iso9~274|datad
    Info (332115):     36.952      0.166 RR  CELL  alwaysud|solver|iso9~274|combout
    Info (332115):     37.431      0.479 RR    IC  alwaysud|solver|selv[79]~87|datac
    Info (332115):     37.736      0.305 RR  CELL  alwaysud|solver|selv[79]~87|combout
    Info (332115):     39.614      1.878 RR    IC  alwaysud|solver| renamed_net_480~77|datac
    Info (332115):     39.919      0.305 RR  CELL  alwaysud|solver| renamed_net_480~77|combout
    Info (332115):     40.122      0.203 RR    IC  alwaysud|solver| renamed_net_480~80|datad
    Info (332115):     40.288      0.166 RR  CELL  alwaysud|solver| renamed_net_480~80|combout
    Info (332115):     41.034      0.746 RR    IC  alwaysud|solver| renamed_net_480~86|datad
    Info (332115):     41.200      0.166 RR  CELL  alwaysud|solver| renamed_net_480~86|combout
    Info (332115):     43.146      1.946 RR    IC  alwaysud|solver| renamed_net_480~122|datab
    Info (332115):     43.569      0.423 RR  CELL  alwaysud|solver| renamed_net_480~122|combout
    Info (332115):     43.773      0.204 RR    IC  alwaysud|solver| renamed_net_480~231|datac
    Info (332115):     44.077      0.304 RR  CELL  alwaysud|solver| renamed_net_480~231|combout
    Info (332115):     44.329      0.252 RR    IC  alwaysud|solver|pick_bit[4]~0|datab
    Info (332115):     44.771      0.442 RF  CELL  alwaysud|solver|pick_bit[4]~0|combout
    Info (332115):     45.107      0.336 FF    IC  alwaysud|solver|pick_bit[6]~1|datab
    Info (332115):     45.511      0.404 FF  CELL  alwaysud|solver|pick_bit[6]~1|combout
    Info (332115):     45.959      0.448 FF    IC  alwaysud|solver|pick_bit[7]~8|datad
    Info (332115):     46.090      0.131 FF  CELL  alwaysud|solver|pick_bit[7]~8|combout
    Info (332115):     48.342      2.252 FF    IC  alwaysud|solver|used~725|datac
    Info (332115):     48.645      0.303 FF  CELL  alwaysud|solver|used~725|combout
    Info (332115):     48.877      0.232 FF    IC  alwaysud|solver|used[13][7]~4|datad
    Info (332115):     49.008      0.131 FF  CELL  alwaysud|solver|used[13][7]~4|combout
    Info (332115):     49.008      0.000 FF    IC  alwaysud|solver|used[13][7]|d
    Info (332115):     49.102      0.094 FF  CELL  alwaysud:alwaysud|alwaysud_solver:solver|used[13][7]
    Info (332115): Data Required Path:
    Info (332115): Total (ns)  Incr (ns)     Type  Element
    Info (332115): ==========  ========= ==  ====  ===================================
    Info (332115):      1.000      1.000           latch edge time
    Info (332115):      1.000      0.000           source latency
    Info (332115):      1.000      0.000           clk
    Info (332115):      1.000      0.000 RR    IC  clk~input|i
    Info (332115):      1.708      0.708 RR  CELL  clk~input|o
    Info (332115):      2.566      0.858 RR    IC  clk~inputclkctrl|inclk[0]
    Info (332115):      2.566      0.000 RR  CELL  clk~inputclkctrl|outclk
    Info (332115):      4.020      1.454 RR    IC  alwaysud|solver|used[13][7]|clk
    Info (332115):      4.495      0.475 RR  CELL  alwaysud:alwaysud|alwaysud_solver:solver|used[13][7]
    Info (332115):      4.532      0.037           clock pessimism removed
    Info (332115):      4.512     -0.020           clock uncertainty
    Info (332115):      4.525      0.013     uTsu  alwaysud:alwaysud|alwaysud_solver:solver|used[13][7]
    Info (332115): Data Arrival Time  :    49.102
    Info (332115): Data Required Time :     4.525
    Info (332115): Slack              :   -44.577 (VIOLATED)
    Info (332115): ===================================================================
Info (332115): Path #17: Setup slack is -44.577 (VIOLATED)
    Info (332115): ===================================================================
    Info (332115): From Node    : alwaysud:alwaysud|alwaysud_solver:solver|used[9][8]
    Info (332115): To Node      : alwaysud:alwaysud|alwaysud_solver:solver|used[13][7]
    Info (332115): Launch Clock : clk
    Info (332115): Latch Clock  : clk
    Info (332115): Data Arrival Path:
    Info (332115): Total (ns)  Incr (ns)     Type  Element
    Info (332115): ==========  ========= ==  ====  ===================================
    Info (332115):      0.000      0.000           launch edge time
    Info (332115):      0.000      0.000           source latency
    Info (332115):      0.000      0.000           clk
    Info (332115):      0.000      0.000 RR    IC  clk~input|i
    Info (332115):      0.708      0.708 RR  CELL  clk~input|o
    Info (332115):      1.602      0.894 RR    IC  clk~inputclkctrl|inclk[0]
    Info (332115):      1.602      0.000 RR  CELL  clk~inputclkctrl|outclk
    Info (332115):      3.072      1.470 RR    IC  alwaysud|solver|used[9][8]|clk
    Info (332115):      3.582      0.510 RR  CELL  alwaysud:alwaysud|alwaysud_solver:solver|used[9][8]
    Info (332115):      3.789      0.207     uTco  alwaysud:alwaysud|alwaysud_solver:solver|used[9][8]
    Info (332115):      3.789      0.000 RR  CELL  alwaysud|solver|used[9][8]|q
    Info (332115):      6.311      2.522 RR    IC  alwaysud|solver|cellused[18][8]|datad
    Info (332115):      6.456      0.145 RF  CELL  alwaysud|solver|cellused[18][8]|combout
    Info (332115):      7.230      0.774 FF    IC  alwaysud|solver|availc[18][8]~699|dataa
    Info (332115):      7.585      0.355 FF  CELL  alwaysud|solver|availc[18][8]~699|combout
    Info (332115):      9.615      2.030 FF    IC  alwaysud|solver|unit_avail[2][8]~1332|datac
    Info (332115):      9.918      0.303 FF  CELL  alwaysud|solver|unit_avail[2][8]~1332|combout
    Info (332115):     10.202      0.284 FF    IC  alwaysud|solver|unit_avail[2][8]~1333|datab
    Info (332115):     10.626      0.424 FF  CELL  alwaysud|solver|unit_avail[2][8]~1333|combout
    Info (332115):     10.860      0.234 FF    IC  alwaysud|solver|unit_avail[2][8]~1334|datad
    Info (332115):     10.991      0.131 FF  CELL  alwaysud|solver|unit_avail[2][8]~1334|combout
    Info (332115):     11.234      0.243 FF    IC  alwaysud|solver|unit_avail[2][8]~1335|datac
    Info (332115):     11.537      0.303 FF  CELL  alwaysud|solver|unit_avail[2][8]~1335|combout
    Info (332115):     12.598      1.061 FF    IC  alwaysud|solver|unit_avail[2][8]~1336|datac
    Info (332115):     12.901      0.303 FF  CELL  alwaysud|solver|unit_avail[2][8]~1336|combout
    Info (332115):     13.135      0.234 FF    IC  alwaysud|solver|unit_avail[2][8]~1337|datad
    Info (332115):     13.296      0.161 FR  CELL  alwaysud|solver|unit_avail[2][8]~1337|combout
    Info (332115):     13.671      0.375 RR    IC  alwaysud|solver|unit_avail[2][8]~1488|datad
    Info (332115):     13.837      0.166 RR  CELL  alwaysud|solver|unit_avail[2][8]~1488|combout
    Info (332115):     14.136      0.299 RR    IC  alwaysud|solver|hitk~114|datab
    Info (332115):     14.559      0.423 RR  CELL  alwaysud|solver|hitk~114|combout
    Info (332115):     15.180      0.621 RR    IC  alwaysud|solver|iso9~88|datac
    Info (332115):     15.464      0.284 RF  CELL  alwaysud|solver|iso9~88|combout
    Info (332115):     15.878      0.414 FF    IC  alwaysud|solver|Equal109~3|datac
    Info (332115):     16.181      0.303 FF  CELL  alwaysud|solver|Equal109~3|combout
    Info (332115):     16.423      0.242 FF    IC  alwaysud|solver|Equal109~5|datac
    Info (332115):     16.726      0.303 FF  CELL  alwaysud|solver|Equal109~5|combout
    Info (332115):     17.593      0.867 FF    IC  alwaysud|solver|hitk~65|datab
    Info (332115):     17.963      0.370 FF  CELL  alwaysud|solver|hitk~65|combout
    Info (332115):     18.263      0.300 FF    IC  alwaysud|solver|hitk~67|datab
    Info (332115):     18.687      0.424 FF  CELL  alwaysud|solver|hitk~67|combout
    Info (332115):     18.928      0.241 FF    IC  alwaysud|solver|hitk~68|datac
    Info (332115):     19.226      0.298 FF  CELL  alwaysud|solver|hitk~68|combout
    Info (332115):     19.514      0.288 FF    IC  alwaysud|solver|hitk~69|dataa
    Info (332115):     19.919      0.405 FF  CELL  alwaysud|solver|hitk~69|combout
    Info (332115):     20.153      0.234 FF    IC  alwaysud|solver|hitk~71|datad
    Info (332115):     20.284      0.131 FF  CELL  alwaysud|solver|hitk~71|combout
    Info (332115):     20.518      0.234 FF    IC  alwaysud|solver|hitk~72|datad
    Info (332115):     20.649      0.131 FF  CELL  alwaysud|solver|hitk~72|combout
    Info (332115):     20.888      0.239 FF    IC  alwaysud|solver|hitk[2]~73|datad
    Info (332115):     21.019      0.131 FF  CELL  alwaysud|solver|hitk[2]~73|combout
    Info (332115):     22.076      1.057 FF    IC  alwaysud|solver|always2~19|dataa
    Info (332115):     22.451      0.375 FR  CELL  alwaysud|solver|always2~19|combout
    Info (332115):     24.312      1.861 RR    IC  alwaysud|solver|WideOr10~5|datad
    Info (332115):     24.478      0.166 RR  CELL  alwaysud|solver|WideOr10~5|combout
    Info (332115):     24.881      0.403 RR    IC  alwaysud|solver|WideOr28~6|datac
    Info (332115):     25.185      0.304 RR  CELL  alwaysud|solver|WideOr28~6|combout
    Info (332115):     26.477      1.292 RR    IC  alwaysud|solver|WideOr28~7|datac
    Info (332115):     26.781      0.304 RR  CELL  alwaysud|solver|WideOr28~7|combout
    Info (332115):     27.009      0.228 RR    IC  alwaysud|solver|WideOr55~3|datad
    Info (332115):     27.175      0.166 RR  CELL  alwaysud|solver|WideOr55~3|combout
    Info (332115):     27.833      0.658 RR    IC  alwaysud|solver|cand_v[56]~18|datab
    Info (332115):     28.206      0.373 RF  CELL  alwaysud|solver|cand_v[56]~18|combout
    Info (332115):     28.445      0.239 FF    IC  alwaysud|solver|cand_v[56]~19|datad
    Info (332115):     28.576      0.131 FF  CELL  alwaysud|solver|cand_v[56]~19|combout
    Info (332115):     29.382      0.806 FF    IC  alwaysud|solver|cand_v[46]~22|datac
    Info (332115):     29.685      0.303 FF  CELL  alwaysud|solver|cand_v[46]~22|combout
    Info (332115):     29.956      0.271 FF    IC  alwaysud|solver|cand_v[2]~42|datac
    Info (332115):     30.259      0.303 FF  CELL  alwaysud|solver|cand_v[2]~42|combout
    Info (332115):     31.272      1.013 FF    IC  alwaysud|solver|cand_v[10]~77|datab
    Info (332115):     31.626      0.354 FF  CELL  alwaysud|solver|cand_v[10]~77|combout
    Info (332115):     31.893      0.267 FF    IC  alwaysud|solver|cand_v[10]~109|datad
    Info (332115):     32.024      0.131 FF  CELL  alwaysud|solver|cand_v[10]~109|combout
    Info (332115):     32.268      0.244 FF    IC  alwaysud|solver|cand_v[10]~120|datad
    Info (332115):     32.399      0.131 FF  CELL  alwaysud|solver|cand_v[10]~120|combout
    Info (332115):     33.161      0.762 FF    IC  alwaysud|solver|selv[14]~9|datad
    Info (332115):     33.322      0.161 FR  CELL  alwaysud|solver|selv[14]~9|combout
    Info (332115):     34.297      0.975 RR    IC  alwaysud|solver|WideOr85|datad
    Info (332115):     34.442      0.145 RF  CELL  alwaysud|solver|WideOr85|combout
    Info (332115):     34.798      0.356 FF    IC  alwaysud|solver|iso9~270|datab
    Info (332115):     35.215      0.417 FR  CELL  alwaysud|solver|iso9~270|combout
    Info (332115):     36.235      1.020 RR    IC  alwaysud|solver|iso9~272|datad
    Info (332115):     36.401      0.166 RR  CELL  alwaysud|solver|iso9~272|combout
    Info (332115):     37.385      0.984 RR    IC  alwaysud|solver|selv[72]~44|datad
    Info (332115):     37.551      0.166 RR  CELL  alwaysud|solver|selv[72]~44|combout
    Info (332115):     38.827      1.276 RR    IC  alwaysud|solver| renamed_net_480~150|datad
    Info (332115):     38.993      0.166 RR  CELL  alwaysud|solver| renamed_net_480~150|combout
    Info (332115):     40.421      1.428 RR    IC  alwaysud|solver| renamed_net_480~153|datad
    Info (332115):     40.587      0.166 RR  CELL  alwaysud|solver| renamed_net_480~153|combout
    Info (332115):     41.314      0.727 RR    IC  alwaysud|solver| renamed_net_480~161|datad
    Info (332115):     41.480      0.166 RR  CELL  alwaysud|solver| renamed_net_480~161|combout
    Info (332115):     42.561      1.081 RR    IC  alwaysud|solver| renamed_net_480~230|datab
    Info (332115):     42.984      0.423 RR  CELL  alwaysud|solver| renamed_net_480~230|combout
    Info (332115):     43.676      0.692 RR    IC  alwaysud|solver| renamed_net_480~231|datab
    Info (332115):     44.099      0.423 RR  CELL  alwaysud|solver| renamed_net_480~231|combout
    Info (332115):     44.351      0.252 RR    IC  alwaysud|solver|pick_bit[4]~0|datab
    Info (332115):     44.793      0.442 RF  CELL  alwaysud|solver|pick_bit[4]~0|combout
    Info (332115):     45.129      0.336 FF    IC  alwaysud|solver|pick_bit[6]~1|datab
    Info (332115):     45.533      0.404 FF  CELL  alwaysud|solver|pick_bit[6]~1|combout
    Info (332115):     45.981      0.448 FF    IC  alwaysud|solver|pick_bit[7]~8|datad
    Info (332115):     46.112      0.131 FF  CELL  alwaysud|solver|pick_bit[7]~8|combout
    Info (332115):     48.364      2.252 FF    IC  alwaysud|solver|used~725|datac
    Info (332115):     48.667      0.303 FF  CELL  alwaysud|solver|used~725|combout
    Info (332115):     48.899      0.232 FF    IC  alwaysud|solver|used[13][7]~4|datad
    Info (332115):     49.030      0.131 FF  CELL  alwaysud|solver|used[13][7]~4|combout
    Info (332115):     49.030      0.000 FF    IC  alwaysud|solver|used[13][7]|d
    Info (332115):     49.124      0.094 FF  CELL  alwaysud:alwaysud|alwaysud_solver:solver|used[13][7]
    Info (332115): Data Required Path:
    Info (332115): Total (ns)  Incr (ns)     Type  Element
    Info (332115): ==========  ========= ==  ====  ===================================
    Info (332115):      1.000      1.000           latch edge time
    Info (332115):      1.000      0.000           source latency
    Info (332115):      1.000      0.000           clk
    Info (332115):      1.000      0.000 RR    IC  clk~input|i
    Info (332115):      1.708      0.708 RR  CELL  clk~input|o
    Info (332115):      2.566      0.858 RR    IC  clk~inputclkctrl|inclk[0]
    Info (332115):      2.566      0.000 RR  CELL  clk~inputclkctrl|outclk
    Info (332115):      4.020      1.454 RR    IC  alwaysud|solver|used[13][7]|clk
    Info (332115):      4.495      0.475 RR  CELL  alwaysud:alwaysud|alwaysud_solver:solver|used[13][7]
    Info (332115):      4.554      0.059           clock pessimism removed
    Info (332115):      4.534     -0.020           clock uncertainty
    Info (332115):      4.547      0.013     uTsu  alwaysud:alwaysud|alwaysud_solver:solver|used[13][7]
    Info (332115): Data Arrival Time  :    49.124
    Info (332115): Data Required Time :     4.547
    Info (332115): Slack              :   -44.577 (VIOLATED)
    Info (332115): ===================================================================
Info (332115): Path #18: Setup slack is -44.574 (VIOLATED)
    Info (332115): ===================================================================
    Info (332115): From Node    : alwaysud:alwaysud|alwaysud_solver:solver|sol[15][4]
    Info (332115): To Node      : alwaysud:alwaysud|alwaysud_solver:solver|used[13][7]
    Info (332115): Launch Clock : clk
    Info (332115): Latch Clock  : clk
    Info (332115): Data Arrival Path:
    Info (332115): Total (ns)  Incr (ns)     Type  Element
    Info (332115): ==========  ========= ==  ====  ===================================
    Info (332115):      0.000      0.000           launch edge time
    Info (332115):      0.000      0.000           source latency
    Info (332115):      0.000      0.000           clk
    Info (332115):      0.000      0.000 RR    IC  clk~input|i
    Info (332115):      0.708      0.708 RR  CELL  clk~input|o
    Info (332115):      1.602      0.894 RR    IC  clk~inputclkctrl|inclk[0]
    Info (332115):      1.602      0.000 RR  CELL  clk~inputclkctrl|outclk
    Info (332115):      3.114      1.512 RR    IC  alwaysud|solver|sol[15][4]|clk
    Info (332115):      3.624      0.510 RR  CELL  alwaysud:alwaysud|alwaysud_solver:solver|sol[15][4]
    Info (332115):      3.831      0.207     uTco  alwaysud:alwaysud|alwaysud_solver:solver|sol[15][4]
    Info (332115):      3.831      0.000 FF  CELL  alwaysud|solver|sol[15][4]|q
    Info (332115):      4.702      0.871 FF    IC  alwaysud|solver|Equal15~1|dataa
    Info (332115):      5.104      0.402 FR  CELL  alwaysud|solver|Equal15~1|combout
    Info (332115):      7.619      2.515 RR    IC  alwaysud|solver|Equal15~3|datac
    Info (332115):      7.924      0.305 RR  CELL  alwaysud|solver|Equal15~3|combout
    Info (332115):      9.331      1.407 RR    IC  alwaysud|solver|availc[15][0]~27|dataa
    Info (332115):      9.753      0.422 RR  CELL  alwaysud|solver|availc[15][0]~27|combout
    Info (332115):     11.083      1.330 RR    IC  alwaysud|solver|unit_avail[1][0]~185|datac
    Info (332115):     11.388      0.305 RR  CELL  alwaysud|solver|unit_avail[1][0]~185|combout
    Info (332115):     11.588      0.200 RR    IC  alwaysud|solver|unit_avail[1][0]~190|datac
    Info (332115):     11.893      0.305 RR  CELL  alwaysud|solver|unit_avail[1][0]~190|combout
    Info (332115):     12.886      0.993 RR    IC  alwaysud|solver|unit_avail[1][0]~191|datad
    Info (332115):     13.052      0.166 RR  CELL  alwaysud|solver|unit_avail[1][0]~191|combout
    Info (332115):     14.076      1.024 RR    IC  alwaysud|solver|unit_avail[1][0]~201|datac
    Info (332115):     14.381      0.305 RR  CELL  alwaysud|solver|unit_avail[1][0]~201|combout
    Info (332115):     14.586      0.205 RR    IC  alwaysud|solver|unit_avail[1][0]~202|datad
    Info (332115):     14.731      0.145 RF  CELL  alwaysud|solver|unit_avail[1][0]~202|combout
    Info (332115):     14.976      0.245 FF    IC  alwaysud|solver|unit_avail[1][0]~1433|datad
    Info (332115):     15.107      0.131 FF  CELL  alwaysud|solver|unit_avail[1][0]~1433|combout
    Info (332115):     15.525      0.418 FF    IC  alwaysud|solver|i9[5]~3|datad
    Info (332115):     15.686      0.161 FR  CELL  alwaysud|solver|i9[5]~3|combout
    Info (332115):     16.337      0.651 RR    IC  alwaysud|solver|i9[5]~4|datac
    Info (332115):     16.641      0.304 RR  CELL  alwaysud|solver|i9[5]~4|combout
    Info (332115):     16.844      0.203 RR    IC  alwaysud|solver|i9[5]~5|datad
    Info (332115):     17.010      0.166 RR  CELL  alwaysud|solver|i9[5]~5|combout
    Info (332115):     17.752      0.742 RR    IC  alwaysud|solver|Equal125~2|datad
    Info (332115):     17.918      0.166 RR  CELL  alwaysud|solver|Equal125~2|combout
    Info (332115):     18.123      0.205 RR    IC  alwaysud|solver|Equal125~3|datad
    Info (332115):     18.289      0.166 RR  CELL  alwaysud|solver|Equal125~3|combout
    Info (332115):     18.494      0.205 RR    IC  alwaysud|solver|Equal125~4|datad
    Info (332115):     18.660      0.166 RR  CELL  alwaysud|solver|Equal125~4|combout
    Info (332115):     18.905      0.245 RR    IC  alwaysud|solver|hitv~3|datad
    Info (332115):     19.071      0.166 RR  CELL  alwaysud|solver|hitv~3|combout
    Info (332115):     19.722      0.651 RR    IC  alwaysud|solver|hitb[4]~7|datac
    Info (332115):     20.002      0.280 RF  CELL  alwaysud|solver|hitb[4]~7|combout
    Info (332115):     20.287      0.285 FF    IC  alwaysud|solver|hitb[8]~8|datad
    Info (332115):     20.418      0.131 FF  CELL  alwaysud|solver|hitb[8]~8|combout
    Info (332115):     21.181      0.763 FF    IC  alwaysud|solver|always2~4|datad
    Info (332115):     21.342      0.161 FR  CELL  alwaysud|solver|always2~4|combout
    Info (332115):     21.545      0.203 RR    IC  alwaysud|solver|always2~5|datad
    Info (332115):     21.711      0.166 RR  CELL  alwaysud|solver|always2~5|combout
    Info (332115):     22.426      0.715 RR    IC  alwaysud|solver|always2~22|datad
    Info (332115):     22.592      0.166 RR  CELL  alwaysud|solver|always2~22|combout
    Info (332115):     24.052      1.460 RR    IC  alwaysud|solver|fh[72][0]~122|datac
    Info (332115):     24.357      0.305 RR  CELL  alwaysud|solver|fh[72][0]~122|combout
    Info (332115):     25.205      0.848 RR    IC  alwaysud|solver|fh[72][5]~134|datac
    Info (332115):     25.489      0.284 RF  CELL  alwaysud|solver|fh[72][5]~134|combout
    Info (332115):     25.766      0.277 FF    IC  alwaysud|solver|WideOr72~14|datac
    Info (332115):     26.047      0.281 FR  CELL  alwaysud|solver|WideOr72~14|combout
    Info (332115):     26.784      0.737 RR    IC  alwaysud|solver|WideOr72~16|datac
    Info (332115):     27.088      0.304 RR  CELL  alwaysud|solver|WideOr72~16|combout
    Info (332115):     27.290      0.202 RR    IC  alwaysud|solver|WideOr72~17|datac
    Info (332115):     27.594      0.304 RR  CELL  alwaysud|solver|WideOr72~17|combout
    Info (332115):     28.290      0.696 RR    IC  alwaysud|solver|cand_v[67]~4|datac
    Info (332115):     28.570      0.280 RF  CELL  alwaysud|solver|cand_v[67]~4|combout
    Info (332115):     29.444      0.874 FF    IC  alwaysud|solver|cand_v[45]~41|dataa
    Info (332115):     29.803      0.359 FF  CELL  alwaysud|solver|cand_v[45]~41|combout
    Info (332115):     30.062      0.259 FF    IC  alwaysud|solver|cand_v[2]~42|datad
    Info (332115):     30.193      0.131 FF  CELL  alwaysud|solver|cand_v[2]~42|combout
    Info (332115):     31.206      1.013 FF    IC  alwaysud|solver|cand_v[10]~77|datab
    Info (332115):     31.560      0.354 FF  CELL  alwaysud|solver|cand_v[10]~77|combout
    Info (332115):     31.827      0.267 FF    IC  alwaysud|solver|cand_v[10]~109|datad
    Info (332115):     31.958      0.131 FF  CELL  alwaysud|solver|cand_v[10]~109|combout
    Info (332115):     32.202      0.244 FF    IC  alwaysud|solver|cand_v[10]~120|datad
    Info (332115):     32.333      0.131 FF  CELL  alwaysud|solver|cand_v[10]~120|combout
    Info (332115):     33.095      0.762 FF    IC  alwaysud|solver|selv[14]~9|datad
    Info (332115):     33.256      0.161 FR  CELL  alwaysud|solver|selv[14]~9|combout
    Info (332115):     34.231      0.975 RR    IC  alwaysud|solver|WideOr85|datad
    Info (332115):     34.376      0.145 RF  CELL  alwaysud|solver|WideOr85|combout
    Info (332115):     34.732      0.356 FF    IC  alwaysud|solver|iso9~270|datab
    Info (332115):     35.149      0.417 FR  CELL  alwaysud|solver|iso9~270|combout
    Info (332115):     36.169      1.020 RR    IC  alwaysud|solver|iso9~272|datad
    Info (332115):     36.335      0.166 RR  CELL  alwaysud|solver|iso9~272|combout
    Info (332115):     36.805      0.470 RR    IC  alwaysud|solver|iso9~274|datad
    Info (332115):     36.971      0.166 RR  CELL  alwaysud|solver|iso9~274|combout
    Info (332115):     37.450      0.479 RR    IC  alwaysud|solver|selv[79]~87|datac
    Info (332115):     37.755      0.305 RR  CELL  alwaysud|solver|selv[79]~87|combout
    Info (332115):     39.633      1.878 RR    IC  alwaysud|solver| renamed_net_480~77|datac
    Info (332115):     39.938      0.305 RR  CELL  alwaysud|solver| renamed_net_480~77|combout
    Info (332115):     40.141      0.203 RR    IC  alwaysud|solver| renamed_net_480~80|datad
    Info (332115):     40.307      0.166 RR  CELL  alwaysud|solver| renamed_net_480~80|combout
    Info (332115):     41.053      0.746 RR    IC  alwaysud|solver| renamed_net_480~86|datad
    Info (332115):     41.219      0.166 RR  CELL  alwaysud|solver| renamed_net_480~86|combout
    Info (332115):     43.165      1.946 RR    IC  alwaysud|solver| renamed_net_480~122|datab
    Info (332115):     43.588      0.423 RR  CELL  alwaysud|solver| renamed_net_480~122|combout
    Info (332115):     43.792      0.204 RR    IC  alwaysud|solver| renamed_net_480~231|datac
    Info (332115):     44.096      0.304 RR  CELL  alwaysud|solver| renamed_net_480~231|combout
    Info (332115):     44.348      0.252 RR    IC  alwaysud|solver|pick_bit[4]~0|datab
    Info (332115):     44.790      0.442 RF  CELL  alwaysud|solver|pick_bit[4]~0|combout
    Info (332115):     45.126      0.336 FF    IC  alwaysud|solver|pick_bit[6]~1|datab
    Info (332115):     45.530      0.404 FF  CELL  alwaysud|solver|pick_bit[6]~1|combout
    Info (332115):     45.978      0.448 FF    IC  alwaysud|solver|pick_bit[7]~8|datad
    Info (332115):     46.109      0.131 FF  CELL  alwaysud|solver|pick_bit[7]~8|combout
    Info (332115):     48.361      2.252 FF    IC  alwaysud|solver|used~725|datac
    Info (332115):     48.664      0.303 FF  CELL  alwaysud|solver|used~725|combout
    Info (332115):     48.896      0.232 FF    IC  alwaysud|solver|used[13][7]~4|datad
    Info (332115):     49.027      0.131 FF  CELL  alwaysud|solver|used[13][7]~4|combout
    Info (332115):     49.027      0.000 FF    IC  alwaysud|solver|used[13][7]|d
    Info (332115):     49.121      0.094 FF  CELL  alwaysud:alwaysud|alwaysud_solver:solver|used[13][7]
    Info (332115): Data Required Path:
    Info (332115): Total (ns)  Incr (ns)     Type  Element
    Info (332115): ==========  ========= ==  ====  ===================================
    Info (332115):      1.000      1.000           latch edge time
    Info (332115):      1.000      0.000           source latency
    Info (332115):      1.000      0.000           clk
    Info (332115):      1.000      0.000 RR    IC  clk~input|i
    Info (332115):      1.708      0.708 RR  CELL  clk~input|o
    Info (332115):      2.566      0.858 RR    IC  clk~inputclkctrl|inclk[0]
    Info (332115):      2.566      0.000 RR  CELL  clk~inputclkctrl|outclk
    Info (332115):      4.020      1.454 RR    IC  alwaysud|solver|used[13][7]|clk
    Info (332115):      4.495      0.475 RR  CELL  alwaysud:alwaysud|alwaysud_solver:solver|used[13][7]
    Info (332115):      4.554      0.059           clock pessimism removed
    Info (332115):      4.534     -0.020           clock uncertainty
    Info (332115):      4.547      0.013     uTsu  alwaysud:alwaysud|alwaysud_solver:solver|used[13][7]
    Info (332115): Data Arrival Time  :    49.121
    Info (332115): Data Required Time :     4.547
    Info (332115): Slack              :   -44.574 (VIOLATED)
    Info (332115): ===================================================================
Info (332115): Path #19: Setup slack is -44.573 (VIOLATED)
    Info (332115): ===================================================================
    Info (332115): From Node    : alwaysud:alwaysud|alwaysud_solver:solver|sol[48][4]
    Info (332115): To Node      : alwaysud:alwaysud|alwaysud_solver:solver|used[13][7]
    Info (332115): Launch Clock : clk
    Info (332115): Latch Clock  : clk
    Info (332115): Data Arrival Path:
    Info (332115): Total (ns)  Incr (ns)     Type  Element
    Info (332115): ==========  ========= ==  ====  ===================================
    Info (332115):      0.000      0.000           launch edge time
    Info (332115):      0.000      0.000           source latency
    Info (332115):      0.000      0.000           clk
    Info (332115):      0.000      0.000 RR    IC  clk~input|i
    Info (332115):      0.708      0.708 RR  CELL  clk~input|o
    Info (332115):      1.602      0.894 RR    IC  clk~inputclkctrl|inclk[0]
    Info (332115):      1.602      0.000 RR  CELL  clk~inputclkctrl|outclk
    Info (332115):      3.142      1.540 RR    IC  alwaysud|solver|sol[48][4]|clk
    Info (332115):      3.652      0.510 RR  CELL  alwaysud:alwaysud|alwaysud_solver:solver|sol[48][4]
    Info (332115):      3.859      0.207     uTco  alwaysud:alwaysud|alwaysud_solver:solver|sol[48][4]
    Info (332115):      3.859      0.000 FF  CELL  alwaysud|solver|sol[48][4]|q
    Info (332115):      4.241      0.382 FF    IC  alwaysud|solver|Equal48~2|datab
    Info (332115):      4.658      0.417 FR  CELL  alwaysud|solver|Equal48~2|combout
    Info (332115):      7.677      3.019 RR    IC  alwaysud|solver|availc[48][8]~756|datab
    Info (332115):      8.070      0.393 RR  CELL  alwaysud|solver|availc[48][8]~756|combout
    Info (332115):      9.427      1.357 RR    IC  alwaysud|solver|unit_avail[3][8]~1358|datad
    Info (332115):      9.593      0.166 RR  CELL  alwaysud|solver|unit_avail[3][8]~1358|combout
    Info (332115):      9.833      0.240 RR    IC  alwaysud|solver|unit_avail[3][8]~1359|dataa
    Info (332115):     10.255      0.422 RR  CELL  alwaysud|solver|unit_avail[3][8]~1359|combout
    Info (332115):     10.459      0.204 RR    IC  alwaysud|solver|unit_avail[3][8]~1360|datad
    Info (332115):     10.625      0.166 RR  CELL  alwaysud|solver|unit_avail[3][8]~1360|combout
    Info (332115):     10.828      0.203 RR    IC  alwaysud|solver|unit_avail[3][8]~1363|datac
    Info (332115):     11.133      0.305 RR  CELL  alwaysud|solver|unit_avail[3][8]~1363|combout
    Info (332115):     11.337      0.204 RR    IC  alwaysud|solver|unit_avail[3][8]~1364|datad
    Info (332115):     11.503      0.166 RR  CELL  alwaysud|solver|unit_avail[3][8]~1364|combout
    Info (332115):     12.806      1.303 RR    IC  alwaysud|solver|unit_avail[3][8]~1365|datac
    Info (332115):     13.111      0.305 RR  CELL  alwaysud|solver|unit_avail[3][8]~1365|combout
    Info (332115):     13.321      0.210 RR    IC  alwaysud|solver|unit_avail[3][8]~1489|datac
    Info (332115):     13.626      0.305 RR  CELL  alwaysud|solver|unit_avail[3][8]~1489|combout
    Info (332115):     14.277      0.651 RR    IC  alwaysud|solver|hitk~114|datad
    Info (332115):     14.443      0.166 RR  CELL  alwaysud|solver|hitk~114|combout
    Info (332115):     15.064      0.621 RR    IC  alwaysud|solver|iso9~88|datac
    Info (332115):     15.348      0.284 RF  CELL  alwaysud|solver|iso9~88|combout
    Info (332115):     15.762      0.414 FF    IC  alwaysud|solver|Equal109~3|datac
    Info (332115):     16.065      0.303 FF  CELL  alwaysud|solver|Equal109~3|combout
    Info (332115):     16.307      0.242 FF    IC  alwaysud|solver|Equal109~5|datac
    Info (332115):     16.610      0.303 FF  CELL  alwaysud|solver|Equal109~5|combout
    Info (332115):     17.477      0.867 FF    IC  alwaysud|solver|hitk~65|datab
    Info (332115):     17.847      0.370 FF  CELL  alwaysud|solver|hitk~65|combout
    Info (332115):     18.147      0.300 FF    IC  alwaysud|solver|hitk~67|datab
    Info (332115):     18.571      0.424 FF  CELL  alwaysud|solver|hitk~67|combout
    Info (332115):     18.812      0.241 FF    IC  alwaysud|solver|hitk~68|datac
    Info (332115):     19.110      0.298 FF  CELL  alwaysud|solver|hitk~68|combout
    Info (332115):     19.398      0.288 FF    IC  alwaysud|solver|hitk~69|dataa
    Info (332115):     19.803      0.405 FF  CELL  alwaysud|solver|hitk~69|combout
    Info (332115):     20.037      0.234 FF    IC  alwaysud|solver|hitk~71|datad
    Info (332115):     20.168      0.131 FF  CELL  alwaysud|solver|hitk~71|combout
    Info (332115):     20.402      0.234 FF    IC  alwaysud|solver|hitk~72|datad
    Info (332115):     20.533      0.131 FF  CELL  alwaysud|solver|hitk~72|combout
    Info (332115):     20.772      0.239 FF    IC  alwaysud|solver|hitk[2]~73|datad
    Info (332115):     20.903      0.131 FF  CELL  alwaysud|solver|hitk[2]~73|combout
    Info (332115):     21.960      1.057 FF    IC  alwaysud|solver|always2~19|dataa
    Info (332115):     22.335      0.375 FR  CELL  alwaysud|solver|always2~19|combout
    Info (332115):     24.254      1.919 RR    IC  alwaysud|solver|WideOr10~4|datad
    Info (332115):     24.420      0.166 RR  CELL  alwaysud|solver|WideOr10~4|combout
    Info (332115):     24.673      0.253 RR    IC  alwaysud|solver|WideOr28~6|datab
    Info (332115):     25.096      0.423 RR  CELL  alwaysud|solver|WideOr28~6|combout
    Info (332115):     26.388      1.292 RR    IC  alwaysud|solver|WideOr28~7|datac
    Info (332115):     26.692      0.304 RR  CELL  alwaysud|solver|WideOr28~7|combout
    Info (332115):     26.920      0.228 RR    IC  alwaysud|solver|WideOr55~3|datad
    Info (332115):     27.086      0.166 RR  CELL  alwaysud|solver|WideOr55~3|combout
    Info (332115):     27.744      0.658 RR    IC  alwaysud|solver|cand_v[56]~18|datab
    Info (332115):     28.117      0.373 RF  CELL  alwaysud|solver|cand_v[56]~18|combout
    Info (332115):     28.356      0.239 FF    IC  alwaysud|solver|cand_v[56]~19|datad
    Info (332115):     28.487      0.131 FF  CELL  alwaysud|solver|cand_v[56]~19|combout
    Info (332115):     29.293      0.806 FF    IC  alwaysud|solver|cand_v[46]~22|datac
    Info (332115):     29.596      0.303 FF  CELL  alwaysud|solver|cand_v[46]~22|combout
    Info (332115):     29.867      0.271 FF    IC  alwaysud|solver|cand_v[2]~42|datac
    Info (332115):     30.170      0.303 FF  CELL  alwaysud|solver|cand_v[2]~42|combout
    Info (332115):     31.183      1.013 FF    IC  alwaysud|solver|cand_v[10]~77|datab
    Info (332115):     31.537      0.354 FF  CELL  alwaysud|solver|cand_v[10]~77|combout
    Info (332115):     31.804      0.267 FF    IC  alwaysud|solver|cand_v[10]~109|datad
    Info (332115):     31.935      0.131 FF  CELL  alwaysud|solver|cand_v[10]~109|combout
    Info (332115):     32.179      0.244 FF    IC  alwaysud|solver|cand_v[10]~120|datad
    Info (332115):     32.310      0.131 FF  CELL  alwaysud|solver|cand_v[10]~120|combout
    Info (332115):     33.072      0.762 FF    IC  alwaysud|solver|selv[14]~9|datad
    Info (332115):     33.233      0.161 FR  CELL  alwaysud|solver|selv[14]~9|combout
    Info (332115):     34.208      0.975 RR    IC  alwaysud|solver|WideOr85|datad
    Info (332115):     34.353      0.145 RF  CELL  alwaysud|solver|WideOr85|combout
    Info (332115):     34.709      0.356 FF    IC  alwaysud|solver|iso9~270|datab
    Info (332115):     35.126      0.417 FR  CELL  alwaysud|solver|iso9~270|combout
    Info (332115):     36.146      1.020 RR    IC  alwaysud|solver|iso9~272|datad
    Info (332115):     36.312      0.166 RR  CELL  alwaysud|solver|iso9~272|combout
    Info (332115):     36.782      0.470 RR    IC  alwaysud|solver|iso9~274|datad
    Info (332115):     36.948      0.166 RR  CELL  alwaysud|solver|iso9~274|combout
    Info (332115):     37.427      0.479 RR    IC  alwaysud|solver|selv[79]~87|datac
    Info (332115):     37.732      0.305 RR  CELL  alwaysud|solver|selv[79]~87|combout
    Info (332115):     39.610      1.878 RR    IC  alwaysud|solver| renamed_net_480~77|datac
    Info (332115):     39.915      0.305 RR  CELL  alwaysud|solver| renamed_net_480~77|combout
    Info (332115):     40.118      0.203 RR    IC  alwaysud|solver| renamed_net_480~80|datad
    Info (332115):     40.284      0.166 RR  CELL  alwaysud|solver| renamed_net_480~80|combout
    Info (332115):     41.030      0.746 RR    IC  alwaysud|solver| renamed_net_480~86|datad
    Info (332115):     41.196      0.166 RR  CELL  alwaysud|solver| renamed_net_480~86|combout
    Info (332115):     43.142      1.946 RR    IC  alwaysud|solver| renamed_net_480~122|datab
    Info (332115):     43.565      0.423 RR  CELL  alwaysud|solver| renamed_net_480~122|combout
    Info (332115):     43.769      0.204 RR    IC  alwaysud|solver| renamed_net_480~231|datac
    Info (332115):     44.073      0.304 RR  CELL  alwaysud|solver| renamed_net_480~231|combout
    Info (332115):     44.325      0.252 RR    IC  alwaysud|solver|pick_bit[4]~0|datab
    Info (332115):     44.767      0.442 RF  CELL  alwaysud|solver|pick_bit[4]~0|combout
    Info (332115):     45.103      0.336 FF    IC  alwaysud|solver|pick_bit[6]~1|datab
    Info (332115):     45.507      0.404 FF  CELL  alwaysud|solver|pick_bit[6]~1|combout
    Info (332115):     45.955      0.448 FF    IC  alwaysud|solver|pick_bit[7]~8|datad
    Info (332115):     46.086      0.131 FF  CELL  alwaysud|solver|pick_bit[7]~8|combout
    Info (332115):     48.338      2.252 FF    IC  alwaysud|solver|used~725|datac
    Info (332115):     48.641      0.303 FF  CELL  alwaysud|solver|used~725|combout
    Info (332115):     48.873      0.232 FF    IC  alwaysud|solver|used[13][7]~4|datad
    Info (332115):     49.004      0.131 FF  CELL  alwaysud|solver|used[13][7]~4|combout
    Info (332115):     49.004      0.000 FF    IC  alwaysud|solver|used[13][7]|d
    Info (332115):     49.098      0.094 FF  CELL  alwaysud:alwaysud|alwaysud_solver:solver|used[13][7]
    Info (332115): Data Required Path:
    Info (332115): Total (ns)  Incr (ns)     Type  Element
    Info (332115): ==========  ========= ==  ====  ===================================
    Info (332115):      1.000      1.000           latch edge time
    Info (332115):      1.000      0.000           source latency
    Info (332115):      1.000      0.000           clk
    Info (332115):      1.000      0.000 RR    IC  clk~input|i
    Info (332115):      1.708      0.708 RR  CELL  clk~input|o
    Info (332115):      2.566      0.858 RR    IC  clk~inputclkctrl|inclk[0]
    Info (332115):      2.566      0.000 RR  CELL  clk~inputclkctrl|outclk
    Info (332115):      4.020      1.454 RR    IC  alwaysud|solver|used[13][7]|clk
    Info (332115):      4.495      0.475 RR  CELL  alwaysud:alwaysud|alwaysud_solver:solver|used[13][7]
    Info (332115):      4.532      0.037           clock pessimism removed
    Info (332115):      4.512     -0.020           clock uncertainty
    Info (332115):      4.525      0.013     uTsu  alwaysud:alwaysud|alwaysud_solver:solver|used[13][7]
    Info (332115): Data Arrival Time  :    49.098
    Info (332115): Data Required Time :     4.525
    Info (332115): Slack              :   -44.573 (VIOLATED)
    Info (332115): ===================================================================
Info (332115): Path #20: Setup slack is -44.567 (VIOLATED)
    Info (332115): ===================================================================
    Info (332115): From Node    : alwaysud:alwaysud|alwaysud_solver:solver|sol[48][6]
    Info (332115): To Node      : alwaysud:alwaysud|alwaysud_solver:solver|used[13][7]
    Info (332115): Launch Clock : clk
    Info (332115): Latch Clock  : clk
    Info (332115): Data Arrival Path:
    Info (332115): Total (ns)  Incr (ns)     Type  Element
    Info (332115): ==========  ========= ==  ====  ===================================
    Info (332115):      0.000      0.000           launch edge time
    Info (332115):      0.000      0.000           source latency
    Info (332115):      0.000      0.000           clk
    Info (332115):      0.000      0.000 RR    IC  clk~input|i
    Info (332115):      0.708      0.708 RR  CELL  clk~input|o
    Info (332115):      1.602      0.894 RR    IC  clk~inputclkctrl|inclk[0]
    Info (332115):      1.602      0.000 RR  CELL  clk~inputclkctrl|outclk
    Info (332115):      3.142      1.540 RR    IC  alwaysud|solver|sol[48][6]|clk
    Info (332115):      3.652      0.510 RR  CELL  alwaysud:alwaysud|alwaysud_solver:solver|sol[48][6]
    Info (332115):      3.859      0.207     uTco  alwaysud:alwaysud|alwaysud_solver:solver|sol[48][6]
    Info (332115):      3.859      0.000 FF  CELL  alwaysud|solver|sol[48][6]|q
    Info (332115):      4.250      0.391 FF    IC  alwaysud|solver|Equal48~2|dataa
    Info (332115):      4.652      0.402 FR  CELL  alwaysud|solver|Equal48~2|combout
    Info (332115):      7.671      3.019 RR    IC  alwaysud|solver|availc[48][8]~756|datab
    Info (332115):      8.064      0.393 RR  CELL  alwaysud|solver|availc[48][8]~756|combout
    Info (332115):      9.421      1.357 RR    IC  alwaysud|solver|unit_avail[3][8]~1358|datad
    Info (332115):      9.587      0.166 RR  CELL  alwaysud|solver|unit_avail[3][8]~1358|combout
    Info (332115):      9.827      0.240 RR    IC  alwaysud|solver|unit_avail[3][8]~1359|dataa
    Info (332115):     10.249      0.422 RR  CELL  alwaysud|solver|unit_avail[3][8]~1359|combout
    Info (332115):     10.453      0.204 RR    IC  alwaysud|solver|unit_avail[3][8]~1360|datad
    Info (332115):     10.619      0.166 RR  CELL  alwaysud|solver|unit_avail[3][8]~1360|combout
    Info (332115):     10.822      0.203 RR    IC  alwaysud|solver|unit_avail[3][8]~1363|datac
    Info (332115):     11.127      0.305 RR  CELL  alwaysud|solver|unit_avail[3][8]~1363|combout
    Info (332115):     11.331      0.204 RR    IC  alwaysud|solver|unit_avail[3][8]~1364|datad
    Info (332115):     11.497      0.166 RR  CELL  alwaysud|solver|unit_avail[3][8]~1364|combout
    Info (332115):     12.800      1.303 RR    IC  alwaysud|solver|unit_avail[3][8]~1365|datac
    Info (332115):     13.105      0.305 RR  CELL  alwaysud|solver|unit_avail[3][8]~1365|combout
    Info (332115):     13.315      0.210 RR    IC  alwaysud|solver|unit_avail[3][8]~1489|datac
    Info (332115):     13.620      0.305 RR  CELL  alwaysud|solver|unit_avail[3][8]~1489|combout
    Info (332115):     14.271      0.651 RR    IC  alwaysud|solver|hitk~114|datad
    Info (332115):     14.437      0.166 RR  CELL  alwaysud|solver|hitk~114|combout
    Info (332115):     15.058      0.621 RR    IC  alwaysud|solver|iso9~88|datac
    Info (332115):     15.342      0.284 RF  CELL  alwaysud|solver|iso9~88|combout
    Info (332115):     15.756      0.414 FF    IC  alwaysud|solver|Equal109~3|datac
    Info (332115):     16.059      0.303 FF  CELL  alwaysud|solver|Equal109~3|combout
    Info (332115):     16.301      0.242 FF    IC  alwaysud|solver|Equal109~5|datac
    Info (332115):     16.604      0.303 FF  CELL  alwaysud|solver|Equal109~5|combout
    Info (332115):     17.471      0.867 FF    IC  alwaysud|solver|hitk~65|datab
    Info (332115):     17.841      0.370 FF  CELL  alwaysud|solver|hitk~65|combout
    Info (332115):     18.141      0.300 FF    IC  alwaysud|solver|hitk~67|datab
    Info (332115):     18.565      0.424 FF  CELL  alwaysud|solver|hitk~67|combout
    Info (332115):     18.806      0.241 FF    IC  alwaysud|solver|hitk~68|datac
    Info (332115):     19.104      0.298 FF  CELL  alwaysud|solver|hitk~68|combout
    Info (332115):     19.392      0.288 FF    IC  alwaysud|solver|hitk~69|dataa
    Info (332115):     19.797      0.405 FF  CELL  alwaysud|solver|hitk~69|combout
    Info (332115):     20.031      0.234 FF    IC  alwaysud|solver|hitk~71|datad
    Info (332115):     20.162      0.131 FF  CELL  alwaysud|solver|hitk~71|combout
    Info (332115):     20.396      0.234 FF    IC  alwaysud|solver|hitk~72|datad
    Info (332115):     20.527      0.131 FF  CELL  alwaysud|solver|hitk~72|combout
    Info (332115):     20.766      0.239 FF    IC  alwaysud|solver|hitk[2]~73|datad
    Info (332115):     20.897      0.131 FF  CELL  alwaysud|solver|hitk[2]~73|combout
    Info (332115):     21.954      1.057 FF    IC  alwaysud|solver|always2~19|dataa
    Info (332115):     22.329      0.375 FR  CELL  alwaysud|solver|always2~19|combout
    Info (332115):     24.248      1.919 RR    IC  alwaysud|solver|WideOr10~4|datad
    Info (332115):     24.414      0.166 RR  CELL  alwaysud|solver|WideOr10~4|combout
    Info (332115):     24.667      0.253 RR    IC  alwaysud|solver|WideOr28~6|datab
    Info (332115):     25.090      0.423 RR  CELL  alwaysud|solver|WideOr28~6|combout
    Info (332115):     26.382      1.292 RR    IC  alwaysud|solver|WideOr28~7|datac
    Info (332115):     26.686      0.304 RR  CELL  alwaysud|solver|WideOr28~7|combout
    Info (332115):     26.914      0.228 RR    IC  alwaysud|solver|WideOr55~3|datad
    Info (332115):     27.080      0.166 RR  CELL  alwaysud|solver|WideOr55~3|combout
    Info (332115):     27.738      0.658 RR    IC  alwaysud|solver|cand_v[56]~18|datab
    Info (332115):     28.111      0.373 RF  CELL  alwaysud|solver|cand_v[56]~18|combout
    Info (332115):     28.350      0.239 FF    IC  alwaysud|solver|cand_v[56]~19|datad
    Info (332115):     28.481      0.131 FF  CELL  alwaysud|solver|cand_v[56]~19|combout
    Info (332115):     29.287      0.806 FF    IC  alwaysud|solver|cand_v[46]~22|datac
    Info (332115):     29.590      0.303 FF  CELL  alwaysud|solver|cand_v[46]~22|combout
    Info (332115):     29.861      0.271 FF    IC  alwaysud|solver|cand_v[2]~42|datac
    Info (332115):     30.164      0.303 FF  CELL  alwaysud|solver|cand_v[2]~42|combout
    Info (332115):     31.177      1.013 FF    IC  alwaysud|solver|cand_v[10]~77|datab
    Info (332115):     31.531      0.354 FF  CELL  alwaysud|solver|cand_v[10]~77|combout
    Info (332115):     31.798      0.267 FF    IC  alwaysud|solver|cand_v[10]~109|datad
    Info (332115):     31.929      0.131 FF  CELL  alwaysud|solver|cand_v[10]~109|combout
    Info (332115):     32.173      0.244 FF    IC  alwaysud|solver|cand_v[10]~120|datad
    Info (332115):     32.304      0.131 FF  CELL  alwaysud|solver|cand_v[10]~120|combout
    Info (332115):     33.066      0.762 FF    IC  alwaysud|solver|selv[14]~9|datad
    Info (332115):     33.227      0.161 FR  CELL  alwaysud|solver|selv[14]~9|combout
    Info (332115):     34.202      0.975 RR    IC  alwaysud|solver|WideOr85|datad
    Info (332115):     34.347      0.145 RF  CELL  alwaysud|solver|WideOr85|combout
    Info (332115):     34.703      0.356 FF    IC  alwaysud|solver|iso9~270|datab
    Info (332115):     35.120      0.417 FR  CELL  alwaysud|solver|iso9~270|combout
    Info (332115):     36.140      1.020 RR    IC  alwaysud|solver|iso9~272|datad
    Info (332115):     36.306      0.166 RR  CELL  alwaysud|solver|iso9~272|combout
    Info (332115):     36.776      0.470 RR    IC  alwaysud|solver|iso9~274|datad
    Info (332115):     36.942      0.166 RR  CELL  alwaysud|solver|iso9~274|combout
    Info (332115):     37.421      0.479 RR    IC  alwaysud|solver|selv[79]~87|datac
    Info (332115):     37.726      0.305 RR  CELL  alwaysud|solver|selv[79]~87|combout
    Info (332115):     39.604      1.878 RR    IC  alwaysud|solver| renamed_net_480~77|datac
    Info (332115):     39.909      0.305 RR  CELL  alwaysud|solver| renamed_net_480~77|combout
    Info (332115):     40.112      0.203 RR    IC  alwaysud|solver| renamed_net_480~80|datad
    Info (332115):     40.278      0.166 RR  CELL  alwaysud|solver| renamed_net_480~80|combout
    Info (332115):     41.024      0.746 RR    IC  alwaysud|solver| renamed_net_480~86|datad
    Info (332115):     41.190      0.166 RR  CELL  alwaysud|solver| renamed_net_480~86|combout
    Info (332115):     43.136      1.946 RR    IC  alwaysud|solver| renamed_net_480~122|datab
    Info (332115):     43.559      0.423 RR  CELL  alwaysud|solver| renamed_net_480~122|combout
    Info (332115):     43.763      0.204 RR    IC  alwaysud|solver| renamed_net_480~231|datac
    Info (332115):     44.067      0.304 RR  CELL  alwaysud|solver| renamed_net_480~231|combout
    Info (332115):     44.319      0.252 RR    IC  alwaysud|solver|pick_bit[4]~0|datab
    Info (332115):     44.761      0.442 RF  CELL  alwaysud|solver|pick_bit[4]~0|combout
    Info (332115):     45.097      0.336 FF    IC  alwaysud|solver|pick_bit[6]~1|datab
    Info (332115):     45.501      0.404 FF  CELL  alwaysud|solver|pick_bit[6]~1|combout
    Info (332115):     45.949      0.448 FF    IC  alwaysud|solver|pick_bit[7]~8|datad
    Info (332115):     46.080      0.131 FF  CELL  alwaysud|solver|pick_bit[7]~8|combout
    Info (332115):     48.332      2.252 FF    IC  alwaysud|solver|used~725|datac
    Info (332115):     48.635      0.303 FF  CELL  alwaysud|solver|used~725|combout
    Info (332115):     48.867      0.232 FF    IC  alwaysud|solver|used[13][7]~4|datad
    Info (332115):     48.998      0.131 FF  CELL  alwaysud|solver|used[13][7]~4|combout
    Info (332115):     48.998      0.000 FF    IC  alwaysud|solver|used[13][7]|d
    Info (332115):     49.092      0.094 FF  CELL  alwaysud:alwaysud|alwaysud_solver:solver|used[13][7]
    Info (332115): Data Required Path:
    Info (332115): Total (ns)  Incr (ns)     Type  Element
    Info (332115): ==========  ========= ==  ====  ===================================
    Info (332115):      1.000      1.000           latch edge time
    Info (332115):      1.000      0.000           source latency
    Info (332115):      1.000      0.000           clk
    Info (332115):      1.000      0.000 RR    IC  clk~input|i
    Info (332115):      1.708      0.708 RR  CELL  clk~input|o
    Info (332115):      2.566      0.858 RR    IC  clk~inputclkctrl|inclk[0]
    Info (332115):      2.566      0.000 RR  CELL  clk~inputclkctrl|outclk
    Info (332115):      4.020      1.454 RR    IC  alwaysud|solver|used[13][7]|clk
    Info (332115):      4.495      0.475 RR  CELL  alwaysud:alwaysud|alwaysud_solver:solver|used[13][7]
    Info (332115):      4.532      0.037           clock pessimism removed
    Info (332115):      4.512     -0.020           clock uncertainty
    Info (332115):      4.525      0.013     uTsu  alwaysud:alwaysud|alwaysud_solver:solver|used[13][7]
    Info (332115): Data Arrival Time  :    49.092
    Info (332115): Data Required Time :     4.525
    Info (332115): Slack              :   -44.567 (VIOLATED)
    Info (332115): ===================================================================
Info (23030): Evaluation of Tcl script /data/project/tsmc65/shared/qsyn/util/report_worst.tcl was successful
Info: Quartus Prime Timing Analyzer was successful. 0 errors, 1 warning
    Info: Peak virtual memory: 831 megabytes
    Info: Processing ended: Sun Sep  6 00:54:28 2026
    Info: Elapsed time: 00:00:03
    Info: Total CPU time (on all processors): 00:00:01
