Info: *******************************************************************
Info: Running Quartus Prime Timing Analyzer
    Info: Version 24.1std.0 Build 1077 03/04/2025 SC Lite Edition
    Info: Copyright (C) 2025  Altera Corporation. All rights reserved.
    Info: Your use of Altera Corporation's design tools, logic functions 
    Info: and other software and tools, and any partner logic 
    Info: functions, and any output files from any of the foregoing 
    Info: (including device programming or simulation files), and any 
    Info: associated documentation or information are expressly subject 
    Info: to the terms and conditions of the Altera Program License 
    Info: Subscription Agreement, the Altera Quartus Prime License Agreement,
    Info: the Altera IP License Agreement, or other applicable license
    Info: agreement, including, without limitation, that your use is for
    Info: the sole purpose of programming logic devices manufactured by
    Info: Altera and sold by Altera or its authorized distributors.  Please
    Info: refer to the Altera Software License Subscription Agreements 
    Info: on the Quartus Prime software download page.
    Info: Processing started: Fri Sep  4 16:57:35 2026
Info: Command: quartus_sta -t /data/project/tsmc65/shared/qsyn/util/report_worst.tcl alwaysud
Info: Quartus(args): alwaysud
Info (21076): High junction temperature operating condition is not set. Assuming a default value of '85'.
Info (21076): Low junction temperature operating condition is not set. Assuming a default value of '0'.
Critical Warning (332012): Synopsys Design Constraints File file not found: '/data/project/tsmc65/shared/qsyn/basic.sdc'. A Synopsys Design Constraints File is required by the Timing Analyzer to get proper timing constraints. Without it, the Compiler will not properly optimize the design.
Info (332142): No user constrained base clocks found in the design. Calling "derive_clocks -period 1.0"
Info (332105): Deriving Clocks
    Info (332105): create_clock -period 1.000 -name clk clk
Info (332143): No user constrained clock uncertainty found in the design. Calling "derive_clock_uncertainty"
Info (332123): Deriving Clock Uncertainty. Please refer to report_sdc in the Timing Analyzer to see clock uncertainties.
Info (332115): Report Timing: Found 20 setup paths (20 violated).  Worst case slack is -20.006
    Info (332115): -setup
    Info (332115): -npaths 20
    Info (332115): -detail full_path
    Info (332115): -stdout
Info (332115): Path #1: Setup slack is -20.006 (VIOLATED)
    Info (332115): ===================================================================
    Info (332115): From Node    : alwaysud:alwaysud|alwaysud_solver:solver|sol[0][2]
    Info (332115): To Node      : alwaysud:alwaysud|alwaysud_solver:solver|sol[3][8]
    Info (332115): Launch Clock : clk
    Info (332115): Latch Clock  : clk
    Info (332115): Data Arrival Path:
    Info (332115): Total (ns)  Incr (ns)     Type  Element
    Info (332115): ==========  ========= ==  ====  ===================================
    Info (332115):      0.000      0.000           launch edge time
    Info (332115):      0.000      0.000           source latency
    Info (332115):      0.000      0.000           clk
    Info (332115):      0.000      0.000 RR    IC  clk~input|i
    Info (332115):      0.769      0.769 RR  CELL  clk~input|o
    Info (332115):      1.663      0.894 RR    IC  clk~inputclkctrl|inclk[0]
    Info (332115):      1.663      0.000 RR  CELL  clk~inputclkctrl|outclk
    Info (332115):      3.165      1.502 RR    IC  alwaysud|solver|sol[0][2]|clk
    Info (332115):      3.675      0.510 RR  CELL  alwaysud:alwaysud|alwaysud_solver:solver|sol[0][2]
    Info (332115):      3.882      0.207     uTco  alwaysud:alwaysud|alwaysud_solver:solver|sol[0][2]
    Info (332115):      3.882      0.000 FF  CELL  alwaysud|solver|sol[0][2]|q
    Info (332115):      4.272      0.390 FF    IC  alwaysud|solver|Equal0~4|dataa
    Info (332115):      4.698      0.426 FR  CELL  alwaysud|solver|Equal0~4|combout
    Info (332115):      5.788      1.090 RR    IC  alwaysud|solver|Equal0~5|datac
    Info (332115):      6.093      0.305 RR  CELL  alwaysud|solver|Equal0~5|combout
    Info (332115):      6.360      0.267 RR    IC  alwaysud|solver|WideOr0~2|dataa
    Info (332115):      6.779      0.419 RF  CELL  alwaysud|solver|WideOr0~2|combout
    Info (332115):      7.593      0.814 FF    IC  alwaysud|solver|WideOr0~4|dataa
    Info (332115):      7.952      0.359 FF  CELL  alwaysud|solver|WideOr0~4|combout
    Info (332115):      8.460      0.508 FF    IC  alwaysud|solver|r~0|datab
    Info (332115):      8.884      0.424 FF  CELL  alwaysud|solver|r~0|combout
    Info (332115):      9.164      0.280 FF    IC  alwaysud|solver|r~3|datab
    Info (332115):      9.588      0.424 FF  CELL  alwaysud|solver|r~3|combout
    Info (332115):      9.974      0.386 FF    IC  alwaysud|solver|Mux3~13|datab
    Info (332115):     10.419      0.445 FR  CELL  alwaysud|solver|Mux3~13|combout
    Info (332115):     11.075      0.656 RR    IC  alwaysud|solver|Mux3~14|datad
    Info (332115):     11.220      0.145 RF  CELL  alwaysud|solver|Mux3~14|combout
    Info (332115):     11.454      0.234 FF    IC  alwaysud|solver|Mux3~15|datad
    Info (332115):     11.585      0.131 FF  CELL  alwaysud|solver|Mux3~15|combout
    Info (332115):     11.827      0.242 FF    IC  alwaysud|solver|Mux3~20|datac
    Info (332115):     12.130      0.303 FF  CELL  alwaysud|solver|Mux3~20|combout
    Info (332115):     12.411      0.281 FF    IC  alwaysud|solver|Add1~0|datab
    Info (332115):     12.892      0.481 FF  CELL  alwaysud|solver|Add1~0|cout
    Info (332115):     12.892      0.000 FF    IC  alwaysud|solver|Add1~2|cin
    Info (332115):     13.394      0.502 FF  CELL  alwaysud|solver|Add1~2|combout
    Info (332115):     13.668      0.274 FF    IC  alwaysud|solver|first_empty[1]~1|datad
    Info (332115):     13.799      0.131 FF  CELL  alwaysud|solver|first_empty[1]~1|combout
    Info (332115):     15.311      1.512 FF    IC  alwaysud|solver|Mux8~76|datad
    Info (332115):     15.472      0.161 FR  CELL  alwaysud|solver|Mux8~76|combout
    Info (332115):     15.674      0.202 RR    IC  alwaysud|solver|Mux8~77|datad
    Info (332115):     15.840      0.166 RR  CELL  alwaysud|solver|Mux8~77|combout
    Info (332115):     16.569      0.729 RR    IC  alwaysud|solver|Mux8~83|datab
    Info (332115):     16.979      0.410 RR  CELL  alwaysud|solver|Mux8~83|combout
    Info (332115):     17.182      0.203 RR    IC  alwaysud|solver|Mux8~89|datad
    Info (332115):     17.348      0.166 RR  CELL  alwaysud|solver|Mux8~89|combout
    Info (332115):     17.551      0.203 RR    IC  alwaysud|solver|Mux8~90|datac
    Info (332115):     17.856      0.305 RR  CELL  alwaysud|solver|Mux8~90|combout
    Info (332115):     18.576      0.720 RR    IC  alwaysud|solver|Mux8~113|datad
    Info (332115):     18.721      0.145 RF  CELL  alwaysud|solver|Mux8~113|combout
    Info (332115):     18.954      0.233 FF    IC  alwaysud|solver|Mux8~114|datad
    Info (332115):     19.085      0.131 FF  CELL  alwaysud|solver|Mux8~114|combout
    Info (332115):     19.402      0.317 FF    IC  alwaysud|solver|Equal82~0|datab
    Info (332115):     19.806      0.404 FF  CELL  alwaysud|solver|Equal82~0|combout
    Info (332115):     20.278      0.472 FF    IC  alwaysud|solver|used~243|datac
    Info (332115):     20.576      0.298 FF  CELL  alwaysud|solver|used~243|combout
    Info (332115):     22.232      1.656 FF    IC  alwaysud|solver|Decoder1~60|datad
    Info (332115):     22.363      0.131 FF  CELL  alwaysud|solver|Decoder1~60|combout
    Info (332115):     22.681      0.318 FF    IC  alwaysud|solver|sol[3][3]~381|datad
    Info (332115):     22.812      0.131 FF  CELL  alwaysud|solver|sol[3][3]~381|combout
    Info (332115):     23.999      1.187 FF    IC  alwaysud|solver|sol[3][8]|ena
    Info (332115):     24.596      0.597 FF  CELL  alwaysud:alwaysud|alwaysud_solver:solver|sol[3][8]
    Info (332115): Data Required Path:
    Info (332115): Total (ns)  Incr (ns)     Type  Element
    Info (332115): ==========  ========= ==  ====  ===================================
    Info (332115):      1.000      1.000           latch edge time
    Info (332115):      1.000      0.000           source latency
    Info (332115):      1.000      0.000           clk
    Info (332115):      1.000      0.000 RR    IC  clk~input|i
    Info (332115):      1.769      0.769 RR  CELL  clk~input|o
    Info (332115):      2.627      0.858 RR    IC  clk~inputclkctrl|inclk[0]
    Info (332115):      2.627      0.000 RR  CELL  clk~inputclkctrl|outclk
    Info (332115):      4.063      1.436 RR    IC  alwaysud|solver|sol[3][8]|clk
    Info (332115):      4.538      0.475 RR  CELL  alwaysud:alwaysud|alwaysud_solver:solver|sol[3][8]
    Info (332115):      4.597      0.059           clock pessimism removed
    Info (332115):      4.577     -0.020           clock uncertainty
    Info (332115):      4.590      0.013     uTsu  alwaysud:alwaysud|alwaysud_solver:solver|sol[3][8]
    Info (332115): Data Arrival Time  :    24.596
    Info (332115): Data Required Time :     4.590
    Info (332115): Slack              :   -20.006 (VIOLATED)
    Info (332115): ===================================================================
Info (332115): Path #2: Setup slack is -19.938 (VIOLATED)
    Info (332115): ===================================================================
    Info (332115): From Node    : alwaysud:alwaysud|alwaysud_solver:solver|sol[0][2]
    Info (332115): To Node      : alwaysud:alwaysud|alwaysud_solver:solver|sol[8][7]
    Info (332115): Launch Clock : clk
    Info (332115): Latch Clock  : clk
    Info (332115): Data Arrival Path:
    Info (332115): Total (ns)  Incr (ns)     Type  Element
    Info (332115): ==========  ========= ==  ====  ===================================
    Info (332115):      0.000      0.000           launch edge time
    Info (332115):      0.000      0.000           source latency
    Info (332115):      0.000      0.000           clk
    Info (332115):      0.000      0.000 RR    IC  clk~input|i
    Info (332115):      0.769      0.769 RR  CELL  clk~input|o
    Info (332115):      1.663      0.894 RR    IC  clk~inputclkctrl|inclk[0]
    Info (332115):      1.663      0.000 RR  CELL  clk~inputclkctrl|outclk
    Info (332115):      3.165      1.502 RR    IC  alwaysud|solver|sol[0][2]|clk
    Info (332115):      3.675      0.510 RR  CELL  alwaysud:alwaysud|alwaysud_solver:solver|sol[0][2]
    Info (332115):      3.882      0.207     uTco  alwaysud:alwaysud|alwaysud_solver:solver|sol[0][2]
    Info (332115):      3.882      0.000 FF  CELL  alwaysud|solver|sol[0][2]|q
    Info (332115):      4.272      0.390 FF    IC  alwaysud|solver|Equal0~4|dataa
    Info (332115):      4.698      0.426 FR  CELL  alwaysud|solver|Equal0~4|combout
    Info (332115):      5.788      1.090 RR    IC  alwaysud|solver|Equal0~5|datac
    Info (332115):      6.093      0.305 RR  CELL  alwaysud|solver|Equal0~5|combout
    Info (332115):      6.360      0.267 RR    IC  alwaysud|solver|WideOr0~2|dataa
    Info (332115):      6.779      0.419 RF  CELL  alwaysud|solver|WideOr0~2|combout
    Info (332115):      7.593      0.814 FF    IC  alwaysud|solver|WideOr0~4|dataa
    Info (332115):      7.952      0.359 FF  CELL  alwaysud|solver|WideOr0~4|combout
    Info (332115):      8.460      0.508 FF    IC  alwaysud|solver|r~0|datab
    Info (332115):      8.884      0.424 FF  CELL  alwaysud|solver|r~0|combout
    Info (332115):      9.164      0.280 FF    IC  alwaysud|solver|r~3|datab
    Info (332115):      9.588      0.424 FF  CELL  alwaysud|solver|r~3|combout
    Info (332115):      9.974      0.386 FF    IC  alwaysud|solver|Mux3~13|datab
    Info (332115):     10.419      0.445 FR  CELL  alwaysud|solver|Mux3~13|combout
    Info (332115):     11.075      0.656 RR    IC  alwaysud|solver|Mux3~14|datad
    Info (332115):     11.220      0.145 RF  CELL  alwaysud|solver|Mux3~14|combout
    Info (332115):     11.454      0.234 FF    IC  alwaysud|solver|Mux3~15|datad
    Info (332115):     11.585      0.131 FF  CELL  alwaysud|solver|Mux3~15|combout
    Info (332115):     11.827      0.242 FF    IC  alwaysud|solver|Mux3~20|datac
    Info (332115):     12.130      0.303 FF  CELL  alwaysud|solver|Mux3~20|combout
    Info (332115):     12.411      0.281 FF    IC  alwaysud|solver|Add1~0|datab
    Info (332115):     12.892      0.481 FF  CELL  alwaysud|solver|Add1~0|cout
    Info (332115):     12.892      0.000 FF    IC  alwaysud|solver|Add1~2|cin
    Info (332115):     13.394      0.502 FF  CELL  alwaysud|solver|Add1~2|combout
    Info (332115):     13.668      0.274 FF    IC  alwaysud|solver|first_empty[1]~1|datad
    Info (332115):     13.799      0.131 FF  CELL  alwaysud|solver|first_empty[1]~1|combout
    Info (332115):     15.390      1.591 FF    IC  alwaysud|solver|Mux11~49|datad
    Info (332115):     15.551      0.161 FR  CELL  alwaysud|solver|Mux11~49|combout
    Info (332115):     15.755      0.204 RR    IC  alwaysud|solver|Mux11~50|datad
    Info (332115):     15.921      0.166 RR  CELL  alwaysud|solver|Mux11~50|combout
    Info (332115):     16.993      1.072 RR    IC  alwaysud|solver|Mux11~67|datac
    Info (332115):     17.298      0.305 RR  CELL  alwaysud|solver|Mux11~67|combout
    Info (332115):     17.503      0.205 RR    IC  alwaysud|solver|Mux11~90|datad
    Info (332115):     17.669      0.166 RR  CELL  alwaysud|solver|Mux11~90|combout
    Info (332115):     17.874      0.205 RR    IC  alwaysud|solver|Mux11~113|datad
    Info (332115):     18.040      0.166 RR  CELL  alwaysud|solver|Mux11~113|combout
    Info (332115):     18.725      0.685 RR    IC  alwaysud|solver|Mux11~114|datad
    Info (332115):     18.891      0.166 RR  CELL  alwaysud|solver|Mux11~114|combout
    Info (332115):     19.329      0.438 RR    IC  alwaysud|solver|Add2~0|dataa
    Info (332115):     19.835      0.506 RF  CELL  alwaysud|solver|Add2~0|cout
    Info (332115):     19.835      0.000 FF    IC  alwaysud|solver|Add2~2|cin
    Info (332115):     19.894      0.059 FR  CELL  alwaysud|solver|Add2~2|cout
    Info (332115):     19.894      0.000 RR    IC  alwaysud|solver|Add2~4|cin
    Info (332115):     19.953      0.059 RF  CELL  alwaysud|solver|Add2~4|cout
    Info (332115):     19.953      0.000 FF    IC  alwaysud|solver|Add2~6|cin
    Info (332115):     20.012      0.059 FR  CELL  alwaysud|solver|Add2~6|cout
    Info (332115):     20.012      0.000 RR    IC  alwaysud|solver|Add2~8|cin
    Info (332115):     20.071      0.059 RF  CELL  alwaysud|solver|Add2~8|cout
    Info (332115):     20.071      0.000 FF    IC  alwaysud|solver|Add2~10|cin
    Info (332115):     20.130      0.059 FR  CELL  alwaysud|solver|Add2~10|cout
    Info (332115):     20.130      0.000 RR    IC  alwaysud|solver|Add2~12|cin
    Info (332115):     20.767      0.637 RR  CELL  alwaysud|solver|Add2~12|combout
    Info (332115):     22.395      1.628 RR    IC  alwaysud|solver|pick_bit[7]|datad
    Info (332115):     22.561      0.166 RR  CELL  alwaysud|solver|pick_bit[7]|combout
    Info (332115):     24.215      1.654 RR    IC  alwaysud|solver|sol[8][7]~90|datad
    Info (332115):     24.381      0.166 RR  CELL  alwaysud|solver|sol[8][7]~90|combout
    Info (332115):     24.381      0.000 RR    IC  alwaysud|solver|sol[8][7]|d
    Info (332115):     24.470      0.089 RR  CELL  alwaysud:alwaysud|alwaysud_solver:solver|sol[8][7]
    Info (332115): Data Required Path:
    Info (332115): Total (ns)  Incr (ns)     Type  Element
    Info (332115): ==========  ========= ==  ====  ===================================
    Info (332115):      1.000      1.000           latch edge time
    Info (332115):      1.000      0.000           source latency
    Info (332115):      1.000      0.000           clk
    Info (332115):      1.000      0.000 RR    IC  clk~input|i
    Info (332115):      1.769      0.769 RR  CELL  clk~input|o
    Info (332115):      2.627      0.858 RR    IC  clk~inputclkctrl|inclk[0]
    Info (332115):      2.627      0.000 RR  CELL  clk~inputclkctrl|outclk
    Info (332115):      4.005      1.378 RR    IC  alwaysud|solver|sol[8][7]|clk
    Info (332115):      4.480      0.475 RR  CELL  alwaysud:alwaysud|alwaysud_solver:solver|sol[8][7]
    Info (332115):      4.539      0.059           clock pessimism removed
    Info (332115):      4.519     -0.020           clock uncertainty
    Info (332115):      4.532      0.013     uTsu  alwaysud:alwaysud|alwaysud_solver:solver|sol[8][7]
    Info (332115): Data Arrival Time  :    24.470
    Info (332115): Data Required Time :     4.532
    Info (332115): Slack              :   -19.938 (VIOLATED)
    Info (332115): ===================================================================
Info (332115): Path #3: Setup slack is -19.937 (VIOLATED)
    Info (332115): ===================================================================
    Info (332115): From Node    : alwaysud:alwaysud|alwaysud_solver:solver|sol[0][2]
    Info (332115): To Node      : alwaysud:alwaysud|alwaysud_solver:solver|sol[3][8]
    Info (332115): Launch Clock : clk
    Info (332115): Latch Clock  : clk
    Info (332115): Data Arrival Path:
    Info (332115): Total (ns)  Incr (ns)     Type  Element
    Info (332115): ==========  ========= ==  ====  ===================================
    Info (332115):      0.000      0.000           launch edge time
    Info (332115):      0.000      0.000           source latency
    Info (332115):      0.000      0.000           clk
    Info (332115):      0.000      0.000 RR    IC  clk~input|i
    Info (332115):      0.769      0.769 RR  CELL  clk~input|o
    Info (332115):      1.663      0.894 RR    IC  clk~inputclkctrl|inclk[0]
    Info (332115):      1.663      0.000 RR  CELL  clk~inputclkctrl|outclk
    Info (332115):      3.165      1.502 RR    IC  alwaysud|solver|sol[0][2]|clk
    Info (332115):      3.675      0.510 RR  CELL  alwaysud:alwaysud|alwaysud_solver:solver|sol[0][2]
    Info (332115):      3.882      0.207     uTco  alwaysud:alwaysud|alwaysud_solver:solver|sol[0][2]
    Info (332115):      3.882      0.000 FF  CELL  alwaysud|solver|sol[0][2]|q
    Info (332115):      4.272      0.390 FF    IC  alwaysud|solver|Equal0~4|dataa
    Info (332115):      4.698      0.426 FR  CELL  alwaysud|solver|Equal0~4|combout
    Info (332115):      5.788      1.090 RR    IC  alwaysud|solver|Equal0~5|datac
    Info (332115):      6.093      0.305 RR  CELL  alwaysud|solver|Equal0~5|combout
    Info (332115):      6.360      0.267 RR    IC  alwaysud|solver|WideOr0~2|dataa
    Info (332115):      6.779      0.419 RF  CELL  alwaysud|solver|WideOr0~2|combout
    Info (332115):      7.593      0.814 FF    IC  alwaysud|solver|WideOr0~4|dataa
    Info (332115):      7.952      0.359 FF  CELL  alwaysud|solver|WideOr0~4|combout
    Info (332115):      8.460      0.508 FF    IC  alwaysud|solver|r~0|datab
    Info (332115):      8.884      0.424 FF  CELL  alwaysud|solver|r~0|combout
    Info (332115):      9.164      0.280 FF    IC  alwaysud|solver|r~3|datab
    Info (332115):      9.588      0.424 FF  CELL  alwaysud|solver|r~3|combout
    Info (332115):      9.974      0.386 FF    IC  alwaysud|solver|Mux3~13|datab
    Info (332115):     10.419      0.445 FR  CELL  alwaysud|solver|Mux3~13|combout
    Info (332115):     11.075      0.656 RR    IC  alwaysud|solver|Mux3~14|datad
    Info (332115):     11.220      0.145 RF  CELL  alwaysud|solver|Mux3~14|combout
    Info (332115):     11.454      0.234 FF    IC  alwaysud|solver|Mux3~15|datad
    Info (332115):     11.585      0.131 FF  CELL  alwaysud|solver|Mux3~15|combout
    Info (332115):     11.827      0.242 FF    IC  alwaysud|solver|Mux3~20|datac
    Info (332115):     12.130      0.303 FF  CELL  alwaysud|solver|Mux3~20|combout
    Info (332115):     12.411      0.281 FF    IC  alwaysud|solver|Add1~0|datab
    Info (332115):     12.892      0.481 FF  CELL  alwaysud|solver|Add1~0|cout
    Info (332115):     12.892      0.000 FF    IC  alwaysud|solver|Add1~2|cin
    Info (332115):     13.394      0.502 FF  CELL  alwaysud|solver|Add1~2|combout
    Info (332115):     13.668      0.274 FF    IC  alwaysud|solver|first_empty[1]~1|datad
    Info (332115):     13.799      0.131 FF  CELL  alwaysud|solver|first_empty[1]~1|combout
    Info (332115):     15.307      1.508 FF    IC  alwaysud|solver|Mux8~54|datad
    Info (332115):     15.468      0.161 FR  CELL  alwaysud|solver|Mux8~54|combout
    Info (332115):     16.227      0.759 RR    IC  alwaysud|solver|Mux8~55|datad
    Info (332115):     16.372      0.145 RF  CELL  alwaysud|solver|Mux8~55|combout
    Info (332115):     16.651      0.279 FF    IC  alwaysud|solver|Mux8~61|datab
    Info (332115):     17.021      0.370 FF  CELL  alwaysud|solver|Mux8~61|combout
    Info (332115):     17.256      0.235 FF    IC  alwaysud|solver|Mux8~67|datad
    Info (332115):     17.417      0.161 FR  CELL  alwaysud|solver|Mux8~67|combout
    Info (332115):     17.621      0.204 RR    IC  alwaysud|solver|Mux8~90|datad
    Info (332115):     17.787      0.166 RR  CELL  alwaysud|solver|Mux8~90|combout
    Info (332115):     18.507      0.720 RR    IC  alwaysud|solver|Mux8~113|datad
    Info (332115):     18.652      0.145 RF  CELL  alwaysud|solver|Mux8~113|combout
    Info (332115):     18.885      0.233 FF    IC  alwaysud|solver|Mux8~114|datad
    Info (332115):     19.016      0.131 FF  CELL  alwaysud|solver|Mux8~114|combout
    Info (332115):     19.333      0.317 FF    IC  alwaysud|solver|Equal82~0|datab
    Info (332115):     19.737      0.404 FF  CELL  alwaysud|solver|Equal82~0|combout
    Info (332115):     20.209      0.472 FF    IC  alwaysud|solver|used~243|datac
    Info (332115):     20.507      0.298 FF  CELL  alwaysud|solver|used~243|combout
    Info (332115):     22.163      1.656 FF    IC  alwaysud|solver|Decoder1~60|datad
    Info (332115):     22.294      0.131 FF  CELL  alwaysud|solver|Decoder1~60|combout
    Info (332115):     22.612      0.318 FF    IC  alwaysud|solver|sol[3][3]~381|datad
    Info (332115):     22.743      0.131 FF  CELL  alwaysud|solver|sol[3][3]~381|combout
    Info (332115):     23.930      1.187 FF    IC  alwaysud|solver|sol[3][8]|ena
    Info (332115):     24.527      0.597 FF  CELL  alwaysud:alwaysud|alwaysud_solver:solver|sol[3][8]
    Info (332115): Data Required Path:
    Info (332115): Total (ns)  Incr (ns)     Type  Element
    Info (332115): ==========  ========= ==  ====  ===================================
    Info (332115):      1.000      1.000           latch edge time
    Info (332115):      1.000      0.000           source latency
    Info (332115):      1.000      0.000           clk
    Info (332115):      1.000      0.000 RR    IC  clk~input|i
    Info (332115):      1.769      0.769 RR  CELL  clk~input|o
    Info (332115):      2.627      0.858 RR    IC  clk~inputclkctrl|inclk[0]
    Info (332115):      2.627      0.000 RR  CELL  clk~inputclkctrl|outclk
    Info (332115):      4.063      1.436 RR    IC  alwaysud|solver|sol[3][8]|clk
    Info (332115):      4.538      0.475 RR  CELL  alwaysud:alwaysud|alwaysud_solver:solver|sol[3][8]
    Info (332115):      4.597      0.059           clock pessimism removed
    Info (332115):      4.577     -0.020           clock uncertainty
    Info (332115):      4.590      0.013     uTsu  alwaysud:alwaysud|alwaysud_solver:solver|sol[3][8]
    Info (332115): Data Arrival Time  :    24.527
    Info (332115): Data Required Time :     4.590
    Info (332115): Slack              :   -19.937 (VIOLATED)
    Info (332115): ===================================================================
Info (332115): Path #4: Setup slack is -19.932 (VIOLATED)
    Info (332115): ===================================================================
    Info (332115): From Node    : alwaysud:alwaysud|alwaysud_solver:solver|sol[0][2]
    Info (332115): To Node      : alwaysud:alwaysud|alwaysud_solver:solver|sol[3][8]
    Info (332115): Launch Clock : clk
    Info (332115): Latch Clock  : clk
    Info (332115): Data Arrival Path:
    Info (332115): Total (ns)  Incr (ns)     Type  Element
    Info (332115): ==========  ========= ==  ====  ===================================
    Info (332115):      0.000      0.000           launch edge time
    Info (332115):      0.000      0.000           source latency
    Info (332115):      0.000      0.000           clk
    Info (332115):      0.000      0.000 RR    IC  clk~input|i
    Info (332115):      0.769      0.769 RR  CELL  clk~input|o
    Info (332115):      1.663      0.894 RR    IC  clk~inputclkctrl|inclk[0]
    Info (332115):      1.663      0.000 RR  CELL  clk~inputclkctrl|outclk
    Info (332115):      3.165      1.502 RR    IC  alwaysud|solver|sol[0][2]|clk
    Info (332115):      3.675      0.510 RR  CELL  alwaysud:alwaysud|alwaysud_solver:solver|sol[0][2]
    Info (332115):      3.882      0.207     uTco  alwaysud:alwaysud|alwaysud_solver:solver|sol[0][2]
    Info (332115):      3.882      0.000 FF  CELL  alwaysud|solver|sol[0][2]|q
    Info (332115):      4.272      0.390 FF    IC  alwaysud|solver|Equal0~4|dataa
    Info (332115):      4.698      0.426 FR  CELL  alwaysud|solver|Equal0~4|combout
    Info (332115):      5.788      1.090 RR    IC  alwaysud|solver|Equal0~5|datac
    Info (332115):      6.093      0.305 RR  CELL  alwaysud|solver|Equal0~5|combout
    Info (332115):      6.360      0.267 RR    IC  alwaysud|solver|WideOr0~2|dataa
    Info (332115):      6.779      0.419 RF  CELL  alwaysud|solver|WideOr0~2|combout
    Info (332115):      7.593      0.814 FF    IC  alwaysud|solver|WideOr0~4|dataa
    Info (332115):      7.952      0.359 FF  CELL  alwaysud|solver|WideOr0~4|combout
    Info (332115):      8.460      0.508 FF    IC  alwaysud|solver|r~0|datab
    Info (332115):      8.884      0.424 FF  CELL  alwaysud|solver|r~0|combout
    Info (332115):      9.164      0.280 FF    IC  alwaysud|solver|r~3|datab
    Info (332115):      9.588      0.424 FF  CELL  alwaysud|solver|r~3|combout
    Info (332115):      9.974      0.386 FF    IC  alwaysud|solver|Mux3~13|datab
    Info (332115):     10.419      0.445 FR  CELL  alwaysud|solver|Mux3~13|combout
    Info (332115):     11.075      0.656 RR    IC  alwaysud|solver|Mux3~14|datad
    Info (332115):     11.220      0.145 RF  CELL  alwaysud|solver|Mux3~14|combout
    Info (332115):     11.454      0.234 FF    IC  alwaysud|solver|Mux3~15|datad
    Info (332115):     11.585      0.131 FF  CELL  alwaysud|solver|Mux3~15|combout
    Info (332115):     11.827      0.242 FF    IC  alwaysud|solver|Mux3~20|datac
    Info (332115):     12.130      0.303 FF  CELL  alwaysud|solver|Mux3~20|combout
    Info (332115):     12.411      0.281 FF    IC  alwaysud|solver|Add1~0|datab
    Info (332115):     12.892      0.481 FF  CELL  alwaysud|solver|Add1~0|cout
    Info (332115):     12.892      0.000 FF    IC  alwaysud|solver|Add1~2|cin
    Info (332115):     13.394      0.502 FF  CELL  alwaysud|solver|Add1~2|combout
    Info (332115):     13.668      0.274 FF    IC  alwaysud|solver|first_empty[1]~1|datad
    Info (332115):     13.799      0.131 FF  CELL  alwaysud|solver|first_empty[1]~1|combout
    Info (332115):     15.472      1.673 FF    IC  alwaysud|solver|Mux7~99|datac
    Info (332115):     15.770      0.298 FF  CELL  alwaysud|solver|Mux7~99|combout
    Info (332115):     16.010      0.240 FF    IC  alwaysud|solver|Mux7~100|datac
    Info (332115):     16.313      0.303 FF  CELL  alwaysud|solver|Mux7~100|combout
    Info (332115):     16.900      0.587 FF    IC  alwaysud|solver|Mux7~106|datac
    Info (332115):     17.203      0.303 FF  CELL  alwaysud|solver|Mux7~106|combout
    Info (332115):     17.438      0.235 FF    IC  alwaysud|solver|Mux7~112|datad
    Info (332115):     17.569      0.131 FF  CELL  alwaysud|solver|Mux7~112|combout
    Info (332115):     17.810      0.241 FF    IC  alwaysud|solver|Mux7~113|datac
    Info (332115):     18.113      0.303 FF  CELL  alwaysud|solver|Mux7~113|combout
    Info (332115):     18.861      0.748 FF    IC  alwaysud|solver|Mux7~114|datad
    Info (332115):     18.992      0.131 FF  CELL  alwaysud|solver|Mux7~114|combout
    Info (332115):     19.330      0.338 FF    IC  alwaysud|solver|Equal82~0|dataa
    Info (332115):     19.732      0.402 FF  CELL  alwaysud|solver|Equal82~0|combout
    Info (332115):     20.204      0.472 FF    IC  alwaysud|solver|used~243|datac
    Info (332115):     20.502      0.298 FF  CELL  alwaysud|solver|used~243|combout
    Info (332115):     22.158      1.656 FF    IC  alwaysud|solver|Decoder1~60|datad
    Info (332115):     22.289      0.131 FF  CELL  alwaysud|solver|Decoder1~60|combout
    Info (332115):     22.607      0.318 FF    IC  alwaysud|solver|sol[3][3]~381|datad
    Info (332115):     22.738      0.131 FF  CELL  alwaysud|solver|sol[3][3]~381|combout
    Info (332115):     23.925      1.187 FF    IC  alwaysud|solver|sol[3][8]|ena
    Info (332115):     24.522      0.597 FF  CELL  alwaysud:alwaysud|alwaysud_solver:solver|sol[3][8]
    Info (332115): Data Required Path:
    Info (332115): Total (ns)  Incr (ns)     Type  Element
    Info (332115): ==========  ========= ==  ====  ===================================
    Info (332115):      1.000      1.000           latch edge time
    Info (332115):      1.000      0.000           source latency
    Info (332115):      1.000      0.000           clk
    Info (332115):      1.000      0.000 RR    IC  clk~input|i
    Info (332115):      1.769      0.769 RR  CELL  clk~input|o
    Info (332115):      2.627      0.858 RR    IC  clk~inputclkctrl|inclk[0]
    Info (332115):      2.627      0.000 RR  CELL  clk~inputclkctrl|outclk
    Info (332115):      4.063      1.436 RR    IC  alwaysud|solver|sol[3][8]|clk
    Info (332115):      4.538      0.475 RR  CELL  alwaysud:alwaysud|alwaysud_solver:solver|sol[3][8]
    Info (332115):      4.597      0.059           clock pessimism removed
    Info (332115):      4.577     -0.020           clock uncertainty
    Info (332115):      4.590      0.013     uTsu  alwaysud:alwaysud|alwaysud_solver:solver|sol[3][8]
    Info (332115): Data Arrival Time  :    24.522
    Info (332115): Data Required Time :     4.590
    Info (332115): Slack              :   -19.932 (VIOLATED)
    Info (332115): ===================================================================
Info (332115): Path #5: Setup slack is -19.907 (VIOLATED)
    Info (332115): ===================================================================
    Info (332115): From Node    : alwaysud:alwaysud|alwaysud_solver:solver|sol[0][2]
    Info (332115): To Node      : alwaysud:alwaysud|alwaysud_solver:solver|sol[3][8]
    Info (332115): Launch Clock : clk
    Info (332115): Latch Clock  : clk
    Info (332115): Data Arrival Path:
    Info (332115): Total (ns)  Incr (ns)     Type  Element
    Info (332115): ==========  ========= ==  ====  ===================================
    Info (332115):      0.000      0.000           launch edge time
    Info (332115):      0.000      0.000           source latency
    Info (332115):      0.000      0.000           clk
    Info (332115):      0.000      0.000 RR    IC  clk~input|i
    Info (332115):      0.769      0.769 RR  CELL  clk~input|o
    Info (332115):      1.663      0.894 RR    IC  clk~inputclkctrl|inclk[0]
    Info (332115):      1.663      0.000 RR  CELL  clk~inputclkctrl|outclk
    Info (332115):      3.165      1.502 RR    IC  alwaysud|solver|sol[0][2]|clk
    Info (332115):      3.675      0.510 RR  CELL  alwaysud:alwaysud|alwaysud_solver:solver|sol[0][2]
    Info (332115):      3.882      0.207     uTco  alwaysud:alwaysud|alwaysud_solver:solver|sol[0][2]
    Info (332115):      3.882      0.000 FF  CELL  alwaysud|solver|sol[0][2]|q
    Info (332115):      4.272      0.390 FF    IC  alwaysud|solver|Equal0~4|dataa
    Info (332115):      4.698      0.426 FR  CELL  alwaysud|solver|Equal0~4|combout
    Info (332115):      5.788      1.090 RR    IC  alwaysud|solver|Equal0~5|datac
    Info (332115):      6.093      0.305 RR  CELL  alwaysud|solver|Equal0~5|combout
    Info (332115):      6.360      0.267 RR    IC  alwaysud|solver|WideOr0~2|dataa
    Info (332115):      6.779      0.419 RF  CELL  alwaysud|solver|WideOr0~2|combout
    Info (332115):      7.593      0.814 FF    IC  alwaysud|solver|WideOr0~4|dataa
    Info (332115):      7.952      0.359 FF  CELL  alwaysud|solver|WideOr0~4|combout
    Info (332115):      8.460      0.508 FF    IC  alwaysud|solver|r~0|datab
    Info (332115):      8.884      0.424 FF  CELL  alwaysud|solver|r~0|combout
    Info (332115):      9.164      0.280 FF    IC  alwaysud|solver|r~3|datab
    Info (332115):      9.588      0.424 FF  CELL  alwaysud|solver|r~3|combout
    Info (332115):      9.974      0.386 FF    IC  alwaysud|solver|Mux3~13|datab
    Info (332115):     10.419      0.445 FR  CELL  alwaysud|solver|Mux3~13|combout
    Info (332115):     11.075      0.656 RR    IC  alwaysud|solver|Mux3~14|datad
    Info (332115):     11.220      0.145 RF  CELL  alwaysud|solver|Mux3~14|combout
    Info (332115):     11.454      0.234 FF    IC  alwaysud|solver|Mux3~15|datad
    Info (332115):     11.585      0.131 FF  CELL  alwaysud|solver|Mux3~15|combout
    Info (332115):     11.827      0.242 FF    IC  alwaysud|solver|Mux3~20|datac
    Info (332115):     12.130      0.303 FF  CELL  alwaysud|solver|Mux3~20|combout
    Info (332115):     12.411      0.281 FF    IC  alwaysud|solver|Add1~0|datab
    Info (332115):     12.835      0.424 FF  CELL  alwaysud|solver|Add1~0|combout
    Info (332115):     13.350      0.515 FF    IC  alwaysud|solver|first_empty[0]~0|datad
    Info (332115):     13.481      0.131 FF  CELL  alwaysud|solver|first_empty[0]~0|combout
    Info (332115):     14.515      1.034 FF    IC  alwaysud|solver|Mux7~76|datab
    Info (332115):     14.939      0.424 FF  CELL  alwaysud|solver|Mux7~76|combout
    Info (332115):     15.174      0.235 FF    IC  alwaysud|solver|Mux7~77|datad
    Info (332115):     15.335      0.161 FR  CELL  alwaysud|solver|Mux7~77|combout
    Info (332115):     16.449      1.114 RR    IC  alwaysud|solver|Mux7~83|dataa
    Info (332115):     16.814      0.365 RR  CELL  alwaysud|solver|Mux7~83|combout
    Info (332115):     17.017      0.203 RR    IC  alwaysud|solver|Mux7~89|datad
    Info (332115):     17.162      0.145 RF  CELL  alwaysud|solver|Mux7~89|combout
    Info (332115):     17.403      0.241 FF    IC  alwaysud|solver|Mux7~90|datac
    Info (332115):     17.706      0.303 FF  CELL  alwaysud|solver|Mux7~90|combout
    Info (332115):     17.945      0.239 FF    IC  alwaysud|solver|Mux7~113|datad
    Info (332115):     18.106      0.161 FR  CELL  alwaysud|solver|Mux7~113|combout
    Info (332115):     18.858      0.752 RR    IC  alwaysud|solver|Mux7~114|datad
    Info (332115):     19.024      0.166 RR  CELL  alwaysud|solver|Mux7~114|combout
    Info (332115):     19.306      0.282 RR    IC  alwaysud|solver|Equal82~0|dataa
    Info (332115):     19.728      0.422 RR  CELL  alwaysud|solver|Equal82~0|combout
    Info (332115):     20.182      0.454 RR    IC  alwaysud|solver|used~243|datac
    Info (332115):     20.486      0.304 RR  CELL  alwaysud|solver|used~243|combout
    Info (332115):     22.092      1.606 RR    IC  alwaysud|solver|Decoder1~60|datad
    Info (332115):     22.258      0.166 RR  CELL  alwaysud|solver|Decoder1~60|combout
    Info (332115):     22.527      0.269 RR    IC  alwaysud|solver|sol[3][3]~381|datad
    Info (332115):     22.693      0.166 RR  CELL  alwaysud|solver|sol[3][3]~381|combout
    Info (332115):     23.873      1.180 RR    IC  alwaysud|solver|sol[3][8]|ena
    Info (332115):     24.497      0.624 RR  CELL  alwaysud:alwaysud|alwaysud_solver:solver|sol[3][8]
    Info (332115): Data Required Path:
    Info (332115): Total (ns)  Incr (ns)     Type  Element
    Info (332115): ==========  ========= ==  ====  ===================================
    Info (332115):      1.000      1.000           latch edge time
    Info (332115):      1.000      0.000           source latency
    Info (332115):      1.000      0.000           clk
    Info (332115):      1.000      0.000 RR    IC  clk~input|i
    Info (332115):      1.769      0.769 RR  CELL  clk~input|o
    Info (332115):      2.627      0.858 RR    IC  clk~inputclkctrl|inclk[0]
    Info (332115):      2.627      0.000 RR  CELL  clk~inputclkctrl|outclk
    Info (332115):      4.063      1.436 RR    IC  alwaysud|solver|sol[3][8]|clk
    Info (332115):      4.538      0.475 RR  CELL  alwaysud:alwaysud|alwaysud_solver:solver|sol[3][8]
    Info (332115):      4.597      0.059           clock pessimism removed
    Info (332115):      4.577     -0.020           clock uncertainty
    Info (332115):      4.590      0.013     uTsu  alwaysud:alwaysud|alwaysud_solver:solver|sol[3][8]
    Info (332115): Data Arrival Time  :    24.497
    Info (332115): Data Required Time :     4.590
    Info (332115): Slack              :   -19.907 (VIOLATED)
    Info (332115): ===================================================================
Info (332115): Path #6: Setup slack is -19.904 (VIOLATED)
    Info (332115): ===================================================================
    Info (332115): From Node    : alwaysud:alwaysud|alwaysud_solver:solver|sol[0][2]
    Info (332115): To Node      : alwaysud:alwaysud|alwaysud_solver:solver|sol[4][8]
    Info (332115): Launch Clock : clk
    Info (332115): Latch Clock  : clk
    Info (332115): Data Arrival Path:
    Info (332115): Total (ns)  Incr (ns)     Type  Element
    Info (332115): ==========  ========= ==  ====  ===================================
    Info (332115):      0.000      0.000           launch edge time
    Info (332115):      0.000      0.000           source latency
    Info (332115):      0.000      0.000           clk
    Info (332115):      0.000      0.000 RR    IC  clk~input|i
    Info (332115):      0.769      0.769 RR  CELL  clk~input|o
    Info (332115):      1.663      0.894 RR    IC  clk~inputclkctrl|inclk[0]
    Info (332115):      1.663      0.000 RR  CELL  clk~inputclkctrl|outclk
    Info (332115):      3.165      1.502 RR    IC  alwaysud|solver|sol[0][2]|clk
    Info (332115):      3.675      0.510 RR  CELL  alwaysud:alwaysud|alwaysud_solver:solver|sol[0][2]
    Info (332115):      3.882      0.207     uTco  alwaysud:alwaysud|alwaysud_solver:solver|sol[0][2]
    Info (332115):      3.882      0.000 FF  CELL  alwaysud|solver|sol[0][2]|q
    Info (332115):      4.272      0.390 FF    IC  alwaysud|solver|Equal0~4|dataa
    Info (332115):      4.698      0.426 FR  CELL  alwaysud|solver|Equal0~4|combout
    Info (332115):      5.788      1.090 RR    IC  alwaysud|solver|Equal0~5|datac
    Info (332115):      6.093      0.305 RR  CELL  alwaysud|solver|Equal0~5|combout
    Info (332115):      6.360      0.267 RR    IC  alwaysud|solver|WideOr0~2|dataa
    Info (332115):      6.779      0.419 RF  CELL  alwaysud|solver|WideOr0~2|combout
    Info (332115):      7.593      0.814 FF    IC  alwaysud|solver|WideOr0~4|dataa
    Info (332115):      7.952      0.359 FF  CELL  alwaysud|solver|WideOr0~4|combout
    Info (332115):      8.460      0.508 FF    IC  alwaysud|solver|r~0|datab
    Info (332115):      8.884      0.424 FF  CELL  alwaysud|solver|r~0|combout
    Info (332115):      9.164      0.280 FF    IC  alwaysud|solver|r~3|datab
    Info (332115):      9.588      0.424 FF  CELL  alwaysud|solver|r~3|combout
    Info (332115):      9.974      0.386 FF    IC  alwaysud|solver|Mux3~13|datab
    Info (332115):     10.419      0.445 FR  CELL  alwaysud|solver|Mux3~13|combout
    Info (332115):     11.075      0.656 RR    IC  alwaysud|solver|Mux3~14|datad
    Info (332115):     11.220      0.145 RF  CELL  alwaysud|solver|Mux3~14|combout
    Info (332115):     11.454      0.234 FF    IC  alwaysud|solver|Mux3~15|datad
    Info (332115):     11.585      0.131 FF  CELL  alwaysud|solver|Mux3~15|combout
    Info (332115):     11.827      0.242 FF    IC  alwaysud|solver|Mux3~20|datac
    Info (332115):     12.130      0.303 FF  CELL  alwaysud|solver|Mux3~20|combout
    Info (332115):     12.411      0.281 FF    IC  alwaysud|solver|Add1~0|datab
    Info (332115):     12.892      0.481 FF  CELL  alwaysud|solver|Add1~0|cout
    Info (332115):     12.892      0.000 FF    IC  alwaysud|solver|Add1~2|cin
    Info (332115):     13.394      0.502 FF  CELL  alwaysud|solver|Add1~2|combout
    Info (332115):     13.668      0.274 FF    IC  alwaysud|solver|first_empty[1]~1|datad
    Info (332115):     13.799      0.131 FF  CELL  alwaysud|solver|first_empty[1]~1|combout
    Info (332115):     15.311      1.512 FF    IC  alwaysud|solver|Mux8~76|datad
    Info (332115):     15.472      0.161 FR  CELL  alwaysud|solver|Mux8~76|combout
    Info (332115):     15.674      0.202 RR    IC  alwaysud|solver|Mux8~77|datad
    Info (332115):     15.840      0.166 RR  CELL  alwaysud|solver|Mux8~77|combout
    Info (332115):     16.569      0.729 RR    IC  alwaysud|solver|Mux8~83|datab
    Info (332115):     16.979      0.410 RR  CELL  alwaysud|solver|Mux8~83|combout
    Info (332115):     17.182      0.203 RR    IC  alwaysud|solver|Mux8~89|datad
    Info (332115):     17.348      0.166 RR  CELL  alwaysud|solver|Mux8~89|combout
    Info (332115):     17.551      0.203 RR    IC  alwaysud|solver|Mux8~90|datac
    Info (332115):     17.856      0.305 RR  CELL  alwaysud|solver|Mux8~90|combout
    Info (332115):     18.576      0.720 RR    IC  alwaysud|solver|Mux8~113|datad
    Info (332115):     18.721      0.145 RF  CELL  alwaysud|solver|Mux8~113|combout
    Info (332115):     18.954      0.233 FF    IC  alwaysud|solver|Mux8~114|datad
    Info (332115):     19.085      0.131 FF  CELL  alwaysud|solver|Mux8~114|combout
    Info (332115):     19.562      0.477 FF    IC  alwaysud|solver|Add2~6|dataa
    Info (332115):     20.039      0.477 FF  CELL  alwaysud|solver|Add2~6|cout
    Info (332115):     20.039      0.000 FF    IC  alwaysud|solver|Add2~8|cin
    Info (332115):     20.098      0.059 FR  CELL  alwaysud|solver|Add2~8|cout
    Info (332115):     20.098      0.000 RR    IC  alwaysud|solver|Add2~10|cin
    Info (332115):     20.157      0.059 RF  CELL  alwaysud|solver|Add2~10|cout
    Info (332115):     20.157      0.000 FF    IC  alwaysud|solver|Add2~12|cin
    Info (332115):     20.216      0.059 FR  CELL  alwaysud|solver|Add2~12|cout
    Info (332115):     20.216      0.000 RR    IC  alwaysud|solver|Add2~14|cin
    Info (332115):     20.853      0.637 RR  CELL  alwaysud|solver|Add2~14|combout
    Info (332115):     23.118      2.265 RR    IC  alwaysud|solver|sol[4][8]~28|datad
    Info (332115):     23.284      0.166 RR  CELL  alwaysud|solver|sol[4][8]~28|combout
    Info (332115):     24.231      0.947 RR    IC  alwaysud|solver|sol[4][8]~feeder|datad
    Info (332115):     24.397      0.166 RR  CELL  alwaysud|solver|sol[4][8]~feeder|combout
    Info (332115):     24.397      0.000 RR    IC  alwaysud|solver|sol[4][8]|d
    Info (332115):     24.486      0.089 RR  CELL  alwaysud:alwaysud|alwaysud_solver:solver|sol[4][8]
    Info (332115): Data Required Path:
    Info (332115): Total (ns)  Incr (ns)     Type  Element
    Info (332115): ==========  ========= ==  ====  ===================================
    Info (332115):      1.000      1.000           latch edge time
    Info (332115):      1.000      0.000           source latency
    Info (332115):      1.000      0.000           clk
    Info (332115):      1.000      0.000 RR    IC  clk~input|i
    Info (332115):      1.769      0.769 RR  CELL  clk~input|o
    Info (332115):      2.627      0.858 RR    IC  clk~inputclkctrl|inclk[0]
    Info (332115):      2.627      0.000 RR  CELL  clk~inputclkctrl|outclk
    Info (332115):      4.055      1.428 RR    IC  alwaysud|solver|sol[4][8]|clk
    Info (332115):      4.530      0.475 RR  CELL  alwaysud:alwaysud|alwaysud_solver:solver|sol[4][8]
    Info (332115):      4.589      0.059           clock pessimism removed
    Info (332115):      4.569     -0.020           clock uncertainty
    Info (332115):      4.582      0.013     uTsu  alwaysud:alwaysud|alwaysud_solver:solver|sol[4][8]
    Info (332115): Data Arrival Time  :    24.486
    Info (332115): Data Required Time :     4.582
    Info (332115): Slack              :   -19.904 (VIOLATED)
    Info (332115): ===================================================================
Info (332115): Path #7: Setup slack is -19.900 (VIOLATED)
    Info (332115): ===================================================================
    Info (332115): From Node    : alwaysud:alwaysud|alwaysud_solver:solver|sol[9][1]
    Info (332115): To Node      : alwaysud:alwaysud|alwaysud_solver:solver|sol[3][8]
    Info (332115): Launch Clock : clk
    Info (332115): Latch Clock  : clk
    Info (332115): Data Arrival Path:
    Info (332115): Total (ns)  Incr (ns)     Type  Element
    Info (332115): ==========  ========= ==  ====  ===================================
    Info (332115):      0.000      0.000           launch edge time
    Info (332115):      0.000      0.000           source latency
    Info (332115):      0.000      0.000           clk
    Info (332115):      0.000      0.000 RR    IC  clk~input|i
    Info (332115):      0.769      0.769 RR  CELL  clk~input|o
    Info (332115):      1.663      0.894 RR    IC  clk~inputclkctrl|inclk[0]
    Info (332115):      1.663      0.000 RR  CELL  clk~inputclkctrl|outclk
    Info (332115):      3.167      1.504 RR    IC  alwaysud|solver|sol[9][1]|clk
    Info (332115):      3.677      0.510 RR  CELL  alwaysud:alwaysud|alwaysud_solver:solver|sol[9][1]
    Info (332115):      3.884      0.207     uTco  alwaysud:alwaysud|alwaysud_solver:solver|sol[9][1]
    Info (332115):      3.884      0.000 RR  CELL  alwaysud|solver|sol[9][1]|q
    Info (332115):      4.914      1.030 RR    IC  alwaysud|solver|Equal9~2|datac
    Info (332115):      5.194      0.280 RF  CELL  alwaysud|solver|Equal9~2|combout
    Info (332115):      5.455      0.261 FF    IC  alwaysud|solver|Equal9~3|datac
    Info (332115):      5.758      0.303 FF  CELL  alwaysud|solver|Equal9~3|combout
    Info (332115):      6.574      0.816 FF    IC  alwaysud|solver|WideOr0~11|dataa
    Info (332115):      6.976      0.402 FR  CELL  alwaysud|solver|WideOr0~11|combout
    Info (332115):      7.194      0.218 RR    IC  alwaysud|solver|WideOr0~13|datac
    Info (332115):      7.499      0.305 RR  CELL  alwaysud|solver|WideOr0~13|combout
    Info (332115):      8.494      0.995 RR    IC  alwaysud|solver|r~0|datac
    Info (332115):      8.778      0.284 RF  CELL  alwaysud|solver|r~0|combout
    Info (332115):      9.058      0.280 FF    IC  alwaysud|solver|r~3|datab
    Info (332115):      9.482      0.424 FF  CELL  alwaysud|solver|r~3|combout
    Info (332115):      9.868      0.386 FF    IC  alwaysud|solver|Mux3~13|datab
    Info (332115):     10.313      0.445 FR  CELL  alwaysud|solver|Mux3~13|combout
    Info (332115):     10.969      0.656 RR    IC  alwaysud|solver|Mux3~14|datad
    Info (332115):     11.114      0.145 RF  CELL  alwaysud|solver|Mux3~14|combout
    Info (332115):     11.348      0.234 FF    IC  alwaysud|solver|Mux3~15|datad
    Info (332115):     11.479      0.131 FF  CELL  alwaysud|solver|Mux3~15|combout
    Info (332115):     11.721      0.242 FF    IC  alwaysud|solver|Mux3~20|datac
    Info (332115):     12.024      0.303 FF  CELL  alwaysud|solver|Mux3~20|combout
    Info (332115):     12.305      0.281 FF    IC  alwaysud|solver|Add1~0|datab
    Info (332115):     12.786      0.481 FF  CELL  alwaysud|solver|Add1~0|cout
    Info (332115):     12.786      0.000 FF    IC  alwaysud|solver|Add1~2|cin
    Info (332115):     13.288      0.502 FF  CELL  alwaysud|solver|Add1~2|combout
    Info (332115):     13.562      0.274 FF    IC  alwaysud|solver|first_empty[1]~1|datad
    Info (332115):     13.693      0.131 FF  CELL  alwaysud|solver|first_empty[1]~1|combout
    Info (332115):     15.205      1.512 FF    IC  alwaysud|solver|Mux8~76|datad
    Info (332115):     15.366      0.161 FR  CELL  alwaysud|solver|Mux8~76|combout
    Info (332115):     15.568      0.202 RR    IC  alwaysud|solver|Mux8~77|datad
    Info (332115):     15.734      0.166 RR  CELL  alwaysud|solver|Mux8~77|combout
    Info (332115):     16.463      0.729 RR    IC  alwaysud|solver|Mux8~83|datab
    Info (332115):     16.873      0.410 RR  CELL  alwaysud|solver|Mux8~83|combout
    Info (332115):     17.076      0.203 RR    IC  alwaysud|solver|Mux8~89|datad
    Info (332115):     17.242      0.166 RR  CELL  alwaysud|solver|Mux8~89|combout
    Info (332115):     17.445      0.203 RR    IC  alwaysud|solver|Mux8~90|datac
    Info (332115):     17.750      0.305 RR  CELL  alwaysud|solver|Mux8~90|combout
    Info (332115):     18.470      0.720 RR    IC  alwaysud|solver|Mux8~113|datad
    Info (332115):     18.615      0.145 RF  CELL  alwaysud|solver|Mux8~113|combout
    Info (332115):     18.848      0.233 FF    IC  alwaysud|solver|Mux8~114|datad
    Info (332115):     18.979      0.131 FF  CELL  alwaysud|solver|Mux8~114|combout
    Info (332115):     19.296      0.317 FF    IC  alwaysud|solver|Equal82~0|datab
    Info (332115):     19.700      0.404 FF  CELL  alwaysud|solver|Equal82~0|combout
    Info (332115):     20.172      0.472 FF    IC  alwaysud|solver|used~243|datac
    Info (332115):     20.470      0.298 FF  CELL  alwaysud|solver|used~243|combout
    Info (332115):     22.126      1.656 FF    IC  alwaysud|solver|Decoder1~60|datad
    Info (332115):     22.257      0.131 FF  CELL  alwaysud|solver|Decoder1~60|combout
    Info (332115):     22.575      0.318 FF    IC  alwaysud|solver|sol[3][3]~381|datad
    Info (332115):     22.706      0.131 FF  CELL  alwaysud|solver|sol[3][3]~381|combout
    Info (332115):     23.893      1.187 FF    IC  alwaysud|solver|sol[3][8]|ena
    Info (332115):     24.490      0.597 FF  CELL  alwaysud:alwaysud|alwaysud_solver:solver|sol[3][8]
    Info (332115): Data Required Path:
    Info (332115): Total (ns)  Incr (ns)     Type  Element
    Info (332115): ==========  ========= ==  ====  ===================================
    Info (332115):      1.000      1.000           latch edge time
    Info (332115):      1.000      0.000           source latency
    Info (332115):      1.000      0.000           clk
    Info (332115):      1.000      0.000 RR    IC  clk~input|i
    Info (332115):      1.769      0.769 RR  CELL  clk~input|o
    Info (332115):      2.627      0.858 RR    IC  clk~inputclkctrl|inclk[0]
    Info (332115):      2.627      0.000 RR  CELL  clk~inputclkctrl|outclk
    Info (332115):      4.063      1.436 RR    IC  alwaysud|solver|sol[3][8]|clk
    Info (332115):      4.538      0.475 RR  CELL  alwaysud:alwaysud|alwaysud_solver:solver|sol[3][8]
    Info (332115):      4.597      0.059           clock pessimism removed
    Info (332115):      4.577     -0.020           clock uncertainty
    Info (332115):      4.590      0.013     uTsu  alwaysud:alwaysud|alwaysud_solver:solver|sol[3][8]
    Info (332115): Data Arrival Time  :    24.490
    Info (332115): Data Required Time :     4.590
    Info (332115): Slack              :   -19.900 (VIOLATED)
    Info (332115): ===================================================================
Info (332115): Path #8: Setup slack is -19.894 (VIOLATED)
    Info (332115): ===================================================================
    Info (332115): From Node    : alwaysud:alwaysud|alwaysud_solver:solver|sol[0][2]
    Info (332115): To Node      : alwaysud:alwaysud|alwaysud_solver:solver|sol[3][8]
    Info (332115): Launch Clock : clk
    Info (332115): Latch Clock  : clk
    Info (332115): Data Arrival Path:
    Info (332115): Total (ns)  Incr (ns)     Type  Element
    Info (332115): ==========  ========= ==  ====  ===================================
    Info (332115):      0.000      0.000           launch edge time
    Info (332115):      0.000      0.000           source latency
    Info (332115):      0.000      0.000           clk
    Info (332115):      0.000      0.000 RR    IC  clk~input|i
    Info (332115):      0.769      0.769 RR  CELL  clk~input|o
    Info (332115):      1.663      0.894 RR    IC  clk~inputclkctrl|inclk[0]
    Info (332115):      1.663      0.000 RR  CELL  clk~inputclkctrl|outclk
    Info (332115):      3.165      1.502 RR    IC  alwaysud|solver|sol[0][2]|clk
    Info (332115):      3.675      0.510 RR  CELL  alwaysud:alwaysud|alwaysud_solver:solver|sol[0][2]
    Info (332115):      3.882      0.207     uTco  alwaysud:alwaysud|alwaysud_solver:solver|sol[0][2]
    Info (332115):      3.882      0.000 FF  CELL  alwaysud|solver|sol[0][2]|q
    Info (332115):      4.272      0.390 FF    IC  alwaysud|solver|Equal0~4|dataa
    Info (332115):      4.698      0.426 FR  CELL  alwaysud|solver|Equal0~4|combout
    Info (332115):      5.788      1.090 RR    IC  alwaysud|solver|Equal0~5|datac
    Info (332115):      6.093      0.305 RR  CELL  alwaysud|solver|Equal0~5|combout
    Info (332115):      6.360      0.267 RR    IC  alwaysud|solver|WideOr0~2|dataa
    Info (332115):      6.779      0.419 RF  CELL  alwaysud|solver|WideOr0~2|combout
    Info (332115):      7.593      0.814 FF    IC  alwaysud|solver|WideOr0~4|dataa
    Info (332115):      7.952      0.359 FF  CELL  alwaysud|solver|WideOr0~4|combout
    Info (332115):      8.460      0.508 FF    IC  alwaysud|solver|r~0|datab
    Info (332115):      8.884      0.424 FF  CELL  alwaysud|solver|r~0|combout
    Info (332115):      9.164      0.280 FF    IC  alwaysud|solver|r~3|datab
    Info (332115):      9.588      0.424 FF  CELL  alwaysud|solver|r~3|combout
    Info (332115):      9.974      0.386 FF    IC  alwaysud|solver|Mux3~13|datab
    Info (332115):     10.419      0.445 FR  CELL  alwaysud|solver|Mux3~13|combout
    Info (332115):     11.075      0.656 RR    IC  alwaysud|solver|Mux3~14|datad
    Info (332115):     11.220      0.145 RF  CELL  alwaysud|solver|Mux3~14|combout
    Info (332115):     11.454      0.234 FF    IC  alwaysud|solver|Mux3~15|datad
    Info (332115):     11.585      0.131 FF  CELL  alwaysud|solver|Mux3~15|combout
    Info (332115):     11.827      0.242 FF    IC  alwaysud|solver|Mux3~20|datac
    Info (332115):     12.130      0.303 FF  CELL  alwaysud|solver|Mux3~20|combout
    Info (332115):     12.411      0.281 FF    IC  alwaysud|solver|Add1~0|datab
    Info (332115):     12.892      0.481 FF  CELL  alwaysud|solver|Add1~0|cout
    Info (332115):     12.892      0.000 FF    IC  alwaysud|solver|Add1~2|cin
    Info (332115):     13.394      0.502 FF  CELL  alwaysud|solver|Add1~2|combout
    Info (332115):     13.668      0.274 FF    IC  alwaysud|solver|first_empty[1]~1|datad
    Info (332115):     13.799      0.131 FF  CELL  alwaysud|solver|first_empty[1]~1|combout
    Info (332115):     15.293      1.494 FF    IC  alwaysud|solver|Mux8~81|datac
    Info (332115):     15.591      0.298 FF  CELL  alwaysud|solver|Mux8~81|combout
    Info (332115):     16.335      0.744 FF    IC  alwaysud|solver|Mux8~82|datad
    Info (332115):     16.496      0.161 FR  CELL  alwaysud|solver|Mux8~82|combout
    Info (332115):     16.701      0.205 RR    IC  alwaysud|solver|Mux8~83|datad
    Info (332115):     16.867      0.166 RR  CELL  alwaysud|solver|Mux8~83|combout
    Info (332115):     17.070      0.203 RR    IC  alwaysud|solver|Mux8~89|datad
    Info (332115):     17.236      0.166 RR  CELL  alwaysud|solver|Mux8~89|combout
    Info (332115):     17.439      0.203 RR    IC  alwaysud|solver|Mux8~90|datac
    Info (332115):     17.744      0.305 RR  CELL  alwaysud|solver|Mux8~90|combout
    Info (332115):     18.464      0.720 RR    IC  alwaysud|solver|Mux8~113|datad
    Info (332115):     18.609      0.145 RF  CELL  alwaysud|solver|Mux8~113|combout
    Info (332115):     18.842      0.233 FF    IC  alwaysud|solver|Mux8~114|datad
    Info (332115):     18.973      0.131 FF  CELL  alwaysud|solver|Mux8~114|combout
    Info (332115):     19.290      0.317 FF    IC  alwaysud|solver|Equal82~0|datab
    Info (332115):     19.694      0.404 FF  CELL  alwaysud|solver|Equal82~0|combout
    Info (332115):     20.166      0.472 FF    IC  alwaysud|solver|used~243|datac
    Info (332115):     20.464      0.298 FF  CELL  alwaysud|solver|used~243|combout
    Info (332115):     22.120      1.656 FF    IC  alwaysud|solver|Decoder1~60|datad
    Info (332115):     22.251      0.131 FF  CELL  alwaysud|solver|Decoder1~60|combout
    Info (332115):     22.569      0.318 FF    IC  alwaysud|solver|sol[3][3]~381|datad
    Info (332115):     22.700      0.131 FF  CELL  alwaysud|solver|sol[3][3]~381|combout
    Info (332115):     23.887      1.187 FF    IC  alwaysud|solver|sol[3][8]|ena
    Info (332115):     24.484      0.597 FF  CELL  alwaysud:alwaysud|alwaysud_solver:solver|sol[3][8]
    Info (332115): Data Required Path:
    Info (332115): Total (ns)  Incr (ns)     Type  Element
    Info (332115): ==========  ========= ==  ====  ===================================
    Info (332115):      1.000      1.000           latch edge time
    Info (332115):      1.000      0.000           source latency
    Info (332115):      1.000      0.000           clk
    Info (332115):      1.000      0.000 RR    IC  clk~input|i
    Info (332115):      1.769      0.769 RR  CELL  clk~input|o
    Info (332115):      2.627      0.858 RR    IC  clk~inputclkctrl|inclk[0]
    Info (332115):      2.627      0.000 RR  CELL  clk~inputclkctrl|outclk
    Info (332115):      4.063      1.436 RR    IC  alwaysud|solver|sol[3][8]|clk
    Info (332115):      4.538      0.475 RR  CELL  alwaysud:alwaysud|alwaysud_solver:solver|sol[3][8]
    Info (332115):      4.597      0.059           clock pessimism removed
    Info (332115):      4.577     -0.020           clock uncertainty
    Info (332115):      4.590      0.013     uTsu  alwaysud:alwaysud|alwaysud_solver:solver|sol[3][8]
    Info (332115): Data Arrival Time  :    24.484
    Info (332115): Data Required Time :     4.590
    Info (332115): Slack              :   -19.894 (VIOLATED)
    Info (332115): ===================================================================
Info (332115): Path #9: Setup slack is -19.886 (VIOLATED)
    Info (332115): ===================================================================
    Info (332115): From Node    : alwaysud:alwaysud|alwaysud_solver:solver|sol[0][2]
    Info (332115): To Node      : alwaysud:alwaysud|alwaysud_solver:solver|sol[8][7]
    Info (332115): Launch Clock : clk
    Info (332115): Latch Clock  : clk
    Info (332115): Data Arrival Path:
    Info (332115): Total (ns)  Incr (ns)     Type  Element
    Info (332115): ==========  ========= ==  ====  ===================================
    Info (332115):      0.000      0.000           launch edge time
    Info (332115):      0.000      0.000           source latency
    Info (332115):      0.000      0.000           clk
    Info (332115):      0.000      0.000 RR    IC  clk~input|i
    Info (332115):      0.769      0.769 RR  CELL  clk~input|o
    Info (332115):      1.663      0.894 RR    IC  clk~inputclkctrl|inclk[0]
    Info (332115):      1.663      0.000 RR  CELL  clk~inputclkctrl|outclk
    Info (332115):      3.165      1.502 RR    IC  alwaysud|solver|sol[0][2]|clk
    Info (332115):      3.675      0.510 RR  CELL  alwaysud:alwaysud|alwaysud_solver:solver|sol[0][2]
    Info (332115):      3.882      0.207     uTco  alwaysud:alwaysud|alwaysud_solver:solver|sol[0][2]
    Info (332115):      3.882      0.000 FF  CELL  alwaysud|solver|sol[0][2]|q
    Info (332115):      4.272      0.390 FF    IC  alwaysud|solver|Equal0~4|dataa
    Info (332115):      4.698      0.426 FR  CELL  alwaysud|solver|Equal0~4|combout
    Info (332115):      5.788      1.090 RR    IC  alwaysud|solver|Equal0~5|datac
    Info (332115):      6.093      0.305 RR  CELL  alwaysud|solver|Equal0~5|combout
    Info (332115):      6.360      0.267 RR    IC  alwaysud|solver|WideOr0~2|dataa
    Info (332115):      6.779      0.419 RF  CELL  alwaysud|solver|WideOr0~2|combout
    Info (332115):      7.593      0.814 FF    IC  alwaysud|solver|WideOr0~4|dataa
    Info (332115):      7.952      0.359 FF  CELL  alwaysud|solver|WideOr0~4|combout
    Info (332115):      8.460      0.508 FF    IC  alwaysud|solver|r~0|datab
    Info (332115):      8.884      0.424 FF  CELL  alwaysud|solver|r~0|combout
    Info (332115):      9.164      0.280 FF    IC  alwaysud|solver|r~3|datab
    Info (332115):      9.588      0.424 FF  CELL  alwaysud|solver|r~3|combout
    Info (332115):      9.974      0.386 FF    IC  alwaysud|solver|Mux3~13|datab
    Info (332115):     10.419      0.445 FR  CELL  alwaysud|solver|Mux3~13|combout
    Info (332115):     11.075      0.656 RR    IC  alwaysud|solver|Mux3~14|datad
    Info (332115):     11.220      0.145 RF  CELL  alwaysud|solver|Mux3~14|combout
    Info (332115):     11.454      0.234 FF    IC  alwaysud|solver|Mux3~15|datad
    Info (332115):     11.585      0.131 FF  CELL  alwaysud|solver|Mux3~15|combout
    Info (332115):     11.827      0.242 FF    IC  alwaysud|solver|Mux3~20|datac
    Info (332115):     12.130      0.303 FF  CELL  alwaysud|solver|Mux3~20|combout
    Info (332115):     12.411      0.281 FF    IC  alwaysud|solver|Add1~0|datab
    Info (332115):     12.892      0.481 FF  CELL  alwaysud|solver|Add1~0|cout
    Info (332115):     12.892      0.000 FF    IC  alwaysud|solver|Add1~2|cin
    Info (332115):     13.394      0.502 FF  CELL  alwaysud|solver|Add1~2|combout
    Info (332115):     13.668      0.274 FF    IC  alwaysud|solver|first_empty[1]~1|datad
    Info (332115):     13.799      0.131 FF  CELL  alwaysud|solver|first_empty[1]~1|combout
    Info (332115):     15.472      1.673 FF    IC  alwaysud|solver|Mux7~99|datac
    Info (332115):     15.770      0.298 FF  CELL  alwaysud|solver|Mux7~99|combout
    Info (332115):     16.010      0.240 FF    IC  alwaysud|solver|Mux7~100|datac
    Info (332115):     16.313      0.303 FF  CELL  alwaysud|solver|Mux7~100|combout
    Info (332115):     16.900      0.587 FF    IC  alwaysud|solver|Mux7~106|datac
    Info (332115):     17.203      0.303 FF  CELL  alwaysud|solver|Mux7~106|combout
    Info (332115):     17.438      0.235 FF    IC  alwaysud|solver|Mux7~112|datad
    Info (332115):     17.599      0.161 FR  CELL  alwaysud|solver|Mux7~112|combout
    Info (332115):     17.801      0.202 RR    IC  alwaysud|solver|Mux7~113|datac
    Info (332115):     18.106      0.305 RR  CELL  alwaysud|solver|Mux7~113|combout
    Info (332115):     18.858      0.752 RR    IC  alwaysud|solver|Mux7~114|datad
    Info (332115):     19.024      0.166 RR  CELL  alwaysud|solver|Mux7~114|combout
    Info (332115):     19.513      0.489 RR    IC  alwaysud|solver|Add2~8|dataa
    Info (332115):     20.019      0.506 RF  CELL  alwaysud|solver|Add2~8|cout
    Info (332115):     20.019      0.000 FF    IC  alwaysud|solver|Add2~10|cin
    Info (332115):     20.078      0.059 FR  CELL  alwaysud|solver|Add2~10|cout
    Info (332115):     20.078      0.000 RR    IC  alwaysud|solver|Add2~12|cin
    Info (332115):     20.715      0.637 RR  CELL  alwaysud|solver|Add2~12|combout
    Info (332115):     22.343      1.628 RR    IC  alwaysud|solver|pick_bit[7]|datad
    Info (332115):     22.509      0.166 RR  CELL  alwaysud|solver|pick_bit[7]|combout
    Info (332115):     24.163      1.654 RR    IC  alwaysud|solver|sol[8][7]~90|datad
    Info (332115):     24.329      0.166 RR  CELL  alwaysud|solver|sol[8][7]~90|combout
    Info (332115):     24.329      0.000 RR    IC  alwaysud|solver|sol[8][7]|d
    Info (332115):     24.418      0.089 RR  CELL  alwaysud:alwaysud|alwaysud_solver:solver|sol[8][7]
    Info (332115): Data Required Path:
    Info (332115): Total (ns)  Incr (ns)     Type  Element
    Info (332115): ==========  ========= ==  ====  ===================================
    Info (332115):      1.000      1.000           latch edge time
    Info (332115):      1.000      0.000           source latency
    Info (332115):      1.000      0.000           clk
    Info (332115):      1.000      0.000 RR    IC  clk~input|i
    Info (332115):      1.769      0.769 RR  CELL  clk~input|o
    Info (332115):      2.627      0.858 RR    IC  clk~inputclkctrl|inclk[0]
    Info (332115):      2.627      0.000 RR  CELL  clk~inputclkctrl|outclk
    Info (332115):      4.005      1.378 RR    IC  alwaysud|solver|sol[8][7]|clk
    Info (332115):      4.480      0.475 RR  CELL  alwaysud:alwaysud|alwaysud_solver:solver|sol[8][7]
    Info (332115):      4.539      0.059           clock pessimism removed
    Info (332115):      4.519     -0.020           clock uncertainty
    Info (332115):      4.532      0.013     uTsu  alwaysud:alwaysud|alwaysud_solver:solver|sol[8][7]
    Info (332115): Data Arrival Time  :    24.418
    Info (332115): Data Required Time :     4.532
    Info (332115): Slack              :   -19.886 (VIOLATED)
    Info (332115): ===================================================================
Info (332115): Path #10: Setup slack is -19.886 (VIOLATED)
    Info (332115): ===================================================================
    Info (332115): From Node    : alwaysud:alwaysud|alwaysud_solver:solver|sol[0][2]
    Info (332115): To Node      : alwaysud:alwaysud|alwaysud_solver:solver|sol[8][7]
    Info (332115): Launch Clock : clk
    Info (332115): Latch Clock  : clk
    Info (332115): Data Arrival Path:
    Info (332115): Total (ns)  Incr (ns)     Type  Element
    Info (332115): ==========  ========= ==  ====  ===================================
    Info (332115):      0.000      0.000           launch edge time
    Info (332115):      0.000      0.000           source latency
    Info (332115):      0.000      0.000           clk
    Info (332115):      0.000      0.000 RR    IC  clk~input|i
    Info (332115):      0.769      0.769 RR  CELL  clk~input|o
    Info (332115):      1.663      0.894 RR    IC  clk~inputclkctrl|inclk[0]
    Info (332115):      1.663      0.000 RR  CELL  clk~inputclkctrl|outclk
    Info (332115):      3.165      1.502 RR    IC  alwaysud|solver|sol[0][2]|clk
    Info (332115):      3.675      0.510 RR  CELL  alwaysud:alwaysud|alwaysud_solver:solver|sol[0][2]
    Info (332115):      3.882      0.207     uTco  alwaysud:alwaysud|alwaysud_solver:solver|sol[0][2]
    Info (332115):      3.882      0.000 FF  CELL  alwaysud|solver|sol[0][2]|q
    Info (332115):      4.272      0.390 FF    IC  alwaysud|solver|Equal0~4|dataa
    Info (332115):      4.698      0.426 FR  CELL  alwaysud|solver|Equal0~4|combout
    Info (332115):      5.788      1.090 RR    IC  alwaysud|solver|Equal0~5|datac
    Info (332115):      6.093      0.305 RR  CELL  alwaysud|solver|Equal0~5|combout
    Info (332115):      6.360      0.267 RR    IC  alwaysud|solver|WideOr0~2|dataa
    Info (332115):      6.779      0.419 RF  CELL  alwaysud|solver|WideOr0~2|combout
    Info (332115):      7.593      0.814 FF    IC  alwaysud|solver|WideOr0~4|dataa
    Info (332115):      7.952      0.359 FF  CELL  alwaysud|solver|WideOr0~4|combout
    Info (332115):      8.460      0.508 FF    IC  alwaysud|solver|r~0|datab
    Info (332115):      8.884      0.424 FF  CELL  alwaysud|solver|r~0|combout
    Info (332115):      9.164      0.280 FF    IC  alwaysud|solver|r~3|datab
    Info (332115):      9.588      0.424 FF  CELL  alwaysud|solver|r~3|combout
    Info (332115):      9.974      0.386 FF    IC  alwaysud|solver|Mux3~13|datab
    Info (332115):     10.419      0.445 FR  CELL  alwaysud|solver|Mux3~13|combout
    Info (332115):     11.075      0.656 RR    IC  alwaysud|solver|Mux3~14|datad
    Info (332115):     11.220      0.145 RF  CELL  alwaysud|solver|Mux3~14|combout
    Info (332115):     11.454      0.234 FF    IC  alwaysud|solver|Mux3~15|datad
    Info (332115):     11.585      0.131 FF  CELL  alwaysud|solver|Mux3~15|combout
    Info (332115):     11.827      0.242 FF    IC  alwaysud|solver|Mux3~20|datac
    Info (332115):     12.130      0.303 FF  CELL  alwaysud|solver|Mux3~20|combout
    Info (332115):     12.411      0.281 FF    IC  alwaysud|solver|Add1~0|datab
    Info (332115):     12.835      0.424 FF  CELL  alwaysud|solver|Add1~0|combout
    Info (332115):     13.350      0.515 FF    IC  alwaysud|solver|first_empty[0]~0|datad
    Info (332115):     13.481      0.131 FF  CELL  alwaysud|solver|first_empty[0]~0|combout
    Info (332115):     14.515      1.034 FF    IC  alwaysud|solver|Mux7~76|datab
    Info (332115):     14.939      0.424 FF  CELL  alwaysud|solver|Mux7~76|combout
    Info (332115):     15.174      0.235 FF    IC  alwaysud|solver|Mux7~77|datad
    Info (332115):     15.335      0.161 FR  CELL  alwaysud|solver|Mux7~77|combout
    Info (332115):     16.449      1.114 RR    IC  alwaysud|solver|Mux7~83|dataa
    Info (332115):     16.814      0.365 RR  CELL  alwaysud|solver|Mux7~83|combout
    Info (332115):     17.017      0.203 RR    IC  alwaysud|solver|Mux7~89|datad
    Info (332115):     17.162      0.145 RF  CELL  alwaysud|solver|Mux7~89|combout
    Info (332115):     17.403      0.241 FF    IC  alwaysud|solver|Mux7~90|datac
    Info (332115):     17.706      0.303 FF  CELL  alwaysud|solver|Mux7~90|combout
    Info (332115):     17.945      0.239 FF    IC  alwaysud|solver|Mux7~113|datad
    Info (332115):     18.106      0.161 FR  CELL  alwaysud|solver|Mux7~113|combout
    Info (332115):     18.858      0.752 RR    IC  alwaysud|solver|Mux7~114|datad
    Info (332115):     19.024      0.166 RR  CELL  alwaysud|solver|Mux7~114|combout
    Info (332115):     19.513      0.489 RR    IC  alwaysud|solver|Add2~8|dataa
    Info (332115):     20.019      0.506 RF  CELL  alwaysud|solver|Add2~8|cout
    Info (332115):     20.019      0.000 FF    IC  alwaysud|solver|Add2~10|cin
    Info (332115):     20.078      0.059 FR  CELL  alwaysud|solver|Add2~10|cout
    Info (332115):     20.078      0.000 RR    IC  alwaysud|solver|Add2~12|cin
    Info (332115):     20.715      0.637 RR  CELL  alwaysud|solver|Add2~12|combout
    Info (332115):     22.343      1.628 RR    IC  alwaysud|solver|pick_bit[7]|datad
    Info (332115):     22.509      0.166 RR  CELL  alwaysud|solver|pick_bit[7]|combout
    Info (332115):     24.163      1.654 RR    IC  alwaysud|solver|sol[8][7]~90|datad
    Info (332115):     24.329      0.166 RR  CELL  alwaysud|solver|sol[8][7]~90|combout
    Info (332115):     24.329      0.000 RR    IC  alwaysud|solver|sol[8][7]|d
    Info (332115):     24.418      0.089 RR  CELL  alwaysud:alwaysud|alwaysud_solver:solver|sol[8][7]
    Info (332115): Data Required Path:
    Info (332115): Total (ns)  Incr (ns)     Type  Element
    Info (332115): ==========  ========= ==  ====  ===================================
    Info (332115):      1.000      1.000           latch edge time
    Info (332115):      1.000      0.000           source latency
    Info (332115):      1.000      0.000           clk
    Info (332115):      1.000      0.000 RR    IC  clk~input|i
    Info (332115):      1.769      0.769 RR  CELL  clk~input|o
    Info (332115):      2.627      0.858 RR    IC  clk~inputclkctrl|inclk[0]
    Info (332115):      2.627      0.000 RR  CELL  clk~inputclkctrl|outclk
    Info (332115):      4.005      1.378 RR    IC  alwaysud|solver|sol[8][7]|clk
    Info (332115):      4.480      0.475 RR  CELL  alwaysud:alwaysud|alwaysud_solver:solver|sol[8][7]
    Info (332115):      4.539      0.059           clock pessimism removed
    Info (332115):      4.519     -0.020           clock uncertainty
    Info (332115):      4.532      0.013     uTsu  alwaysud:alwaysud|alwaysud_solver:solver|sol[8][7]
    Info (332115): Data Arrival Time  :    24.418
    Info (332115): Data Required Time :     4.532
    Info (332115): Slack              :   -19.886 (VIOLATED)
    Info (332115): ===================================================================
Info (332115): Path #11: Setup slack is -19.881 (VIOLATED)
    Info (332115): ===================================================================
    Info (332115): From Node    : alwaysud:alwaysud|alwaysud_solver:solver|sol[0][2]
    Info (332115): To Node      : alwaysud:alwaysud|alwaysud_solver:solver|sol[33][1]
    Info (332115): Launch Clock : clk
    Info (332115): Latch Clock  : clk
    Info (332115): Data Arrival Path:
    Info (332115): Total (ns)  Incr (ns)     Type  Element
    Info (332115): ==========  ========= ==  ====  ===================================
    Info (332115):      0.000      0.000           launch edge time
    Info (332115):      0.000      0.000           source latency
    Info (332115):      0.000      0.000           clk
    Info (332115):      0.000      0.000 RR    IC  clk~input|i
    Info (332115):      0.769      0.769 RR  CELL  clk~input|o
    Info (332115):      1.663      0.894 RR    IC  clk~inputclkctrl|inclk[0]
    Info (332115):      1.663      0.000 RR  CELL  clk~inputclkctrl|outclk
    Info (332115):      3.165      1.502 RR    IC  alwaysud|solver|sol[0][2]|clk
    Info (332115):      3.675      0.510 RR  CELL  alwaysud:alwaysud|alwaysud_solver:solver|sol[0][2]
    Info (332115):      3.882      0.207     uTco  alwaysud:alwaysud|alwaysud_solver:solver|sol[0][2]
    Info (332115):      3.882      0.000 FF  CELL  alwaysud|solver|sol[0][2]|q
    Info (332115):      4.272      0.390 FF    IC  alwaysud|solver|Equal0~4|dataa
    Info (332115):      4.698      0.426 FR  CELL  alwaysud|solver|Equal0~4|combout
    Info (332115):      5.788      1.090 RR    IC  alwaysud|solver|Equal0~5|datac
    Info (332115):      6.093      0.305 RR  CELL  alwaysud|solver|Equal0~5|combout
    Info (332115):      6.360      0.267 RR    IC  alwaysud|solver|WideOr0~2|dataa
    Info (332115):      6.779      0.419 RF  CELL  alwaysud|solver|WideOr0~2|combout
    Info (332115):      7.593      0.814 FF    IC  alwaysud|solver|WideOr0~4|dataa
    Info (332115):      7.952      0.359 FF  CELL  alwaysud|solver|WideOr0~4|combout
    Info (332115):      8.460      0.508 FF    IC  alwaysud|solver|r~0|datab
    Info (332115):      8.884      0.424 FF  CELL  alwaysud|solver|r~0|combout
    Info (332115):      9.164      0.280 FF    IC  alwaysud|solver|r~3|datab
    Info (332115):      9.588      0.424 FF  CELL  alwaysud|solver|r~3|combout
    Info (332115):      9.974      0.386 FF    IC  alwaysud|solver|Mux3~13|datab
    Info (332115):     10.419      0.445 FR  CELL  alwaysud|solver|Mux3~13|combout
    Info (332115):     11.075      0.656 RR    IC  alwaysud|solver|Mux3~14|datad
    Info (332115):     11.220      0.145 RF  CELL  alwaysud|solver|Mux3~14|combout
    Info (332115):     11.454      0.234 FF    IC  alwaysud|solver|Mux3~15|datad
    Info (332115):     11.585      0.131 FF  CELL  alwaysud|solver|Mux3~15|combout
    Info (332115):     11.827      0.242 FF    IC  alwaysud|solver|Mux3~20|datac
    Info (332115):     12.130      0.303 FF  CELL  alwaysud|solver|Mux3~20|combout
    Info (332115):     12.411      0.281 FF    IC  alwaysud|solver|Add1~0|datab
    Info (332115):     12.892      0.481 FF  CELL  alwaysud|solver|Add1~0|cout
    Info (332115):     12.892      0.000 FF    IC  alwaysud|solver|Add1~2|cin
    Info (332115):     13.394      0.502 FF  CELL  alwaysud|solver|Add1~2|combout
    Info (332115):     13.668      0.274 FF    IC  alwaysud|solver|first_empty[1]~1|datad
    Info (332115):     13.799      0.131 FF  CELL  alwaysud|solver|first_empty[1]~1|combout
    Info (332115):     15.311      1.512 FF    IC  alwaysud|solver|Mux8~76|datad
    Info (332115):     15.472      0.161 FR  CELL  alwaysud|solver|Mux8~76|combout
    Info (332115):     15.674      0.202 RR    IC  alwaysud|solver|Mux8~77|datad
    Info (332115):     15.840      0.166 RR  CELL  alwaysud|solver|Mux8~77|combout
    Info (332115):     16.569      0.729 RR    IC  alwaysud|solver|Mux8~83|datab
    Info (332115):     16.979      0.410 RR  CELL  alwaysud|solver|Mux8~83|combout
    Info (332115):     17.182      0.203 RR    IC  alwaysud|solver|Mux8~89|datad
    Info (332115):     17.327      0.145 RF  CELL  alwaysud|solver|Mux8~89|combout
    Info (332115):     17.570      0.243 FF    IC  alwaysud|solver|Mux8~90|datac
    Info (332115):     17.873      0.303 FF  CELL  alwaysud|solver|Mux8~90|combout
    Info (332115):     18.589      0.716 FF    IC  alwaysud|solver|Mux8~113|datad
    Info (332115):     18.750      0.161 FR  CELL  alwaysud|solver|Mux8~113|combout
    Info (332115):     18.953      0.203 RR    IC  alwaysud|solver|Mux8~114|datad
    Info (332115):     19.119      0.166 RR  CELL  alwaysud|solver|Mux8~114|combout
    Info (332115):     19.390      0.271 RR    IC  alwaysud|solver|Equal82~0|datab
    Info (332115):     19.813      0.423 RR  CELL  alwaysud|solver|Equal82~0|combout
    Info (332115):     20.050      0.237 RR    IC  alwaysud|solver|Decoder1~24|datac
    Info (332115):     20.354      0.304 RR  CELL  alwaysud|solver|Decoder1~24|combout
    Info (332115):     22.250      1.896 RR    IC  alwaysud|solver|Decoder1~26|datad
    Info (332115):     22.416      0.166 RR  CELL  alwaysud|solver|Decoder1~26|combout
    Info (332115):     22.639      0.223 RR    IC  alwaysud|solver|sol[33][2]~255|datad
    Info (332115):     22.805      0.166 RR  CELL  alwaysud|solver|sol[33][2]~255|combout
    Info (332115):     23.847      1.042 RR    IC  alwaysud|solver|sol[33][1]|ena
    Info (332115):     24.471      0.624 RR  CELL  alwaysud:alwaysud|alwaysud_solver:solver|sol[33][1]
    Info (332115): Data Required Path:
    Info (332115): Total (ns)  Incr (ns)     Type  Element
    Info (332115): ==========  ========= ==  ====  ===================================
    Info (332115):      1.000      1.000           latch edge time
    Info (332115):      1.000      0.000           source latency
    Info (332115):      1.000      0.000           clk
    Info (332115):      1.000      0.000 RR    IC  clk~input|i
    Info (332115):      1.769      0.769 RR  CELL  clk~input|o
    Info (332115):      2.627      0.858 RR    IC  clk~inputclkctrl|inclk[0]
    Info (332115):      2.627      0.000 RR  CELL  clk~inputclkctrl|outclk
    Info (332115):      4.063      1.436 RR    IC  alwaysud|solver|sol[33][1]|clk
    Info (332115):      4.538      0.475 RR  CELL  alwaysud:alwaysud|alwaysud_solver:solver|sol[33][1]
    Info (332115):      4.597      0.059           clock pessimism removed
    Info (332115):      4.577     -0.020           clock uncertainty
    Info (332115):      4.590      0.013     uTsu  alwaysud:alwaysud|alwaysud_solver:solver|sol[33][1]
    Info (332115): Data Arrival Time  :    24.471
    Info (332115): Data Required Time :     4.590
    Info (332115): Slack              :   -19.881 (VIOLATED)
    Info (332115): ===================================================================
Info (332115): Path #12: Setup slack is -19.881 (VIOLATED)
    Info (332115): ===================================================================
    Info (332115): From Node    : alwaysud:alwaysud|alwaysud_solver:solver|sol[0][2]
    Info (332115): To Node      : alwaysud:alwaysud|alwaysud_solver:solver|sol[33][2]
    Info (332115): Launch Clock : clk
    Info (332115): Latch Clock  : clk
    Info (332115): Data Arrival Path:
    Info (332115): Total (ns)  Incr (ns)     Type  Element
    Info (332115): ==========  ========= ==  ====  ===================================
    Info (332115):      0.000      0.000           launch edge time
    Info (332115):      0.000      0.000           source latency
    Info (332115):      0.000      0.000           clk
    Info (332115):      0.000      0.000 RR    IC  clk~input|i
    Info (332115):      0.769      0.769 RR  CELL  clk~input|o
    Info (332115):      1.663      0.894 RR    IC  clk~inputclkctrl|inclk[0]
    Info (332115):      1.663      0.000 RR  CELL  clk~inputclkctrl|outclk
    Info (332115):      3.165      1.502 RR    IC  alwaysud|solver|sol[0][2]|clk
    Info (332115):      3.675      0.510 RR  CELL  alwaysud:alwaysud|alwaysud_solver:solver|sol[0][2]
    Info (332115):      3.882      0.207     uTco  alwaysud:alwaysud|alwaysud_solver:solver|sol[0][2]
    Info (332115):      3.882      0.000 FF  CELL  alwaysud|solver|sol[0][2]|q
    Info (332115):      4.272      0.390 FF    IC  alwaysud|solver|Equal0~4|dataa
    Info (332115):      4.698      0.426 FR  CELL  alwaysud|solver|Equal0~4|combout
    Info (332115):      5.788      1.090 RR    IC  alwaysud|solver|Equal0~5|datac
    Info (332115):      6.093      0.305 RR  CELL  alwaysud|solver|Equal0~5|combout
    Info (332115):      6.360      0.267 RR    IC  alwaysud|solver|WideOr0~2|dataa
    Info (332115):      6.779      0.419 RF  CELL  alwaysud|solver|WideOr0~2|combout
    Info (332115):      7.593      0.814 FF    IC  alwaysud|solver|WideOr0~4|dataa
    Info (332115):      7.952      0.359 FF  CELL  alwaysud|solver|WideOr0~4|combout
    Info (332115):      8.460      0.508 FF    IC  alwaysud|solver|r~0|datab
    Info (332115):      8.884      0.424 FF  CELL  alwaysud|solver|r~0|combout
    Info (332115):      9.164      0.280 FF    IC  alwaysud|solver|r~3|datab
    Info (332115):      9.588      0.424 FF  CELL  alwaysud|solver|r~3|combout
    Info (332115):      9.974      0.386 FF    IC  alwaysud|solver|Mux3~13|datab
    Info (332115):     10.419      0.445 FR  CELL  alwaysud|solver|Mux3~13|combout
    Info (332115):     11.075      0.656 RR    IC  alwaysud|solver|Mux3~14|datad
    Info (332115):     11.220      0.145 RF  CELL  alwaysud|solver|Mux3~14|combout
    Info (332115):     11.454      0.234 FF    IC  alwaysud|solver|Mux3~15|datad
    Info (332115):     11.585      0.131 FF  CELL  alwaysud|solver|Mux3~15|combout
    Info (332115):     11.827      0.242 FF    IC  alwaysud|solver|Mux3~20|datac
    Info (332115):     12.130      0.303 FF  CELL  alwaysud|solver|Mux3~20|combout
    Info (332115):     12.411      0.281 FF    IC  alwaysud|solver|Add1~0|datab
    Info (332115):     12.892      0.481 FF  CELL  alwaysud|solver|Add1~0|cout
    Info (332115):     12.892      0.000 FF    IC  alwaysud|solver|Add1~2|cin
    Info (332115):     13.394      0.502 FF  CELL  alwaysud|solver|Add1~2|combout
    Info (332115):     13.668      0.274 FF    IC  alwaysud|solver|first_empty[1]~1|datad
    Info (332115):     13.799      0.131 FF  CELL  alwaysud|solver|first_empty[1]~1|combout
    Info (332115):     15.311      1.512 FF    IC  alwaysud|solver|Mux8~76|datad
    Info (332115):     15.472      0.161 FR  CELL  alwaysud|solver|Mux8~76|combout
    Info (332115):     15.674      0.202 RR    IC  alwaysud|solver|Mux8~77|datad
    Info (332115):     15.840      0.166 RR  CELL  alwaysud|solver|Mux8~77|combout
    Info (332115):     16.569      0.729 RR    IC  alwaysud|solver|Mux8~83|datab
    Info (332115):     16.979      0.410 RR  CELL  alwaysud|solver|Mux8~83|combout
    Info (332115):     17.182      0.203 RR    IC  alwaysud|solver|Mux8~89|datad
    Info (332115):     17.327      0.145 RF  CELL  alwaysud|solver|Mux8~89|combout
    Info (332115):     17.570      0.243 FF    IC  alwaysud|solver|Mux8~90|datac
    Info (332115):     17.873      0.303 FF  CELL  alwaysud|solver|Mux8~90|combout
    Info (332115):     18.589      0.716 FF    IC  alwaysud|solver|Mux8~113|datad
    Info (332115):     18.750      0.161 FR  CELL  alwaysud|solver|Mux8~113|combout
    Info (332115):     18.953      0.203 RR    IC  alwaysud|solver|Mux8~114|datad
    Info (332115):     19.119      0.166 RR  CELL  alwaysud|solver|Mux8~114|combout
    Info (332115):     19.390      0.271 RR    IC  alwaysud|solver|Equal82~0|datab
    Info (332115):     19.813      0.423 RR  CELL  alwaysud|solver|Equal82~0|combout
    Info (332115):     20.050      0.237 RR    IC  alwaysud|solver|Decoder1~24|datac
    Info (332115):     20.354      0.304 RR  CELL  alwaysud|solver|Decoder1~24|combout
    Info (332115):     22.250      1.896 RR    IC  alwaysud|solver|Decoder1~26|datad
    Info (332115):     22.416      0.166 RR  CELL  alwaysud|solver|Decoder1~26|combout
    Info (332115):     22.639      0.223 RR    IC  alwaysud|solver|sol[33][2]~255|datad
    Info (332115):     22.805      0.166 RR  CELL  alwaysud|solver|sol[33][2]~255|combout
    Info (332115):     23.847      1.042 RR    IC  alwaysud|solver|sol[33][2]|ena
    Info (332115):     24.471      0.624 RR  CELL  alwaysud:alwaysud|alwaysud_solver:solver|sol[33][2]
    Info (332115): Data Required Path:
    Info (332115): Total (ns)  Incr (ns)     Type  Element
    Info (332115): ==========  ========= ==  ====  ===================================
    Info (332115):      1.000      1.000           latch edge time
    Info (332115):      1.000      0.000           source latency
    Info (332115):      1.000      0.000           clk
    Info (332115):      1.000      0.000 RR    IC  clk~input|i
    Info (332115):      1.769      0.769 RR  CELL  clk~input|o
    Info (332115):      2.627      0.858 RR    IC  clk~inputclkctrl|inclk[0]
    Info (332115):      2.627      0.000 RR  CELL  clk~inputclkctrl|outclk
    Info (332115):      4.063      1.436 RR    IC  alwaysud|solver|sol[33][2]|clk
    Info (332115):      4.538      0.475 RR  CELL  alwaysud:alwaysud|alwaysud_solver:solver|sol[33][2]
    Info (332115):      4.597      0.059           clock pessimism removed
    Info (332115):      4.577     -0.020           clock uncertainty
    Info (332115):      4.590      0.013     uTsu  alwaysud:alwaysud|alwaysud_solver:solver|sol[33][2]
    Info (332115): Data Arrival Time  :    24.471
    Info (332115): Data Required Time :     4.590
    Info (332115): Slack              :   -19.881 (VIOLATED)
    Info (332115): ===================================================================
Info (332115): Path #13: Setup slack is -19.881 (VIOLATED)
    Info (332115): ===================================================================
    Info (332115): From Node    : alwaysud:alwaysud|alwaysud_solver:solver|sol[0][2]
    Info (332115): To Node      : alwaysud:alwaysud|alwaysud_solver:solver|sol[33][8]
    Info (332115): Launch Clock : clk
    Info (332115): Latch Clock  : clk
    Info (332115): Data Arrival Path:
    Info (332115): Total (ns)  Incr (ns)     Type  Element
    Info (332115): ==========  ========= ==  ====  ===================================
    Info (332115):      0.000      0.000           launch edge time
    Info (332115):      0.000      0.000           source latency
    Info (332115):      0.000      0.000           clk
    Info (332115):      0.000      0.000 RR    IC  clk~input|i
    Info (332115):      0.769      0.769 RR  CELL  clk~input|o
    Info (332115):      1.663      0.894 RR    IC  clk~inputclkctrl|inclk[0]
    Info (332115):      1.663      0.000 RR  CELL  clk~inputclkctrl|outclk
    Info (332115):      3.165      1.502 RR    IC  alwaysud|solver|sol[0][2]|clk
    Info (332115):      3.675      0.510 RR  CELL  alwaysud:alwaysud|alwaysud_solver:solver|sol[0][2]
    Info (332115):      3.882      0.207     uTco  alwaysud:alwaysud|alwaysud_solver:solver|sol[0][2]
    Info (332115):      3.882      0.000 FF  CELL  alwaysud|solver|sol[0][2]|q
    Info (332115):      4.272      0.390 FF    IC  alwaysud|solver|Equal0~4|dataa
    Info (332115):      4.698      0.426 FR  CELL  alwaysud|solver|Equal0~4|combout
    Info (332115):      5.788      1.090 RR    IC  alwaysud|solver|Equal0~5|datac
    Info (332115):      6.093      0.305 RR  CELL  alwaysud|solver|Equal0~5|combout
    Info (332115):      6.360      0.267 RR    IC  alwaysud|solver|WideOr0~2|dataa
    Info (332115):      6.779      0.419 RF  CELL  alwaysud|solver|WideOr0~2|combout
    Info (332115):      7.593      0.814 FF    IC  alwaysud|solver|WideOr0~4|dataa
    Info (332115):      7.952      0.359 FF  CELL  alwaysud|solver|WideOr0~4|combout
    Info (332115):      8.460      0.508 FF    IC  alwaysud|solver|r~0|datab
    Info (332115):      8.884      0.424 FF  CELL  alwaysud|solver|r~0|combout
    Info (332115):      9.164      0.280 FF    IC  alwaysud|solver|r~3|datab
    Info (332115):      9.588      0.424 FF  CELL  alwaysud|solver|r~3|combout
    Info (332115):      9.974      0.386 FF    IC  alwaysud|solver|Mux3~13|datab
    Info (332115):     10.419      0.445 FR  CELL  alwaysud|solver|Mux3~13|combout
    Info (332115):     11.075      0.656 RR    IC  alwaysud|solver|Mux3~14|datad
    Info (332115):     11.220      0.145 RF  CELL  alwaysud|solver|Mux3~14|combout
    Info (332115):     11.454      0.234 FF    IC  alwaysud|solver|Mux3~15|datad
    Info (332115):     11.585      0.131 FF  CELL  alwaysud|solver|Mux3~15|combout
    Info (332115):     11.827      0.242 FF    IC  alwaysud|solver|Mux3~20|datac
    Info (332115):     12.130      0.303 FF  CELL  alwaysud|solver|Mux3~20|combout
    Info (332115):     12.411      0.281 FF    IC  alwaysud|solver|Add1~0|datab
    Info (332115):     12.892      0.481 FF  CELL  alwaysud|solver|Add1~0|cout
    Info (332115):     12.892      0.000 FF    IC  alwaysud|solver|Add1~2|cin
    Info (332115):     13.394      0.502 FF  CELL  alwaysud|solver|Add1~2|combout
    Info (332115):     13.668      0.274 FF    IC  alwaysud|solver|first_empty[1]~1|datad
    Info (332115):     13.799      0.131 FF  CELL  alwaysud|solver|first_empty[1]~1|combout
    Info (332115):     15.311      1.512 FF    IC  alwaysud|solver|Mux8~76|datad
    Info (332115):     15.472      0.161 FR  CELL  alwaysud|solver|Mux8~76|combout
    Info (332115):     15.674      0.202 RR    IC  alwaysud|solver|Mux8~77|datad
    Info (332115):     15.840      0.166 RR  CELL  alwaysud|solver|Mux8~77|combout
    Info (332115):     16.569      0.729 RR    IC  alwaysud|solver|Mux8~83|datab
    Info (332115):     16.979      0.410 RR  CELL  alwaysud|solver|Mux8~83|combout
    Info (332115):     17.182      0.203 RR    IC  alwaysud|solver|Mux8~89|datad
    Info (332115):     17.327      0.145 RF  CELL  alwaysud|solver|Mux8~89|combout
    Info (332115):     17.570      0.243 FF    IC  alwaysud|solver|Mux8~90|datac
    Info (332115):     17.873      0.303 FF  CELL  alwaysud|solver|Mux8~90|combout
    Info (332115):     18.589      0.716 FF    IC  alwaysud|solver|Mux8~113|datad
    Info (332115):     18.750      0.161 FR  CELL  alwaysud|solver|Mux8~113|combout
    Info (332115):     18.953      0.203 RR    IC  alwaysud|solver|Mux8~114|datad
    Info (332115):     19.119      0.166 RR  CELL  alwaysud|solver|Mux8~114|combout
    Info (332115):     19.390      0.271 RR    IC  alwaysud|solver|Equal82~0|datab
    Info (332115):     19.813      0.423 RR  CELL  alwaysud|solver|Equal82~0|combout
    Info (332115):     20.050      0.237 RR    IC  alwaysud|solver|Decoder1~24|datac
    Info (332115):     20.354      0.304 RR  CELL  alwaysud|solver|Decoder1~24|combout
    Info (332115):     22.250      1.896 RR    IC  alwaysud|solver|Decoder1~26|datad
    Info (332115):     22.416      0.166 RR  CELL  alwaysud|solver|Decoder1~26|combout
    Info (332115):     22.639      0.223 RR    IC  alwaysud|solver|sol[33][2]~255|datad
    Info (332115):     22.805      0.166 RR  CELL  alwaysud|solver|sol[33][2]~255|combout
    Info (332115):     23.847      1.042 RR    IC  alwaysud|solver|sol[33][8]|ena
    Info (332115):     24.471      0.624 RR  CELL  alwaysud:alwaysud|alwaysud_solver:solver|sol[33][8]
    Info (332115): Data Required Path:
    Info (332115): Total (ns)  Incr (ns)     Type  Element
    Info (332115): ==========  ========= ==  ====  ===================================
    Info (332115):      1.000      1.000           latch edge time
    Info (332115):      1.000      0.000           source latency
    Info (332115):      1.000      0.000           clk
    Info (332115):      1.000      0.000 RR    IC  clk~input|i
    Info (332115):      1.769      0.769 RR  CELL  clk~input|o
    Info (332115):      2.627      0.858 RR    IC  clk~inputclkctrl|inclk[0]
    Info (332115):      2.627      0.000 RR  CELL  clk~inputclkctrl|outclk
    Info (332115):      4.063      1.436 RR    IC  alwaysud|solver|sol[33][8]|clk
    Info (332115):      4.538      0.475 RR  CELL  alwaysud:alwaysud|alwaysud_solver:solver|sol[33][8]
    Info (332115):      4.597      0.059           clock pessimism removed
    Info (332115):      4.577     -0.020           clock uncertainty
    Info (332115):      4.590      0.013     uTsu  alwaysud:alwaysud|alwaysud_solver:solver|sol[33][8]
    Info (332115): Data Arrival Time  :    24.471
    Info (332115): Data Required Time :     4.590
    Info (332115): Slack              :   -19.881 (VIOLATED)
    Info (332115): ===================================================================
Info (332115): Path #14: Setup slack is -19.881 (VIOLATED)
    Info (332115): ===================================================================
    Info (332115): From Node    : alwaysud:alwaysud|alwaysud_solver:solver|sol[0][2]
    Info (332115): To Node      : alwaysud:alwaysud|alwaysud_solver:solver|sol[33][7]
    Info (332115): Launch Clock : clk
    Info (332115): Latch Clock  : clk
    Info (332115): Data Arrival Path:
    Info (332115): Total (ns)  Incr (ns)     Type  Element
    Info (332115): ==========  ========= ==  ====  ===================================
    Info (332115):      0.000      0.000           launch edge time
    Info (332115):      0.000      0.000           source latency
    Info (332115):      0.000      0.000           clk
    Info (332115):      0.000      0.000 RR    IC  clk~input|i
    Info (332115):      0.769      0.769 RR  CELL  clk~input|o
    Info (332115):      1.663      0.894 RR    IC  clk~inputclkctrl|inclk[0]
    Info (332115):      1.663      0.000 RR  CELL  clk~inputclkctrl|outclk
    Info (332115):      3.165      1.502 RR    IC  alwaysud|solver|sol[0][2]|clk
    Info (332115):      3.675      0.510 RR  CELL  alwaysud:alwaysud|alwaysud_solver:solver|sol[0][2]
    Info (332115):      3.882      0.207     uTco  alwaysud:alwaysud|alwaysud_solver:solver|sol[0][2]
    Info (332115):      3.882      0.000 FF  CELL  alwaysud|solver|sol[0][2]|q
    Info (332115):      4.272      0.390 FF    IC  alwaysud|solver|Equal0~4|dataa
    Info (332115):      4.698      0.426 FR  CELL  alwaysud|solver|Equal0~4|combout
    Info (332115):      5.788      1.090 RR    IC  alwaysud|solver|Equal0~5|datac
    Info (332115):      6.093      0.305 RR  CELL  alwaysud|solver|Equal0~5|combout
    Info (332115):      6.360      0.267 RR    IC  alwaysud|solver|WideOr0~2|dataa
    Info (332115):      6.779      0.419 RF  CELL  alwaysud|solver|WideOr0~2|combout
    Info (332115):      7.593      0.814 FF    IC  alwaysud|solver|WideOr0~4|dataa
    Info (332115):      7.952      0.359 FF  CELL  alwaysud|solver|WideOr0~4|combout
    Info (332115):      8.460      0.508 FF    IC  alwaysud|solver|r~0|datab
    Info (332115):      8.884      0.424 FF  CELL  alwaysud|solver|r~0|combout
    Info (332115):      9.164      0.280 FF    IC  alwaysud|solver|r~3|datab
    Info (332115):      9.588      0.424 FF  CELL  alwaysud|solver|r~3|combout
    Info (332115):      9.974      0.386 FF    IC  alwaysud|solver|Mux3~13|datab
    Info (332115):     10.419      0.445 FR  CELL  alwaysud|solver|Mux3~13|combout
    Info (332115):     11.075      0.656 RR    IC  alwaysud|solver|Mux3~14|datad
    Info (332115):     11.220      0.145 RF  CELL  alwaysud|solver|Mux3~14|combout
    Info (332115):     11.454      0.234 FF    IC  alwaysud|solver|Mux3~15|datad
    Info (332115):     11.585      0.131 FF  CELL  alwaysud|solver|Mux3~15|combout
    Info (332115):     11.827      0.242 FF    IC  alwaysud|solver|Mux3~20|datac
    Info (332115):     12.130      0.303 FF  CELL  alwaysud|solver|Mux3~20|combout
    Info (332115):     12.411      0.281 FF    IC  alwaysud|solver|Add1~0|datab
    Info (332115):     12.892      0.481 FF  CELL  alwaysud|solver|Add1~0|cout
    Info (332115):     12.892      0.000 FF    IC  alwaysud|solver|Add1~2|cin
    Info (332115):     13.394      0.502 FF  CELL  alwaysud|solver|Add1~2|combout
    Info (332115):     13.668      0.274 FF    IC  alwaysud|solver|first_empty[1]~1|datad
    Info (332115):     13.799      0.131 FF  CELL  alwaysud|solver|first_empty[1]~1|combout
    Info (332115):     15.311      1.512 FF    IC  alwaysud|solver|Mux8~76|datad
    Info (332115):     15.472      0.161 FR  CELL  alwaysud|solver|Mux8~76|combout
    Info (332115):     15.674      0.202 RR    IC  alwaysud|solver|Mux8~77|datad
    Info (332115):     15.840      0.166 RR  CELL  alwaysud|solver|Mux8~77|combout
    Info (332115):     16.569      0.729 RR    IC  alwaysud|solver|Mux8~83|datab
    Info (332115):     16.979      0.410 RR  CELL  alwaysud|solver|Mux8~83|combout
    Info (332115):     17.182      0.203 RR    IC  alwaysud|solver|Mux8~89|datad
    Info (332115):     17.327      0.145 RF  CELL  alwaysud|solver|Mux8~89|combout
    Info (332115):     17.570      0.243 FF    IC  alwaysud|solver|Mux8~90|datac
    Info (332115):     17.873      0.303 FF  CELL  alwaysud|solver|Mux8~90|combout
    Info (332115):     18.589      0.716 FF    IC  alwaysud|solver|Mux8~113|datad
    Info (332115):     18.750      0.161 FR  CELL  alwaysud|solver|Mux8~113|combout
    Info (332115):     18.953      0.203 RR    IC  alwaysud|solver|Mux8~114|datad
    Info (332115):     19.119      0.166 RR  CELL  alwaysud|solver|Mux8~114|combout
    Info (332115):     19.390      0.271 RR    IC  alwaysud|solver|Equal82~0|datab
    Info (332115):     19.813      0.423 RR  CELL  alwaysud|solver|Equal82~0|combout
    Info (332115):     20.050      0.237 RR    IC  alwaysud|solver|Decoder1~24|datac
    Info (332115):     20.354      0.304 RR  CELL  alwaysud|solver|Decoder1~24|combout
    Info (332115):     22.250      1.896 RR    IC  alwaysud|solver|Decoder1~26|datad
    Info (332115):     22.416      0.166 RR  CELL  alwaysud|solver|Decoder1~26|combout
    Info (332115):     22.639      0.223 RR    IC  alwaysud|solver|sol[33][2]~255|datad
    Info (332115):     22.805      0.166 RR  CELL  alwaysud|solver|sol[33][2]~255|combout
    Info (332115):     23.847      1.042 RR    IC  alwaysud|solver|sol[33][7]|ena
    Info (332115):     24.471      0.624 RR  CELL  alwaysud:alwaysud|alwaysud_solver:solver|sol[33][7]
    Info (332115): Data Required Path:
    Info (332115): Total (ns)  Incr (ns)     Type  Element
    Info (332115): ==========  ========= ==  ====  ===================================
    Info (332115):      1.000      1.000           latch edge time
    Info (332115):      1.000      0.000           source latency
    Info (332115):      1.000      0.000           clk
    Info (332115):      1.000      0.000 RR    IC  clk~input|i
    Info (332115):      1.769      0.769 RR  CELL  clk~input|o
    Info (332115):      2.627      0.858 RR    IC  clk~inputclkctrl|inclk[0]
    Info (332115):      2.627      0.000 RR  CELL  clk~inputclkctrl|outclk
    Info (332115):      4.063      1.436 RR    IC  alwaysud|solver|sol[33][7]|clk
    Info (332115):      4.538      0.475 RR  CELL  alwaysud:alwaysud|alwaysud_solver:solver|sol[33][7]
    Info (332115):      4.597      0.059           clock pessimism removed
    Info (332115):      4.577     -0.020           clock uncertainty
    Info (332115):      4.590      0.013     uTsu  alwaysud:alwaysud|alwaysud_solver:solver|sol[33][7]
    Info (332115): Data Arrival Time  :    24.471
    Info (332115): Data Required Time :     4.590
    Info (332115): Slack              :   -19.881 (VIOLATED)
    Info (332115): ===================================================================
Info (332115): Path #15: Setup slack is -19.878 (VIOLATED)
    Info (332115): ===================================================================
    Info (332115): From Node    : alwaysud:alwaysud|alwaysud_solver:solver|sol[0][2]
    Info (332115): To Node      : alwaysud:alwaysud|alwaysud_solver:solver|sol[3][8]
    Info (332115): Launch Clock : clk
    Info (332115): Latch Clock  : clk
    Info (332115): Data Arrival Path:
    Info (332115): Total (ns)  Incr (ns)     Type  Element
    Info (332115): ==========  ========= ==  ====  ===================================
    Info (332115):      0.000      0.000           launch edge time
    Info (332115):      0.000      0.000           source latency
    Info (332115):      0.000      0.000           clk
    Info (332115):      0.000      0.000 RR    IC  clk~input|i
    Info (332115):      0.769      0.769 RR  CELL  clk~input|o
    Info (332115):      1.663      0.894 RR    IC  clk~inputclkctrl|inclk[0]
    Info (332115):      1.663      0.000 RR  CELL  clk~inputclkctrl|outclk
    Info (332115):      3.165      1.502 RR    IC  alwaysud|solver|sol[0][2]|clk
    Info (332115):      3.675      0.510 RR  CELL  alwaysud:alwaysud|alwaysud_solver:solver|sol[0][2]
    Info (332115):      3.882      0.207     uTco  alwaysud:alwaysud|alwaysud_solver:solver|sol[0][2]
    Info (332115):      3.882      0.000 FF  CELL  alwaysud|solver|sol[0][2]|q
    Info (332115):      4.272      0.390 FF    IC  alwaysud|solver|Equal0~4|dataa
    Info (332115):      4.698      0.426 FR  CELL  alwaysud|solver|Equal0~4|combout
    Info (332115):      5.788      1.090 RR    IC  alwaysud|solver|Equal0~5|datac
    Info (332115):      6.093      0.305 RR  CELL  alwaysud|solver|Equal0~5|combout
    Info (332115):      6.360      0.267 RR    IC  alwaysud|solver|WideOr0~2|dataa
    Info (332115):      6.779      0.419 RF  CELL  alwaysud|solver|WideOr0~2|combout
    Info (332115):      7.593      0.814 FF    IC  alwaysud|solver|WideOr0~4|dataa
    Info (332115):      7.952      0.359 FF  CELL  alwaysud|solver|WideOr0~4|combout
    Info (332115):      8.460      0.508 FF    IC  alwaysud|solver|r~0|datab
    Info (332115):      8.884      0.424 FF  CELL  alwaysud|solver|r~0|combout
    Info (332115):      9.164      0.280 FF    IC  alwaysud|solver|r~3|datab
    Info (332115):      9.588      0.424 FF  CELL  alwaysud|solver|r~3|combout
    Info (332115):      9.974      0.386 FF    IC  alwaysud|solver|Mux3~13|datab
    Info (332115):     10.419      0.445 FR  CELL  alwaysud|solver|Mux3~13|combout
    Info (332115):     11.075      0.656 RR    IC  alwaysud|solver|Mux3~14|datad
    Info (332115):     11.220      0.145 RF  CELL  alwaysud|solver|Mux3~14|combout
    Info (332115):     11.454      0.234 FF    IC  alwaysud|solver|Mux3~15|datad
    Info (332115):     11.585      0.131 FF  CELL  alwaysud|solver|Mux3~15|combout
    Info (332115):     11.827      0.242 FF    IC  alwaysud|solver|Mux3~20|datac
    Info (332115):     12.130      0.303 FF  CELL  alwaysud|solver|Mux3~20|combout
    Info (332115):     12.411      0.281 FF    IC  alwaysud|solver|Add1~0|datab
    Info (332115):     12.892      0.481 FF  CELL  alwaysud|solver|Add1~0|cout
    Info (332115):     12.892      0.000 FF    IC  alwaysud|solver|Add1~2|cin
    Info (332115):     13.394      0.502 FF  CELL  alwaysud|solver|Add1~2|combout
    Info (332115):     13.668      0.274 FF    IC  alwaysud|solver|first_empty[1]~1|datad
    Info (332115):     13.799      0.131 FF  CELL  alwaysud|solver|first_empty[1]~1|combout
    Info (332115):     14.775      0.976 FF    IC  alwaysud|solver|Mux7~76|datad
    Info (332115):     14.936      0.161 FR  CELL  alwaysud|solver|Mux7~76|combout
    Info (332115):     15.140      0.204 RR    IC  alwaysud|solver|Mux7~77|datad
    Info (332115):     15.306      0.166 RR  CELL  alwaysud|solver|Mux7~77|combout
    Info (332115):     16.420      1.114 RR    IC  alwaysud|solver|Mux7~83|dataa
    Info (332115):     16.785      0.365 RR  CELL  alwaysud|solver|Mux7~83|combout
    Info (332115):     16.988      0.203 RR    IC  alwaysud|solver|Mux7~89|datad
    Info (332115):     17.133      0.145 RF  CELL  alwaysud|solver|Mux7~89|combout
    Info (332115):     17.374      0.241 FF    IC  alwaysud|solver|Mux7~90|datac
    Info (332115):     17.677      0.303 FF  CELL  alwaysud|solver|Mux7~90|combout
    Info (332115):     17.916      0.239 FF    IC  alwaysud|solver|Mux7~113|datad
    Info (332115):     18.077      0.161 FR  CELL  alwaysud|solver|Mux7~113|combout
    Info (332115):     18.829      0.752 RR    IC  alwaysud|solver|Mux7~114|datad
    Info (332115):     18.995      0.166 RR  CELL  alwaysud|solver|Mux7~114|combout
    Info (332115):     19.277      0.282 RR    IC  alwaysud|solver|Equal82~0|dataa
    Info (332115):     19.699      0.422 RR  CELL  alwaysud|solver|Equal82~0|combout
    Info (332115):     20.153      0.454 RR    IC  alwaysud|solver|used~243|datac
    Info (332115):     20.457      0.304 RR  CELL  alwaysud|solver|used~243|combout
    Info (332115):     22.063      1.606 RR    IC  alwaysud|solver|Decoder1~60|datad
    Info (332115):     22.229      0.166 RR  CELL  alwaysud|solver|Decoder1~60|combout
    Info (332115):     22.498      0.269 RR    IC  alwaysud|solver|sol[3][3]~381|datad
    Info (332115):     22.664      0.166 RR  CELL  alwaysud|solver|sol[3][3]~381|combout
    Info (332115):     23.844      1.180 RR    IC  alwaysud|solver|sol[3][8]|ena
    Info (332115):     24.468      0.624 RR  CELL  alwaysud:alwaysud|alwaysud_solver:solver|sol[3][8]
    Info (332115): Data Required Path:
    Info (332115): Total (ns)  Incr (ns)     Type  Element
    Info (332115): ==========  ========= ==  ====  ===================================
    Info (332115):      1.000      1.000           latch edge time
    Info (332115):      1.000      0.000           source latency
    Info (332115):      1.000      0.000           clk
    Info (332115):      1.000      0.000 RR    IC  clk~input|i
    Info (332115):      1.769      0.769 RR  CELL  clk~input|o
    Info (332115):      2.627      0.858 RR    IC  clk~inputclkctrl|inclk[0]
    Info (332115):      2.627      0.000 RR  CELL  clk~inputclkctrl|outclk
    Info (332115):      4.063      1.436 RR    IC  alwaysud|solver|sol[3][8]|clk
    Info (332115):      4.538      0.475 RR  CELL  alwaysud:alwaysud|alwaysud_solver:solver|sol[3][8]
    Info (332115):      4.597      0.059           clock pessimism removed
    Info (332115):      4.577     -0.020           clock uncertainty
    Info (332115):      4.590      0.013     uTsu  alwaysud:alwaysud|alwaysud_solver:solver|sol[3][8]
    Info (332115): Data Arrival Time  :    24.468
    Info (332115): Data Required Time :     4.590
    Info (332115): Slack              :   -19.878 (VIOLATED)
    Info (332115): ===================================================================
Info (332115): Path #16: Setup slack is -19.875 (VIOLATED)
    Info (332115): ===================================================================
    Info (332115): From Node    : alwaysud:alwaysud|alwaysud_solver:solver|sol[0][2]
    Info (332115): To Node      : alwaysud:alwaysud|alwaysud_solver:solver|sol[3][8]
    Info (332115): Launch Clock : clk
    Info (332115): Latch Clock  : clk
    Info (332115): Data Arrival Path:
    Info (332115): Total (ns)  Incr (ns)     Type  Element
    Info (332115): ==========  ========= ==  ====  ===================================
    Info (332115):      0.000      0.000           launch edge time
    Info (332115):      0.000      0.000           source latency
    Info (332115):      0.000      0.000           clk
    Info (332115):      0.000      0.000 RR    IC  clk~input|i
    Info (332115):      0.769      0.769 RR  CELL  clk~input|o
    Info (332115):      1.663      0.894 RR    IC  clk~inputclkctrl|inclk[0]
    Info (332115):      1.663      0.000 RR  CELL  clk~inputclkctrl|outclk
    Info (332115):      3.165      1.502 RR    IC  alwaysud|solver|sol[0][2]|clk
    Info (332115):      3.675      0.510 RR  CELL  alwaysud:alwaysud|alwaysud_solver:solver|sol[0][2]
    Info (332115):      3.882      0.207     uTco  alwaysud:alwaysud|alwaysud_solver:solver|sol[0][2]
    Info (332115):      3.882      0.000 FF  CELL  alwaysud|solver|sol[0][2]|q
    Info (332115):      4.272      0.390 FF    IC  alwaysud|solver|Equal0~4|dataa
    Info (332115):      4.698      0.426 FR  CELL  alwaysud|solver|Equal0~4|combout
    Info (332115):      5.788      1.090 RR    IC  alwaysud|solver|Equal0~5|datac
    Info (332115):      6.093      0.305 RR  CELL  alwaysud|solver|Equal0~5|combout
    Info (332115):      6.360      0.267 RR    IC  alwaysud|solver|WideOr0~2|dataa
    Info (332115):      6.779      0.419 RF  CELL  alwaysud|solver|WideOr0~2|combout
    Info (332115):      7.593      0.814 FF    IC  alwaysud|solver|WideOr0~4|dataa
    Info (332115):      7.952      0.359 FF  CELL  alwaysud|solver|WideOr0~4|combout
    Info (332115):      8.460      0.508 FF    IC  alwaysud|solver|r~0|datab
    Info (332115):      8.884      0.424 FF  CELL  alwaysud|solver|r~0|combout
    Info (332115):      9.164      0.280 FF    IC  alwaysud|solver|r~3|datab
    Info (332115):      9.588      0.424 FF  CELL  alwaysud|solver|r~3|combout
    Info (332115):      9.974      0.386 FF    IC  alwaysud|solver|Mux3~13|datab
    Info (332115):     10.419      0.445 FR  CELL  alwaysud|solver|Mux3~13|combout
    Info (332115):     11.075      0.656 RR    IC  alwaysud|solver|Mux3~14|datad
    Info (332115):     11.220      0.145 RF  CELL  alwaysud|solver|Mux3~14|combout
    Info (332115):     11.454      0.234 FF    IC  alwaysud|solver|Mux3~15|datad
    Info (332115):     11.585      0.131 FF  CELL  alwaysud|solver|Mux3~15|combout
    Info (332115):     11.827      0.242 FF    IC  alwaysud|solver|Mux3~20|datac
    Info (332115):     12.130      0.303 FF  CELL  alwaysud|solver|Mux3~20|combout
    Info (332115):     12.411      0.281 FF    IC  alwaysud|solver|Add1~0|datab
    Info (332115):     12.892      0.481 FF  CELL  alwaysud|solver|Add1~0|cout
    Info (332115):     12.892      0.000 FF    IC  alwaysud|solver|Add1~2|cin
    Info (332115):     13.394      0.502 FF  CELL  alwaysud|solver|Add1~2|combout
    Info (332115):     13.668      0.274 FF    IC  alwaysud|solver|first_empty[1]~1|datad
    Info (332115):     13.799      0.131 FF  CELL  alwaysud|solver|first_empty[1]~1|combout
    Info (332115):     15.238      1.439 FF    IC  alwaysud|solver|Mux5~90|datac
    Info (332115):     15.536      0.298 FF  CELL  alwaysud|solver|Mux5~90|combout
    Info (332115):     15.783      0.247 FF    IC  alwaysud|solver|Mux5~91|datac
    Info (332115):     16.086      0.303 FF  CELL  alwaysud|solver|Mux5~91|combout
    Info (332115):     16.935      0.849 FF    IC  alwaysud|solver|Mux5~92|datac
    Info (332115):     17.238      0.303 FF  CELL  alwaysud|solver|Mux5~92|combout
    Info (332115):     17.478      0.240 FF    IC  alwaysud|solver|Mux5~93|datac
    Info (332115):     17.781      0.303 FF  CELL  alwaysud|solver|Mux5~93|combout
    Info (332115):     18.020      0.239 FF    IC  alwaysud|solver|Mux5~116|datad
    Info (332115):     18.181      0.161 FR  CELL  alwaysud|solver|Mux5~116|combout
    Info (332115):     18.591      0.410 RR    IC  alwaysud|solver|Mux5~117|datad
    Info (332115):     18.757      0.166 RR  CELL  alwaysud|solver|Mux5~117|combout
    Info (332115):     19.530      0.773 RR    IC  alwaysud|solver|Equal82~0|datad
    Info (332115):     19.696      0.166 RR  CELL  alwaysud|solver|Equal82~0|combout
    Info (332115):     20.150      0.454 RR    IC  alwaysud|solver|used~243|datac
    Info (332115):     20.454      0.304 RR  CELL  alwaysud|solver|used~243|combout
    Info (332115):     22.060      1.606 RR    IC  alwaysud|solver|Decoder1~60|datad
    Info (332115):     22.226      0.166 RR  CELL  alwaysud|solver|Decoder1~60|combout
    Info (332115):     22.495      0.269 RR    IC  alwaysud|solver|sol[3][3]~381|datad
    Info (332115):     22.661      0.166 RR  CELL  alwaysud|solver|sol[3][3]~381|combout
    Info (332115):     23.841      1.180 RR    IC  alwaysud|solver|sol[3][8]|ena
    Info (332115):     24.465      0.624 RR  CELL  alwaysud:alwaysud|alwaysud_solver:solver|sol[3][8]
    Info (332115): Data Required Path:
    Info (332115): Total (ns)  Incr (ns)     Type  Element
    Info (332115): ==========  ========= ==  ====  ===================================
    Info (332115):      1.000      1.000           latch edge time
    Info (332115):      1.000      0.000           source latency
    Info (332115):      1.000      0.000           clk
    Info (332115):      1.000      0.000 RR    IC  clk~input|i
    Info (332115):      1.769      0.769 RR  CELL  clk~input|o
    Info (332115):      2.627      0.858 RR    IC  clk~inputclkctrl|inclk[0]
    Info (332115):      2.627      0.000 RR  CELL  clk~inputclkctrl|outclk
    Info (332115):      4.063      1.436 RR    IC  alwaysud|solver|sol[3][8]|clk
    Info (332115):      4.538      0.475 RR  CELL  alwaysud:alwaysud|alwaysud_solver:solver|sol[3][8]
    Info (332115):      4.597      0.059           clock pessimism removed
    Info (332115):      4.577     -0.020           clock uncertainty
    Info (332115):      4.590      0.013     uTsu  alwaysud:alwaysud|alwaysud_solver:solver|sol[3][8]
    Info (332115): Data Arrival Time  :    24.465
    Info (332115): Data Required Time :     4.590
    Info (332115): Slack              :   -19.875 (VIOLATED)
    Info (332115): ===================================================================
Info (332115): Path #17: Setup slack is -19.862 (VIOLATED)
    Info (332115): ===================================================================
    Info (332115): From Node    : alwaysud:alwaysud|alwaysud_solver:solver|sol[0][2]
    Info (332115): To Node      : alwaysud:alwaysud|alwaysud_solver:solver|sol[7][0]
    Info (332115): Launch Clock : clk
    Info (332115): Latch Clock  : clk
    Info (332115): Data Arrival Path:
    Info (332115): Total (ns)  Incr (ns)     Type  Element
    Info (332115): ==========  ========= ==  ====  ===================================
    Info (332115):      0.000      0.000           launch edge time
    Info (332115):      0.000      0.000           source latency
    Info (332115):      0.000      0.000           clk
    Info (332115):      0.000      0.000 RR    IC  clk~input|i
    Info (332115):      0.769      0.769 RR  CELL  clk~input|o
    Info (332115):      1.663      0.894 RR    IC  clk~inputclkctrl|inclk[0]
    Info (332115):      1.663      0.000 RR  CELL  clk~inputclkctrl|outclk
    Info (332115):      3.165      1.502 RR    IC  alwaysud|solver|sol[0][2]|clk
    Info (332115):      3.675      0.510 RR  CELL  alwaysud:alwaysud|alwaysud_solver:solver|sol[0][2]
    Info (332115):      3.882      0.207     uTco  alwaysud:alwaysud|alwaysud_solver:solver|sol[0][2]
    Info (332115):      3.882      0.000 FF  CELL  alwaysud|solver|sol[0][2]|q
    Info (332115):      4.272      0.390 FF    IC  alwaysud|solver|Equal0~4|dataa
    Info (332115):      4.698      0.426 FR  CELL  alwaysud|solver|Equal0~4|combout
    Info (332115):      5.788      1.090 RR    IC  alwaysud|solver|Equal0~5|datac
    Info (332115):      6.093      0.305 RR  CELL  alwaysud|solver|Equal0~5|combout
    Info (332115):      6.360      0.267 RR    IC  alwaysud|solver|WideOr0~2|dataa
    Info (332115):      6.779      0.419 RF  CELL  alwaysud|solver|WideOr0~2|combout
    Info (332115):      7.593      0.814 FF    IC  alwaysud|solver|WideOr0~4|dataa
    Info (332115):      7.952      0.359 FF  CELL  alwaysud|solver|WideOr0~4|combout
    Info (332115):      8.460      0.508 FF    IC  alwaysud|solver|r~0|datab
    Info (332115):      8.884      0.424 FF  CELL  alwaysud|solver|r~0|combout
    Info (332115):      9.164      0.280 FF    IC  alwaysud|solver|r~3|datab
    Info (332115):      9.588      0.424 FF  CELL  alwaysud|solver|r~3|combout
    Info (332115):      9.974      0.386 FF    IC  alwaysud|solver|Mux3~13|datab
    Info (332115):     10.419      0.445 FR  CELL  alwaysud|solver|Mux3~13|combout
    Info (332115):     11.075      0.656 RR    IC  alwaysud|solver|Mux3~14|datad
    Info (332115):     11.220      0.145 RF  CELL  alwaysud|solver|Mux3~14|combout
    Info (332115):     11.454      0.234 FF    IC  alwaysud|solver|Mux3~15|datad
    Info (332115):     11.585      0.131 FF  CELL  alwaysud|solver|Mux3~15|combout
    Info (332115):     11.827      0.242 FF    IC  alwaysud|solver|Mux3~20|datac
    Info (332115):     12.130      0.303 FF  CELL  alwaysud|solver|Mux3~20|combout
    Info (332115):     12.411      0.281 FF    IC  alwaysud|solver|Add1~0|datab
    Info (332115):     12.892      0.481 FF  CELL  alwaysud|solver|Add1~0|cout
    Info (332115):     12.892      0.000 FF    IC  alwaysud|solver|Add1~2|cin
    Info (332115):     13.394      0.502 FF  CELL  alwaysud|solver|Add1~2|combout
    Info (332115):     13.668      0.274 FF    IC  alwaysud|solver|first_empty[1]~1|datad
    Info (332115):     13.799      0.131 FF  CELL  alwaysud|solver|first_empty[1]~1|combout
    Info (332115):     15.311      1.512 FF    IC  alwaysud|solver|Mux8~76|datad
    Info (332115):     15.472      0.161 FR  CELL  alwaysud|solver|Mux8~76|combout
    Info (332115):     15.674      0.202 RR    IC  alwaysud|solver|Mux8~77|datad
    Info (332115):     15.840      0.166 RR  CELL  alwaysud|solver|Mux8~77|combout
    Info (332115):     16.569      0.729 RR    IC  alwaysud|solver|Mux8~83|datab
    Info (332115):     16.979      0.410 RR  CELL  alwaysud|solver|Mux8~83|combout
    Info (332115):     17.182      0.203 RR    IC  alwaysud|solver|Mux8~89|datad
    Info (332115):     17.327      0.145 RF  CELL  alwaysud|solver|Mux8~89|combout
    Info (332115):     17.570      0.243 FF    IC  alwaysud|solver|Mux8~90|datac
    Info (332115):     17.873      0.303 FF  CELL  alwaysud|solver|Mux8~90|combout
    Info (332115):     18.589      0.716 FF    IC  alwaysud|solver|Mux8~113|datad
    Info (332115):     18.750      0.161 FR  CELL  alwaysud|solver|Mux8~113|combout
    Info (332115):     18.953      0.203 RR    IC  alwaysud|solver|Mux8~114|datad
    Info (332115):     19.119      0.166 RR  CELL  alwaysud|solver|Mux8~114|combout
    Info (332115):     19.390      0.271 RR    IC  alwaysud|solver|Equal82~0|datab
    Info (332115):     19.813      0.423 RR  CELL  alwaysud|solver|Equal82~0|combout
    Info (332115):     20.508      0.695 RR    IC  alwaysud|solver|Decoder1~2|datac
    Info (332115):     20.812      0.304 RR  CELL  alwaysud|solver|Decoder1~2|combout
    Info (332115):     22.807      1.995 RR    IC  alwaysud|solver|sol[7][3]~369|datad
    Info (332115):     22.952      0.145 RF  CELL  alwaysud|solver|sol[7][3]~369|combout
    Info (332115):     23.212      0.260 FF    IC  alwaysud|solver|Selector923~2|datac
    Info (332115):     23.510      0.298 FF  CELL  alwaysud|solver|Selector923~2|combout
    Info (332115):     24.226      0.716 FF    IC  alwaysud|solver|Selector923~3|datad
    Info (332115):     24.357      0.131 FF  CELL  alwaysud|solver|Selector923~3|combout
    Info (332115):     24.357      0.000 FF    IC  alwaysud|solver|sol[7][0]|d
    Info (332115):     24.451      0.094 FF  CELL  alwaysud:alwaysud|alwaysud_solver:solver|sol[7][0]
    Info (332115): Data Required Path:
    Info (332115): Total (ns)  Incr (ns)     Type  Element
    Info (332115): ==========  ========= ==  ====  ===================================
    Info (332115):      1.000      1.000           latch edge time
    Info (332115):      1.000      0.000           source latency
    Info (332115):      1.000      0.000           clk
    Info (332115):      1.000      0.000 RR    IC  clk~input|i
    Info (332115):      1.769      0.769 RR  CELL  clk~input|o
    Info (332115):      2.627      0.858 RR    IC  clk~inputclkctrl|inclk[0]
    Info (332115):      2.627      0.000 RR  CELL  clk~inputclkctrl|outclk
    Info (332115):      4.062      1.435 RR    IC  alwaysud|solver|sol[7][0]|clk
    Info (332115):      4.537      0.475 RR  CELL  alwaysud:alwaysud|alwaysud_solver:solver|sol[7][0]
    Info (332115):      4.596      0.059           clock pessimism removed
    Info (332115):      4.576     -0.020           clock uncertainty
    Info (332115):      4.589      0.013     uTsu  alwaysud:alwaysud|alwaysud_solver:solver|sol[7][0]
    Info (332115): Data Arrival Time  :    24.451
    Info (332115): Data Required Time :     4.589
    Info (332115): Slack              :   -19.862 (VIOLATED)
    Info (332115): ===================================================================
Info (332115): Path #18: Setup slack is -19.862 (VIOLATED)
    Info (332115): ===================================================================
    Info (332115): From Node    : alwaysud:alwaysud|alwaysud_solver:solver|sol[0][2]
    Info (332115): To Node      : alwaysud:alwaysud|alwaysud_solver:solver|sol[3][8]
    Info (332115): Launch Clock : clk
    Info (332115): Latch Clock  : clk
    Info (332115): Data Arrival Path:
    Info (332115): Total (ns)  Incr (ns)     Type  Element
    Info (332115): ==========  ========= ==  ====  ===================================
    Info (332115):      0.000      0.000           launch edge time
    Info (332115):      0.000      0.000           source latency
    Info (332115):      0.000      0.000           clk
    Info (332115):      0.000      0.000 RR    IC  clk~input|i
    Info (332115):      0.769      0.769 RR  CELL  clk~input|o
    Info (332115):      1.663      0.894 RR    IC  clk~inputclkctrl|inclk[0]
    Info (332115):      1.663      0.000 RR  CELL  clk~inputclkctrl|outclk
    Info (332115):      3.165      1.502 RR    IC  alwaysud|solver|sol[0][2]|clk
    Info (332115):      3.675      0.510 RR  CELL  alwaysud:alwaysud|alwaysud_solver:solver|sol[0][2]
    Info (332115):      3.882      0.207     uTco  alwaysud:alwaysud|alwaysud_solver:solver|sol[0][2]
    Info (332115):      3.882      0.000 FF  CELL  alwaysud|solver|sol[0][2]|q
    Info (332115):      4.272      0.390 FF    IC  alwaysud|solver|Equal0~4|dataa
    Info (332115):      4.698      0.426 FR  CELL  alwaysud|solver|Equal0~4|combout
    Info (332115):      5.788      1.090 RR    IC  alwaysud|solver|Equal0~5|datac
    Info (332115):      6.093      0.305 RR  CELL  alwaysud|solver|Equal0~5|combout
    Info (332115):      6.360      0.267 RR    IC  alwaysud|solver|WideOr0~2|dataa
    Info (332115):      6.779      0.419 RF  CELL  alwaysud|solver|WideOr0~2|combout
    Info (332115):      7.593      0.814 FF    IC  alwaysud|solver|WideOr0~4|dataa
    Info (332115):      7.952      0.359 FF  CELL  alwaysud|solver|WideOr0~4|combout
    Info (332115):      8.460      0.508 FF    IC  alwaysud|solver|r~0|datab
    Info (332115):      8.884      0.424 FF  CELL  alwaysud|solver|r~0|combout
    Info (332115):      9.164      0.280 FF    IC  alwaysud|solver|r~3|datab
    Info (332115):      9.588      0.424 FF  CELL  alwaysud|solver|r~3|combout
    Info (332115):      9.974      0.386 FF    IC  alwaysud|solver|Mux3~13|datab
    Info (332115):     10.419      0.445 FR  CELL  alwaysud|solver|Mux3~13|combout
    Info (332115):     11.075      0.656 RR    IC  alwaysud|solver|Mux3~14|datad
    Info (332115):     11.220      0.145 RF  CELL  alwaysud|solver|Mux3~14|combout
    Info (332115):     11.454      0.234 FF    IC  alwaysud|solver|Mux3~15|datad
    Info (332115):     11.585      0.131 FF  CELL  alwaysud|solver|Mux3~15|combout
    Info (332115):     11.827      0.242 FF    IC  alwaysud|solver|Mux3~20|datac
    Info (332115):     12.130      0.303 FF  CELL  alwaysud|solver|Mux3~20|combout
    Info (332115):     12.411      0.281 FF    IC  alwaysud|solver|Add1~0|datab
    Info (332115):     12.892      0.481 FF  CELL  alwaysud|solver|Add1~0|cout
    Info (332115):     12.892      0.000 FF    IC  alwaysud|solver|Add1~2|cin
    Info (332115):     13.365      0.473 FR  CELL  alwaysud|solver|Add1~2|combout
    Info (332115):     14.178      0.813 RR    IC  alwaysud|solver|Mux12~13|datad
    Info (332115):     14.344      0.166 RR  CELL  alwaysud|solver|Mux12~13|combout
    Info (332115):     15.664      1.320 RR    IC  alwaysud|solver|Mux12~97|datad
    Info (332115):     15.809      0.145 RF  CELL  alwaysud|solver|Mux12~97|combout
    Info (332115):     16.589      0.780 FF    IC  alwaysud|solver|Mux12~103|datac
    Info (332115):     16.892      0.303 FF  CELL  alwaysud|solver|Mux12~103|combout
    Info (332115):     17.127      0.235 FF    IC  alwaysud|solver|Mux12~109|datad
    Info (332115):     17.288      0.161 FR  CELL  alwaysud|solver|Mux12~109|combout
    Info (332115):     17.491      0.203 RR    IC  alwaysud|solver|Mux12~110|datad
    Info (332115):     17.657      0.166 RR  CELL  alwaysud|solver|Mux12~110|combout
    Info (332115):     18.373      0.716 RR    IC  alwaysud|solver|Mux12~133|datad
    Info (332115):     18.539      0.166 RR  CELL  alwaysud|solver|Mux12~133|combout
    Info (332115):     18.742      0.203 RR    IC  alwaysud|solver|Mux12~134|datad
    Info (332115):     18.908      0.166 RR  CELL  alwaysud|solver|Mux12~134|combout
    Info (332115):     19.188      0.280 RR    IC  alwaysud|solver|Equal82~1|datab
    Info (332115):     19.611      0.423 RR  CELL  alwaysud|solver|Equal82~1|combout
    Info (332115):     20.275      0.664 RR    IC  alwaysud|solver|used~243|datad
    Info (332115):     20.441      0.166 RR  CELL  alwaysud|solver|used~243|combout
    Info (332115):     22.047      1.606 RR    IC  alwaysud|solver|Decoder1~60|datad
    Info (332115):     22.213      0.166 RR  CELL  alwaysud|solver|Decoder1~60|combout
    Info (332115):     22.482      0.269 RR    IC  alwaysud|solver|sol[3][3]~381|datad
    Info (332115):     22.648      0.166 RR  CELL  alwaysud|solver|sol[3][3]~381|combout
    Info (332115):     23.828      1.180 RR    IC  alwaysud|solver|sol[3][8]|ena
    Info (332115):     24.452      0.624 RR  CELL  alwaysud:alwaysud|alwaysud_solver:solver|sol[3][8]
    Info (332115): Data Required Path:
    Info (332115): Total (ns)  Incr (ns)     Type  Element
    Info (332115): ==========  ========= ==  ====  ===================================
    Info (332115):      1.000      1.000           latch edge time
    Info (332115):      1.000      0.000           source latency
    Info (332115):      1.000      0.000           clk
    Info (332115):      1.000      0.000 RR    IC  clk~input|i
    Info (332115):      1.769      0.769 RR  CELL  clk~input|o
    Info (332115):      2.627      0.858 RR    IC  clk~inputclkctrl|inclk[0]
    Info (332115):      2.627      0.000 RR  CELL  clk~inputclkctrl|outclk
    Info (332115):      4.063      1.436 RR    IC  alwaysud|solver|sol[3][8]|clk
    Info (332115):      4.538      0.475 RR  CELL  alwaysud:alwaysud|alwaysud_solver:solver|sol[3][8]
    Info (332115):      4.597      0.059           clock pessimism removed
    Info (332115):      4.577     -0.020           clock uncertainty
    Info (332115):      4.590      0.013     uTsu  alwaysud:alwaysud|alwaysud_solver:solver|sol[3][8]
    Info (332115): Data Arrival Time  :    24.452
    Info (332115): Data Required Time :     4.590
    Info (332115): Slack              :   -19.862 (VIOLATED)
    Info (332115): ===================================================================
Info (332115): Path #19: Setup slack is -19.858 (VIOLATED)
    Info (332115): ===================================================================
    Info (332115): From Node    : alwaysud:alwaysud|alwaysud_solver:solver|sol[0][2]
    Info (332115): To Node      : alwaysud:alwaysud|alwaysud_solver:solver|sol[8][7]
    Info (332115): Launch Clock : clk
    Info (332115): Latch Clock  : clk
    Info (332115): Data Arrival Path:
    Info (332115): Total (ns)  Incr (ns)     Type  Element
    Info (332115): ==========  ========= ==  ====  ===================================
    Info (332115):      0.000      0.000           launch edge time
    Info (332115):      0.000      0.000           source latency
    Info (332115):      0.000      0.000           clk
    Info (332115):      0.000      0.000 RR    IC  clk~input|i
    Info (332115):      0.769      0.769 RR  CELL  clk~input|o
    Info (332115):      1.663      0.894 RR    IC  clk~inputclkctrl|inclk[0]
    Info (332115):      1.663      0.000 RR  CELL  clk~inputclkctrl|outclk
    Info (332115):      3.165      1.502 RR    IC  alwaysud|solver|sol[0][2]|clk
    Info (332115):      3.675      0.510 RR  CELL  alwaysud:alwaysud|alwaysud_solver:solver|sol[0][2]
    Info (332115):      3.882      0.207     uTco  alwaysud:alwaysud|alwaysud_solver:solver|sol[0][2]
    Info (332115):      3.882      0.000 FF  CELL  alwaysud|solver|sol[0][2]|q
    Info (332115):      4.272      0.390 FF    IC  alwaysud|solver|Equal0~4|dataa
    Info (332115):      4.698      0.426 FR  CELL  alwaysud|solver|Equal0~4|combout
    Info (332115):      5.788      1.090 RR    IC  alwaysud|solver|Equal0~5|datac
    Info (332115):      6.093      0.305 RR  CELL  alwaysud|solver|Equal0~5|combout
    Info (332115):      6.360      0.267 RR    IC  alwaysud|solver|WideOr0~2|dataa
    Info (332115):      6.779      0.419 RF  CELL  alwaysud|solver|WideOr0~2|combout
    Info (332115):      7.593      0.814 FF    IC  alwaysud|solver|WideOr0~4|dataa
    Info (332115):      7.952      0.359 FF  CELL  alwaysud|solver|WideOr0~4|combout
    Info (332115):      8.460      0.508 FF    IC  alwaysud|solver|r~0|datab
    Info (332115):      8.884      0.424 FF  CELL  alwaysud|solver|r~0|combout
    Info (332115):      9.164      0.280 FF    IC  alwaysud|solver|r~3|datab
    Info (332115):      9.588      0.424 FF  CELL  alwaysud|solver|r~3|combout
    Info (332115):      9.974      0.386 FF    IC  alwaysud|solver|Mux3~13|datab
    Info (332115):     10.419      0.445 FR  CELL  alwaysud|solver|Mux3~13|combout
    Info (332115):     11.075      0.656 RR    IC  alwaysud|solver|Mux3~14|datad
    Info (332115):     11.220      0.145 RF  CELL  alwaysud|solver|Mux3~14|combout
    Info (332115):     11.454      0.234 FF    IC  alwaysud|solver|Mux3~15|datad
    Info (332115):     11.585      0.131 FF  CELL  alwaysud|solver|Mux3~15|combout
    Info (332115):     11.827      0.242 FF    IC  alwaysud|solver|Mux3~20|datac
    Info (332115):     12.130      0.303 FF  CELL  alwaysud|solver|Mux3~20|combout
    Info (332115):     12.411      0.281 FF    IC  alwaysud|solver|Add1~0|datab
    Info (332115):     12.892      0.481 FF  CELL  alwaysud|solver|Add1~0|cout
    Info (332115):     12.892      0.000 FF    IC  alwaysud|solver|Add1~2|cin
    Info (332115):     13.394      0.502 FF  CELL  alwaysud|solver|Add1~2|combout
    Info (332115):     13.668      0.274 FF    IC  alwaysud|solver|first_empty[1]~1|datad
    Info (332115):     13.799      0.131 FF  CELL  alwaysud|solver|first_empty[1]~1|combout
    Info (332115):     15.311      1.512 FF    IC  alwaysud|solver|Mux8~76|datad
    Info (332115):     15.472      0.161 FR  CELL  alwaysud|solver|Mux8~76|combout
    Info (332115):     15.674      0.202 RR    IC  alwaysud|solver|Mux8~77|datad
    Info (332115):     15.840      0.166 RR  CELL  alwaysud|solver|Mux8~77|combout
    Info (332115):     16.569      0.729 RR    IC  alwaysud|solver|Mux8~83|datab
    Info (332115):     16.979      0.410 RR  CELL  alwaysud|solver|Mux8~83|combout
    Info (332115):     17.182      0.203 RR    IC  alwaysud|solver|Mux8~89|datad
    Info (332115):     17.327      0.145 RF  CELL  alwaysud|solver|Mux8~89|combout
    Info (332115):     17.570      0.243 FF    IC  alwaysud|solver|Mux8~90|datac
    Info (332115):     17.873      0.303 FF  CELL  alwaysud|solver|Mux8~90|combout
    Info (332115):     18.589      0.716 FF    IC  alwaysud|solver|Mux8~113|datad
    Info (332115):     18.750      0.161 FR  CELL  alwaysud|solver|Mux8~113|combout
    Info (332115):     18.953      0.203 RR    IC  alwaysud|solver|Mux8~114|datad
    Info (332115):     19.119      0.166 RR  CELL  alwaysud|solver|Mux8~114|combout
    Info (332115):     19.566      0.447 RR    IC  alwaysud|solver|Add2~6|dataa
    Info (332115):     19.932      0.366 RR  CELL  alwaysud|solver|Add2~6|cout
    Info (332115):     19.932      0.000 RR    IC  alwaysud|solver|Add2~8|cin
    Info (332115):     19.991      0.059 RF  CELL  alwaysud|solver|Add2~8|cout
    Info (332115):     19.991      0.000 FF    IC  alwaysud|solver|Add2~10|cin
    Info (332115):     20.050      0.059 FR  CELL  alwaysud|solver|Add2~10|cout
    Info (332115):     20.050      0.000 RR    IC  alwaysud|solver|Add2~12|cin
    Info (332115):     20.687      0.637 RR  CELL  alwaysud|solver|Add2~12|combout
    Info (332115):     22.315      1.628 RR    IC  alwaysud|solver|pick_bit[7]|datad
    Info (332115):     22.481      0.166 RR  CELL  alwaysud|solver|pick_bit[7]|combout
    Info (332115):     24.135      1.654 RR    IC  alwaysud|solver|sol[8][7]~90|datad
    Info (332115):     24.301      0.166 RR  CELL  alwaysud|solver|sol[8][7]~90|combout
    Info (332115):     24.301      0.000 RR    IC  alwaysud|solver|sol[8][7]|d
    Info (332115):     24.390      0.089 RR  CELL  alwaysud:alwaysud|alwaysud_solver:solver|sol[8][7]
    Info (332115): Data Required Path:
    Info (332115): Total (ns)  Incr (ns)     Type  Element
    Info (332115): ==========  ========= ==  ====  ===================================
    Info (332115):      1.000      1.000           latch edge time
    Info (332115):      1.000      0.000           source latency
    Info (332115):      1.000      0.000           clk
    Info (332115):      1.000      0.000 RR    IC  clk~input|i
    Info (332115):      1.769      0.769 RR  CELL  clk~input|o
    Info (332115):      2.627      0.858 RR    IC  clk~inputclkctrl|inclk[0]
    Info (332115):      2.627      0.000 RR  CELL  clk~inputclkctrl|outclk
    Info (332115):      4.005      1.378 RR    IC  alwaysud|solver|sol[8][7]|clk
    Info (332115):      4.480      0.475 RR  CELL  alwaysud:alwaysud|alwaysud_solver:solver|sol[8][7]
    Info (332115):      4.539      0.059           clock pessimism removed
    Info (332115):      4.519     -0.020           clock uncertainty
    Info (332115):      4.532      0.013     uTsu  alwaysud:alwaysud|alwaysud_solver:solver|sol[8][7]
    Info (332115): Data Arrival Time  :    24.390
    Info (332115): Data Required Time :     4.532
    Info (332115): Slack              :   -19.858 (VIOLATED)
    Info (332115): ===================================================================
Info (332115): Path #20: Setup slack is -19.857 (VIOLATED)
    Info (332115): ===================================================================
    Info (332115): From Node    : alwaysud:alwaysud|alwaysud_solver:solver|sol[0][2]
    Info (332115): To Node      : alwaysud:alwaysud|alwaysud_solver:solver|sol[8][7]
    Info (332115): Launch Clock : clk
    Info (332115): Latch Clock  : clk
    Info (332115): Data Arrival Path:
    Info (332115): Total (ns)  Incr (ns)     Type  Element
    Info (332115): ==========  ========= ==  ====  ===================================
    Info (332115):      0.000      0.000           launch edge time
    Info (332115):      0.000      0.000           source latency
    Info (332115):      0.000      0.000           clk
    Info (332115):      0.000      0.000 RR    IC  clk~input|i
    Info (332115):      0.769      0.769 RR  CELL  clk~input|o
    Info (332115):      1.663      0.894 RR    IC  clk~inputclkctrl|inclk[0]
    Info (332115):      1.663      0.000 RR  CELL  clk~inputclkctrl|outclk
    Info (332115):      3.165      1.502 RR    IC  alwaysud|solver|sol[0][2]|clk
    Info (332115):      3.675      0.510 RR  CELL  alwaysud:alwaysud|alwaysud_solver:solver|sol[0][2]
    Info (332115):      3.882      0.207     uTco  alwaysud:alwaysud|alwaysud_solver:solver|sol[0][2]
    Info (332115):      3.882      0.000 FF  CELL  alwaysud|solver|sol[0][2]|q
    Info (332115):      4.272      0.390 FF    IC  alwaysud|solver|Equal0~4|dataa
    Info (332115):      4.698      0.426 FR  CELL  alwaysud|solver|Equal0~4|combout
    Info (332115):      5.788      1.090 RR    IC  alwaysud|solver|Equal0~5|datac
    Info (332115):      6.093      0.305 RR  CELL  alwaysud|solver|Equal0~5|combout
    Info (332115):      6.360      0.267 RR    IC  alwaysud|solver|WideOr0~2|dataa
    Info (332115):      6.779      0.419 RF  CELL  alwaysud|solver|WideOr0~2|combout
    Info (332115):      7.593      0.814 FF    IC  alwaysud|solver|WideOr0~4|dataa
    Info (332115):      7.952      0.359 FF  CELL  alwaysud|solver|WideOr0~4|combout
    Info (332115):      8.460      0.508 FF    IC  alwaysud|solver|r~0|datab
    Info (332115):      8.884      0.424 FF  CELL  alwaysud|solver|r~0|combout
    Info (332115):      9.164      0.280 FF    IC  alwaysud|solver|r~3|datab
    Info (332115):      9.588      0.424 FF  CELL  alwaysud|solver|r~3|combout
    Info (332115):      9.974      0.386 FF    IC  alwaysud|solver|Mux3~13|datab
    Info (332115):     10.419      0.445 FR  CELL  alwaysud|solver|Mux3~13|combout
    Info (332115):     11.075      0.656 RR    IC  alwaysud|solver|Mux3~14|datad
    Info (332115):     11.220      0.145 RF  CELL  alwaysud|solver|Mux3~14|combout
    Info (332115):     11.454      0.234 FF    IC  alwaysud|solver|Mux3~15|datad
    Info (332115):     11.585      0.131 FF  CELL  alwaysud|solver|Mux3~15|combout
    Info (332115):     11.827      0.242 FF    IC  alwaysud|solver|Mux3~20|datac
    Info (332115):     12.130      0.303 FF  CELL  alwaysud|solver|Mux3~20|combout
    Info (332115):     12.411      0.281 FF    IC  alwaysud|solver|Add1~0|datab
    Info (332115):     12.892      0.481 FF  CELL  alwaysud|solver|Add1~0|cout
    Info (332115):     12.892      0.000 FF    IC  alwaysud|solver|Add1~2|cin
    Info (332115):     13.394      0.502 FF  CELL  alwaysud|solver|Add1~2|combout
    Info (332115):     13.668      0.274 FF    IC  alwaysud|solver|first_empty[1]~1|datad
    Info (332115):     13.799      0.131 FF  CELL  alwaysud|solver|first_empty[1]~1|combout
    Info (332115):     14.775      0.976 FF    IC  alwaysud|solver|Mux7~76|datad
    Info (332115):     14.936      0.161 FR  CELL  alwaysud|solver|Mux7~76|combout
    Info (332115):     15.140      0.204 RR    IC  alwaysud|solver|Mux7~77|datad
    Info (332115):     15.306      0.166 RR  CELL  alwaysud|solver|Mux7~77|combout
    Info (332115):     16.420      1.114 RR    IC  alwaysud|solver|Mux7~83|dataa
    Info (332115):     16.785      0.365 RR  CELL  alwaysud|solver|Mux7~83|combout
    Info (332115):     16.988      0.203 RR    IC  alwaysud|solver|Mux7~89|datad
    Info (332115):     17.133      0.145 RF  CELL  alwaysud|solver|Mux7~89|combout
    Info (332115):     17.374      0.241 FF    IC  alwaysud|solver|Mux7~90|datac
    Info (332115):     17.677      0.303 FF  CELL  alwaysud|solver|Mux7~90|combout
    Info (332115):     17.916      0.239 FF    IC  alwaysud|solver|Mux7~113|datad
    Info (332115):     18.077      0.161 FR  CELL  alwaysud|solver|Mux7~113|combout
    Info (332115):     18.829      0.752 RR    IC  alwaysud|solver|Mux7~114|datad
    Info (332115):     18.995      0.166 RR  CELL  alwaysud|solver|Mux7~114|combout
    Info (332115):     19.484      0.489 RR    IC  alwaysud|solver|Add2~8|dataa
    Info (332115):     19.990      0.506 RF  CELL  alwaysud|solver|Add2~8|cout
    Info (332115):     19.990      0.000 FF    IC  alwaysud|solver|Add2~10|cin
    Info (332115):     20.049      0.059 FR  CELL  alwaysud|solver|Add2~10|cout
    Info (332115):     20.049      0.000 RR    IC  alwaysud|solver|Add2~12|cin
    Info (332115):     20.686      0.637 RR  CELL  alwaysud|solver|Add2~12|combout
    Info (332115):     22.314      1.628 RR    IC  alwaysud|solver|pick_bit[7]|datad
    Info (332115):     22.480      0.166 RR  CELL  alwaysud|solver|pick_bit[7]|combout
    Info (332115):     24.134      1.654 RR    IC  alwaysud|solver|sol[8][7]~90|datad
    Info (332115):     24.300      0.166 RR  CELL  alwaysud|solver|sol[8][7]~90|combout
    Info (332115):     24.300      0.000 RR    IC  alwaysud|solver|sol[8][7]|d
    Info (332115):     24.389      0.089 RR  CELL  alwaysud:alwaysud|alwaysud_solver:solver|sol[8][7]
    Info (332115): Data Required Path:
    Info (332115): Total (ns)  Incr (ns)     Type  Element
    Info (332115): ==========  ========= ==  ====  ===================================
    Info (332115):      1.000      1.000           latch edge time
    Info (332115):      1.000      0.000           source latency
    Info (332115):      1.000      0.000           clk
    Info (332115):      1.000      0.000 RR    IC  clk~input|i
    Info (332115):      1.769      0.769 RR  CELL  clk~input|o
    Info (332115):      2.627      0.858 RR    IC  clk~inputclkctrl|inclk[0]
    Info (332115):      2.627      0.000 RR  CELL  clk~inputclkctrl|outclk
    Info (332115):      4.005      1.378 RR    IC  alwaysud|solver|sol[8][7]|clk
    Info (332115):      4.480      0.475 RR  CELL  alwaysud:alwaysud|alwaysud_solver:solver|sol[8][7]
    Info (332115):      4.539      0.059           clock pessimism removed
    Info (332115):      4.519     -0.020           clock uncertainty
    Info (332115):      4.532      0.013     uTsu  alwaysud:alwaysud|alwaysud_solver:solver|sol[8][7]
    Info (332115): Data Arrival Time  :    24.389
    Info (332115): Data Required Time :     4.532
    Info (332115): Slack              :   -19.857 (VIOLATED)
    Info (332115): ===================================================================
Info (23030): Evaluation of Tcl script /data/project/tsmc65/shared/qsyn/util/report_worst.tcl was successful
Info: Quartus Prime Timing Analyzer was successful. 0 errors, 1 warning
    Info: Peak virtual memory: 784 megabytes
    Info: Processing ended: Fri Sep  4 16:57:40 2026
    Info: Elapsed time: 00:00:05
    Info: Total CPU time (on all processors): 00:00:00
